timestamp,equity,drawdown_pct
2020-12-11 00:00:00,10000.0,0.0
2020-12-11 04:00:00,10000.0,0.0
2020-12-11 08:00:00,10000.0,0.0
2020-12-11 12:00:00,10000.0,0.0
2020-12-11 16:00:00,10000.0,0.0
2020-12-11 20:00:00,10000.0,0.0
2020-12-12 00:00:00,10000.0,0.0
2020-12-12 04:00:00,10000.0,0.0
2020-12-12 08:00:00,10000.0,0.0
2020-12-12 12:00:00,10000.0,0.0
2020-12-12 16:00:00,10000.0,0.0
2020-12-12 20:00:00,10000.0,0.0
2020-12-13 00:00:00,10000.0,0.0
2020-12-13 04:00:00,10208.695593471544,0.0
2020-12-13 08:00:00,10208.695593471544,0.0
2020-12-13 12:00:00,10208.695593471544,0.0
2020-12-13 16:00:00,10208.695593471544,0.0
2020-12-13 20:00:00,10208.695593471544,0.0
2020-12-14 00:00:00,10208.695593471544,0.0
2020-12-14 04:00:00,10136.014296457512,0.0071195478745112485
2020-12-14 08:00:00,10111.331050985988,0.00953741264925377
2020-12-14 12:00:00,10158.141970958122,0.004952015862413506
2020-12-14 16:00:00,10146.043396840656,0.006137140250411064
2020-12-14 20:00:00,10194.669402999567,0.0013739454118846543
2020-12-15 00:00:00,10297.946143431816,0.0
2020-12-15 04:00:00,9994.90392824896,0.02942744222605416
2020-12-15 08:00:00,10042.869786257841,0.024769634024224028
2020-12-15 12:00:00,10097.750932535542,0.019440304708134605
2020-12-15 16:00:00,10161.282550778795,0.01327095624210345
2020-12-15 20:00:00,10109.302699594204,0.018318550243917552
2020-12-16 00:00:00,10069.343166555556,0.022198890311935303
2020-12-16 04:00:00,10169.455031283032,0.01247735328570712
2020-12-16 08:00:00,10458.942849192981,0.0
2020-12-16 12:00:00,10458.942849192981,0.0
2020-12-16 16:00:00,10458.942849192981,0.0
2020-12-16 20:00:00,10458.942849192981,0.0
2020-12-17 00:00:00,10458.942849192981,0.0
2020-12-17 04:00:00,10777.79691264047,0.0
2020-12-17 08:00:00,10777.79691264047,0.0
2020-12-17 12:00:00,10777.79691264047,0.0
2020-12-17 16:00:00,10777.79691264047,0.0
2020-12-17 20:00:00,10777.79691264047,0.0
2020-12-18 00:00:00,10777.79691264047,0.0
2020-12-18 04:00:00,10905.098987182742,0.0
2020-12-18 08:00:00,10820.188940229198,0.007786270170802013
2020-12-18 12:00:00,10651.600496842431,0.02324586788604664
2020-12-18 16:00:00,10758.235241426246,0.01346743811579446
2020-12-18 20:00:00,10930.78719042657,0.0
2020-12-19 00:00:00,10926.10759473235,0.00042811149944617415
2020-12-19 04:00:00,10680.135063910237,0.022930839485728945
2020-12-19 08:00:00,10714.91597432267,0.019748917652789463
2020-12-19 12:00:00,11351.595501259713,0.0
2020-12-19 16:00:00,11445.85557869975,0.0
2020-12-19 20:00:00,11445.85557869975,0.0
2020-12-20 00:00:00,11445.85557869975,0.0
2020-12-20 04:00:00,11609.592098380494,0.0
2020-12-20 08:00:00,11571.657172672056,0.0032675502624876502
2020-12-20 12:00:00,11704.805615180567,0.0
2020-12-20 16:00:00,11704.805615180567,0.0
2020-12-20 20:00:00,11704.805615180567,0.0
2020-12-21 00:00:00,11704.805615180567,0.0
2020-12-21 04:00:00,11744.082574263095,0.0
2020-12-21 08:00:00,11062.96801390212,0.057996404236259604
2020-12-21 12:00:00,11062.96801390212,0.057996404236259604
2020-12-21 16:00:00,11062.96801390212,0.057996404236259604
2020-12-21 20:00:00,11062.96801390212,0.057996404236259604
2020-12-22 00:00:00,11062.96801390212,0.057996404236259604
2020-12-22 04:00:00,11062.96801390212,0.057996404236259604
2020-12-22 08:00:00,11062.96801390212,0.057996404236259604
2020-12-22 12:00:00,11062.96801390212,0.057996404236259604
2020-12-22 16:00:00,11062.96801390212,0.057996404236259604
2020-12-22 20:00:00,11062.96801390212,0.057996404236259604
2020-12-23 00:00:00,11062.96801390212,0.057996404236259604
2020-12-23 04:00:00,11062.96801390212,0.057996404236259604
2020-12-23 08:00:00,11062.96801390212,0.057996404236259604
2020-12-23 12:00:00,11062.96801390212,0.057996404236259604
2020-12-23 16:00:00,11062.96801390212,0.057996404236259604
2020-12-23 20:00:00,11062.96801390212,0.057996404236259604
2020-12-24 00:00:00,11062.96801390212,0.057996404236259604
2020-12-24 04:00:00,11062.96801390212,0.057996404236259604
2020-12-24 08:00:00,11062.96801390212,0.057996404236259604
2020-12-24 12:00:00,11062.96801390212,0.057996404236259604
2020-12-24 16:00:00,11062.96801390212,0.057996404236259604
2020-12-24 20:00:00,11062.96801390212,0.057996404236259604
2020-12-25 00:00:00,11062.96801390212,0.057996404236259604
2020-12-25 04:00:00,11137.169219071053,0.051678226149574236
2020-12-25 08:00:00,11571.255118354744,0.014716130852749518
2020-12-25 12:00:00,11571.255118354744,0.014716130852749518
2020-12-25 16:00:00,11571.255118354744,0.014716130852749518
2020-12-25 20:00:00,11571.255118354744,0.014716130852749518
2020-12-26 00:00:00,11571.255118354744,0.014716130852749518
2020-12-26 04:00:00,11512.743040457954,0.01969839128278245
2020-12-26 08:00:00,11537.678345082968,0.017575168419920465
2020-12-26 12:00:00,11908.971255221903,0.0
2020-12-26 16:00:00,11908.971255221903,0.0
2020-12-26 20:00:00,11908.971255221903,0.0
2020-12-27 00:00:00,11908.971255221903,0.0
2020-12-27 04:00:00,12398.030109758427,0.0
2020-12-27 08:00:00,12398.030109758427,0.0
2020-12-27 12:00:00,12398.030109758427,0.0
2020-12-27 16:00:00,12398.030109758427,0.0
2020-12-27 20:00:00,12398.030109758427,0.0
2020-12-28 00:00:00,12398.030109758427,0.0
2020-12-28 04:00:00,12247.862504054629,0.012112214954664637
2020-12-28 08:00:00,12149.82254333058,0.020019919634852664
2020-12-28 12:00:00,12149.82254333058,0.020019919634852664
2020-12-28 16:00:00,12149.82254333058,0.020019919634852664
2020-12-28 20:00:00,12149.82254333058,0.020019919634852664
2020-12-29 00:00:00,12149.82254333058,0.020019919634852664
2020-12-29 04:00:00,12149.82254333058,0.020019919634852664
2020-12-29 08:00:00,12149.82254333058,0.020019919634852664
2020-12-29 12:00:00,12149.82254333058,0.020019919634852664
2020-12-29 16:00:00,12149.82254333058,0.020019919634852664
2020-12-29 20:00:00,12149.82254333058,0.020019919634852664
2020-12-30 00:00:00,12149.82254333058,0.020019919634852664
2020-12-30 04:00:00,12292.285967197997,0.008529108384500494
2020-12-30 08:00:00,12018.380647900127,0.03062175672242318
2020-12-30 12:00:00,12175.844618003677,0.0179210317919674
2020-12-30 16:00:00,12453.890057256038,0.0
2020-12-30 20:00:00,12453.890057256038,0.0
2020-12-31 00:00:00,12453.890057256038,0.0
2020-12-31 04:00:00,12530.638832668223,0.0
2020-12-31 08:00:00,12408.158317601023,0.009774482905682754
2020-12-31 12:00:00,12338.00341249071,0.01537315237873575
2020-12-31 16:00:00,12401.912390554822,0.010272935309395555
2020-12-31 20:00:00,12414.80670419938,0.00924391246253627
2021-01-01 00:00:00,12592.186796932776,0.0
2021-01-01 04:00:00,12394.92644922513,0.015665297131368425
2021-01-01 08:00:00,12615.575658311544,0.0
2021-01-01 12:00:00,12490.743509149052,0.009895081488433592
2021-01-01 16:00:00,12331.102020413784,0.022549398109339484
2021-01-01 20:00:00,12633.740439225468,0.0
2021-01-02 00:00:00,12653.988360692476,0.0
2021-01-02 04:00:00,13193.93860497741,0.0
2021-01-02 08:00:00,13198.927289087915,0.0
2021-01-02 12:00:00,15050.298886894085,0.0
2021-01-02 16:00:00,15050.298886894085,0.0
2021-01-02 20:00:00,15050.298886894085,0.0
2021-01-03 00:00:00,15050.298886894085,0.0
2021-01-03 04:00:00,15923.928659163465,0.0
2021-01-03 08:00:00,15923.928659163465,0.0
2021-01-03 12:00:00,15923.928659163465,0.0
2021-01-03 16:00:00,15923.928659163465,0.0
2021-01-03 20:00:00,15923.928659163465,0.0
2021-01-04 00:00:00,15923.928659163465,0.0
2021-01-04 04:00:00,15177.628779115172,0.046866567668201194
2021-01-04 08:00:00,15177.628779115172,0.046866567668201194
2021-01-04 12:00:00,15177.628779115172,0.046866567668201194
2021-01-04 16:00:00,15177.628779115172,0.046866567668201194
2021-01-04 20:00:00,15177.628779115172,0.046866567668201194
2021-01-05 00:00:00,15177.628779115172,0.046866567668201194
2021-01-05 04:00:00,15177.628779115172,0.046866567668201194
2021-01-05 08:00:00,15177.628779115172,0.046866567668201194
2021-01-05 12:00:00,15177.628779115172,0.046866567668201194
2021-01-05 16:00:00,15177.628779115172,0.046866567668201194
2021-01-05 20:00:00,15177.628779115172,0.046866567668201194
2021-01-06 00:00:00,15177.628779115172,0.046866567668201194
2021-01-06 04:00:00,15464.801736043648,0.028832515703064953
2021-01-06 08:00:00,15525.356875510906,0.02502973934282223
2021-01-06 12:00:00,15525.356875510906,0.02502973934282223
2021-01-06 16:00:00,15525.356875510906,0.02502973934282223
2021-01-06 20:00:00,15525.356875510906,0.02502973934282223
2021-01-07 00:00:00,15525.356875510906,0.02502973934282223
2021-01-07 04:00:00,15157.224158077359,0.0481479487566596
2021-01-07 08:00:00,15157.224158077359,0.0481479487566596
2021-01-07 12:00:00,15157.224158077359,0.0481479487566596
2021-01-07 16:00:00,15157.224158077359,0.0481479487566596
2021-01-07 20:00:00,15157.224158077359,0.0481479487566596
2021-01-08 00:00:00,15157.224158077359,0.0481479487566596
2021-01-08 04:00:00,15471.34460429981,0.028421632911750993
2021-01-08 08:00:00,16552.126568240306,0.0
2021-01-08 12:00:00,16552.126568240306,0.0
2021-01-08 16:00:00,16552.126568240306,0.0
2021-01-08 20:00:00,16552.126568240306,0.0
2021-01-09 00:00:00,16552.126568240306,0.0
2021-01-09 04:00:00,16270.21984829593,0.017031450235844004
2021-01-09 08:00:00,16733.790945367095,0.0
2021-01-09 12:00:00,16713.473191553232,0.001214175190797855
2021-01-09 16:00:00,16783.84646613761,0.0
2021-01-09 20:00:00,16494.99194684134,0.01721026940272905
2021-01-10 00:00:00,16609.1940025465,0.010405985537551227
2021-01-10 04:00:00,17278.227179700596,0.0
2021-01-10 08:00:00,15381.451074795277,0.1097783982799899
2021-01-10 12:00:00,15381.451074795277,0.1097783982799899
2021-01-10 16:00:00,15381.451074795277,0.1097783982799899
2021-01-10 20:00:00,15381.451074795277,0.1097783982799899
2021-01-11 00:00:00,15381.451074795277,0.1097783982799899
2021-01-11 04:00:00,15381.451074795277,0.1097783982799899
2021-01-11 08:00:00,15381.451074795277,0.1097783982799899
2021-01-11 12:00:00,15381.451074795277,0.1097783982799899
2021-01-11 16:00:00,15381.451074795277,0.1097783982799899
2021-01-11 20:00:00,15381.451074795277,0.1097783982799899
2021-01-12 00:00:00,15381.451074795277,0.1097783982799899
2021-01-12 04:00:00,15381.451074795277,0.1097783982799899
2021-01-12 08:00:00,15381.451074795277,0.1097783982799899
2021-01-12 12:00:00,15381.451074795277,0.1097783982799899
2021-01-12 16:00:00,15381.451074795277,0.1097783982799899
2021-01-12 20:00:00,15381.451074795277,0.1097783982799899
2021-01-13 00:00:00,15381.451074795277,0.1097783982799899
2021-01-13 04:00:00,15381.451074795277,0.1097783982799899
2021-01-13 08:00:00,15381.451074795277,0.1097783982799899
2021-01-13 12:00:00,15381.451074795277,0.1097783982799899
2021-01-13 16:00:00,15381.451074795277,0.1097783982799899
2021-01-13 20:00:00,15381.451074795277,0.1097783982799899
2021-01-14 00:00:00,15381.451074795277,0.1097783982799899
2021-01-14 04:00:00,15891.167276764792,0.08027790632162755
2021-01-14 08:00:00,15891.167276764792,0.08027790632162755
2021-01-14 12:00:00,15891.167276764792,0.08027790632162755
2021-01-14 16:00:00,15891.167276764792,0.08027790632162755
2021-01-14 20:00:00,15891.167276764792,0.08027790632162755
2021-01-15 00:00:00,15891.167276764792,0.08027790632162755
2021-01-15 04:00:00,15776.53901167893,0.08691216711086724
2021-01-15 08:00:00,15537.128436351504,0.10076836733543067
2021-01-15 12:00:00,15537.128436351504,0.10076836733543067
2021-01-15 16:00:00,15537.128436351504,0.10076836733543067
2021-01-15 20:00:00,15537.128436351504,0.10076836733543067
2021-01-16 00:00:00,15537.128436351504,0.10076836733543067
2021-01-16 04:00:00,15537.128436351504,0.10076836733543067
2021-01-16 08:00:00,15537.128436351504,0.10076836733543067
2021-01-16 12:00:00,15537.128436351504,0.10076836733543067
2021-01-16 16:00:00,15537.128436351504,0.10076836733543067
2021-01-16 20:00:00,15537.128436351504,0.10076836733543067
2021-01-17 00:00:00,15537.128436351504,0.10076836733543067
2021-01-17 04:00:00,15537.128436351504,0.10076836733543067
2021-01-17 08:00:00,15537.128436351504,0.10076836733543067
2021-01-17 12:00:00,15537.128436351504,0.10076836733543067
2021-01-17 16:00:00,15537.128436351504,0.10076836733543067
2021-01-17 20:00:00,15537.128436351504,0.10076836733543067
2021-01-18 00:00:00,15537.128436351504,0.10076836733543067
2021-01-18 04:00:00,15537.128436351504,0.10076836733543067
2021-01-18 08:00:00,15537.128436351504,0.10076836733543067
2021-01-18 12:00:00,15537.128436351504,0.10076836733543067
2021-01-18 16:00:00,15537.128436351504,0.10076836733543067
2021-01-18 20:00:00,15537.128436351504,0.10076836733543067
2021-01-19 00:00:00,15537.128436351504,0.10076836733543067
2021-01-19 04:00:00,15537.128436351504,0.10076836733543067
2021-01-19 08:00:00,15537.128436351504,0.10076836733543067
2021-01-19 12:00:00,15537.128436351504,0.10076836733543067
2021-01-19 16:00:00,15537.128436351504,0.10076836733543067
2021-01-19 20:00:00,15537.128436351504,0.10076836733543067
2021-01-20 00:00:00,15537.128436351504,0.10076836733543067
2021-01-20 04:00:00,15537.128436351504,0.10076836733543067
2021-01-20 08:00:00,15537.128436351504,0.10076836733543067
2021-01-20 12:00:00,15537.128436351504,0.10076836733543067
2021-01-20 16:00:00,15537.128436351504,0.10076836733543067
2021-01-20 20:00:00,15537.128436351504,0.10076836733543067
2021-01-21 00:00:00,15537.128436351504,0.10076836733543067
2021-01-21 04:00:00,15537.128436351504,0.10076836733543067
2021-01-21 08:00:00,15537.128436351504,0.10076836733543067
2021-01-21 12:00:00,15537.128436351504,0.10076836733543067
2021-01-21 16:00:00,15537.128436351504,0.10076836733543067
2021-01-21 20:00:00,15537.128436351504,0.10076836733543067
2021-01-22 00:00:00,15537.128436351504,0.10076836733543067
2021-01-22 04:00:00,15537.128436351504,0.10076836733543067
2021-01-22 08:00:00,15537.128436351504,0.10076836733543067
2021-01-22 12:00:00,15537.128436351504,0.10076836733543067
2021-01-22 16:00:00,15537.128436351504,0.10076836733543067
2021-01-22 20:00:00,15537.128436351504,0.10076836733543067
2021-01-23 00:00:00,15537.128436351504,0.10076836733543067
2021-01-23 04:00:00,15537.128436351504,0.10076836733543067
2021-01-23 08:00:00,15537.128436351504,0.10076836733543067
2021-01-23 12:00:00,15537.128436351504,0.10076836733543067
2021-01-23 16:00:00,15537.128436351504,0.10076836733543067
2021-01-23 20:00:00,15537.128436351504,0.10076836733543067
2021-01-24 00:00:00,15537.128436351504,0.10076836733543067
2021-01-24 04:00:00,15537.128436351504,0.10076836733543067
2021-01-24 08:00:00,15537.128436351504,0.10076836733543067
2021-01-24 12:00:00,15537.128436351504,0.10076836733543067
2021-01-24 16:00:00,15537.128436351504,0.10076836733543067
2021-01-24 20:00:00,15537.128436351504,0.10076836733543067
2021-01-25 00:00:00,15537.128436351504,0.10076836733543067
2021-01-25 04:00:00,15409.590341927295,0.10814980138521839
2021-01-25 08:00:00,15328.740261159342,0.11282910557117903
2021-01-25 12:00:00,15913.521478486942,0.07898412765500529
2021-01-25 16:00:00,15913.521478486942,0.07898412765500529
2021-01-25 20:00:00,15913.521478486942,0.07898412765500529
2021-01-26 00:00:00,15913.521478486942,0.07898412765500529
2021-01-26 04:00:00,15913.521478486942,0.07898412765500529
2021-01-26 08:00:00,15913.521478486942,0.07898412765500529
2021-01-26 12:00:00,15913.521478486942,0.07898412765500529
2021-01-26 16:00:00,15913.521478486942,0.07898412765500529
2021-01-26 20:00:00,15913.521478486942,0.07898412765500529
2021-01-27 00:00:00,15913.521478486942,0.07898412765500529
2021-01-27 04:00:00,15913.521478486942,0.07898412765500529
2021-01-27 08:00:00,15913.521478486942,0.07898412765500529
2021-01-27 12:00:00,15913.521478486942,0.07898412765500529
2021-01-27 16:00:00,15913.521478486942,0.07898412765500529
2021-01-27 20:00:00,15913.521478486942,0.07898412765500529
2021-01-28 00:00:00,15913.521478486942,0.07898412765500529
2021-01-28 04:00:00,15913.521478486942,0.07898412765500529
2021-01-28 08:00:00,15913.521478486942,0.07898412765500529
2021-01-28 12:00:00,15913.521478486942,0.07898412765500529
2021-01-28 16:00:00,15913.521478486942,0.07898412765500529
2021-01-28 20:00:00,15913.521478486942,0.07898412765500529
2021-01-29 00:00:00,15913.521478486942,0.07898412765500529
2021-01-29 04:00:00,15913.521478486942,0.07898412765500529
2021-01-29 08:00:00,15913.521478486942,0.07898412765500529
2021-01-29 12:00:00,15913.521478486942,0.07898412765500529
2021-01-29 16:00:00,15913.521478486942,0.07898412765500529
2021-01-29 20:00:00,15913.521478486942,0.07898412765500529
2021-01-30 00:00:00,15913.521478486942,0.07898412765500529
2021-01-30 04:00:00,15913.521478486942,0.07898412765500529
2021-01-30 08:00:00,15913.521478486942,0.07898412765500529
2021-01-30 12:00:00,15913.521478486942,0.07898412765500529
2021-01-30 16:00:00,15913.521478486942,0.07898412765500529
2021-01-30 20:00:00,15913.521478486942,0.07898412765500529
2021-01-31 00:00:00,15913.521478486942,0.07898412765500529
2021-01-31 04:00:00,15913.521478486942,0.07898412765500529
2021-01-31 08:00:00,15913.521478486942,0.07898412765500529
2021-01-31 12:00:00,15913.521478486942,0.07898412765500529
2021-01-31 16:00:00,15913.521478486942,0.07898412765500529
2021-01-31 20:00:00,15913.521478486942,0.07898412765500529
2021-02-01 00:00:00,15913.521478486942,0.07898412765500529
2021-02-01 04:00:00,15913.521478486942,0.07898412765500529
2021-02-01 08:00:00,15913.521478486942,0.07898412765500529
2021-02-01 12:00:00,15913.521478486942,0.07898412765500529
2021-02-01 16:00:00,15913.521478486942,0.07898412765500529
2021-02-01 20:00:00,15913.521478486942,0.07898412765500529
2021-02-02 00:00:00,15913.521478486942,0.07898412765500529
2021-02-02 04:00:00,15913.521478486942,0.07898412765500529
2021-02-02 08:00:00,15913.521478486942,0.07898412765500529
2021-02-02 12:00:00,15913.521478486942,0.07898412765500529
2021-02-02 16:00:00,15913.521478486942,0.07898412765500529
2021-02-02 20:00:00,15913.521478486942,0.07898412765500529
2021-02-03 00:00:00,15913.521478486942,0.07898412765500529
2021-02-03 04:00:00,15861.207215816612,0.08201188404032425
2021-02-03 08:00:00,15697.122152104705,0.09150852174541725
2021-02-03 12:00:00,16137.410503864321,0.06602625743783301
2021-02-03 16:00:00,16106.848095543814,0.0677950967986451
2021-02-03 20:00:00,16473.24100837753,0.04658962768291467
2021-02-04 00:00:00,16473.24100837753,0.04658962768291467
2021-02-04 04:00:00,16643.809630549735,0.03671774555066677
2021-02-04 08:00:00,16382.976972273515,0.05181377684852242
2021-02-04 12:00:00,15971.822385122896,0.07560988641893399
2021-02-04 16:00:00,15971.822385122896,0.07560988641893399
2021-02-04 20:00:00,15971.822385122896,0.07560988641893399
2021-02-05 00:00:00,15971.822385122896,0.07560988641893399
2021-02-05 04:00:00,15971.822385122896,0.07560988641893399
2021-02-05 08:00:00,15971.822385122896,0.07560988641893399
2021-02-05 12:00:00,15971.822385122896,0.07560988641893399
2021-02-05 16:00:00,15971.822385122896,0.07560988641893399
2021-02-05 20:00:00,15971.822385122896,0.07560988641893399
2021-02-06 00:00:00,15971.822385122896,0.07560988641893399
2021-02-06 04:00:00,15950.193007296866,0.0768617149544125
2021-02-06 08:00:00,16370.626233844167,0.052528591991354796
2021-02-06 12:00:00,16655.25464874102,0.0360553501514019
2021-02-06 16:00:00,16655.25464874102,0.0360553501514019
2021-02-06 20:00:00,16655.25464874102,0.0360553501514019
2021-02-07 00:00:00,16655.25464874102,0.0360553501514019
2021-02-07 04:00:00,16655.25464874102,0.0360553501514019
2021-02-07 08:00:00,16655.25464874102,0.0360553501514019
2021-02-07 12:00:00,16655.25464874102,0.0360553501514019
2021-02-07 16:00:00,16655.25464874102,0.0360553501514019
2021-02-07 20:00:00,16655.25464874102,0.0360553501514019
2021-02-08 00:00:00,16655.25464874102,0.0360553501514019
2021-02-08 04:00:00,16655.25464874102,0.0360553501514019
2021-02-08 08:00:00,16655.25464874102,0.0360553501514019
2021-02-08 12:00:00,16655.25464874102,0.0360553501514019
2021-02-08 16:00:00,16655.25464874102,0.0360553501514019
2021-02-08 20:00:00,16655.25464874102,0.0360553501514019
2021-02-09 00:00:00,16655.25464874102,0.0360553501514019
2021-02-09 04:00:00,17106.553303035824,0.009935850181809399
2021-02-09 08:00:00,16544.299167649096,0.04247704376255443
2021-02-09 12:00:00,16740.64532571665,0.031113253020282436
2021-02-09 16:00:00,16883.91276324596,0.022821462662436672
2021-02-09 20:00:00,16564.022421453734,0.04133553464825077
2021-02-10 00:00:00,16464.33900943903,0.04710484251635293
2021-02-10 04:00:00,16816.088705211852,0.0267468687430901
2021-02-10 08:00:00,16838.940755817315,0.025424276421100567
2021-02-10 12:00:00,14523.502397437018,0.1594333002809443
2021-02-10 16:00:00,14523.502397437018,0.1594333002809443
2021-02-10 20:00:00,14523.502397437018,0.1594333002809443
2021-02-11 00:00:00,14523.502397437018,0.1594333002809443
2021-02-11 04:00:00,14523.502397437018,0.1594333002809443
2021-02-11 08:00:00,14523.502397437018,0.1594333002809443
2021-02-11 12:00:00,14523.502397437018,0.1594333002809443
2021-02-11 16:00:00,14523.502397437018,0.1594333002809443
2021-02-11 20:00:00,14523.502397437018,0.1594333002809443
2021-02-12 00:00:00,14523.502397437018,0.1594333002809443
2021-02-12 04:00:00,14523.502397437018,0.1594333002809443
2021-02-12 08:00:00,14523.502397437018,0.1594333002809443
2021-02-12 12:00:00,14523.502397437018,0.1594333002809443
2021-02-12 16:00:00,14523.502397437018,0.1594333002809443
2021-02-12 20:00:00,14523.502397437018,0.1594333002809443
2021-02-13 00:00:00,14523.502397437018,0.1594333002809443
2021-02-13 04:00:00,14073.556973873081,0.18547448025180133
2021-02-13 08:00:00,14073.556973873081,0.18547448025180133
2021-02-13 12:00:00,14073.556973873081,0.18547448025180133
2021-02-13 16:00:00,14073.556973873081,0.18547448025180133
2021-02-13 20:00:00,14073.556973873081,0.18547448025180133
2021-02-14 00:00:00,14073.556973873081,0.18547448025180133
2021-02-14 04:00:00,14727.32121331245,0.1476370196929167
2021-02-14 08:00:00,14727.32121331245,0.1476370196929167
2021-02-14 12:00:00,14727.32121331245,0.1476370196929167
2021-02-14 16:00:00,14727.32121331245,0.1476370196929167
2021-02-14 20:00:00,14727.32121331245,0.1476370196929167
2021-02-15 00:00:00,14727.32121331245,0.1476370196929167
2021-02-15 04:00:00,14727.32121331245,0.1476370196929167
2021-02-15 08:00:00,14727.32121331245,0.1476370196929167
2021-02-15 12:00:00,14727.32121331245,0.1476370196929167
2021-02-15 16:00:00,14727.32121331245,0.1476370196929167
2021-02-15 20:00:00,14727.32121331245,0.1476370196929167
2021-02-16 00:00:00,14727.32121331245,0.1476370196929167
2021-02-16 04:00:00,14507.553896934734,0.16035634061004822
2021-02-16 08:00:00,14383.556676288992,0.16753284195802337
2021-02-16 12:00:00,14404.262024064552,0.16633449287045693
2021-02-16 16:00:00,14151.3303581126,0.18097324390210848
2021-02-16 20:00:00,14151.3303581126,0.18097324390210848
2021-02-17 00:00:00,14151.3303581126,0.18097324390210848
2021-02-17 04:00:00,14794.255190910455,0.14376312818183376
2021-02-17 08:00:00,14794.255190910455,0.14376312818183376
2021-02-17 12:00:00,14794.255190910455,0.14376312818183376
2021-02-17 16:00:00,14794.255190910455,0.14376312818183376
2021-02-17 20:00:00,14794.255190910455,0.14376312818183376
2021-02-18 00:00:00,14794.255190910455,0.14376312818183376
2021-02-18 04:00:00,14743.663903223758,0.1466911651361189
2021-02-18 08:00:00,14479.711828933812,0.16196773671633583
2021-02-18 12:00:00,14585.31067497698,0.1558560653657455
2021-02-18 16:00:00,14672.660022693963,0.150800607603296
2021-02-18 20:00:00,14568.945848989924,0.1568032010768838
2021-02-19 00:00:00,14373.224728882242,0.1681308169296043
2021-02-19 04:00:00,14373.224728882242,0.1681308169296043
2021-02-19 08:00:00,14373.224728882242,0.1681308169296043
2021-02-19 12:00:00,14373.224728882242,0.1681308169296043
2021-02-19 16:00:00,14373.224728882242,0.1681308169296043
2021-02-19 20:00:00,14373.224728882242,0.1681308169296043
2021-02-20 00:00:00,14373.224728882242,0.1681308169296043
2021-02-20 04:00:00,14125.503908832705,0.1824679834382478
2021-02-20 08:00:00,14699.489819984967,0.1492477979885153
2021-02-20 12:00:00,14594.50800483108,0.15532375786923883
2021-02-20 16:00:00,14951.937640136146,0.1346370501655113
2021-02-20 20:00:00,14951.937640136146,0.1346370501655113
2021-02-21 00:00:00,14951.937640136146,0.1346370501655113
2021-02-21 04:00:00,14746.112215320803,0.14654946587081916
2021-02-21 08:00:00,15342.619521319331,0.11202582523369771
2021-02-21 12:00:00,15357.209234792364,0.11118142648136657
2021-02-21 16:00:00,15672.721261296241,0.09292075522022253
2021-02-21 20:00:00,15672.721261296241,0.09292075522022253
2021-02-22 00:00:00,15672.721261296241,0.09292075522022253
2021-02-22 04:00:00,15672.721261296241,0.09292075522022253
2021-02-22 08:00:00,15672.721261296241,0.09292075522022253
2021-02-22 12:00:00,15672.721261296241,0.09292075522022253
2021-02-22 16:00:00,15672.721261296241,0.09292075522022253
2021-02-22 20:00:00,15672.721261296241,0.09292075522022253
2021-02-23 00:00:00,15672.721261296241,0.09292075522022253
2021-02-23 04:00:00,15672.721261296241,0.09292075522022253
2021-02-23 08:00:00,15672.721261296241,0.09292075522022253
2021-02-23 12:00:00,15672.721261296241,0.09292075522022253
2021-02-23 16:00:00,15672.721261296241,0.09292075522022253
2021-02-23 20:00:00,15672.721261296241,0.09292075522022253
2021-02-24 00:00:00,15672.721261296241,0.09292075522022253
2021-02-24 04:00:00,15672.721261296241,0.09292075522022253
2021-02-24 08:00:00,15672.721261296241,0.09292075522022253
2021-02-24 12:00:00,15672.721261296241,0.09292075522022253
2021-02-24 16:00:00,15672.721261296241,0.09292075522022253
2021-02-24 20:00:00,15672.721261296241,0.09292075522022253
2021-02-25 00:00:00,15672.721261296241,0.09292075522022253
2021-02-25 04:00:00,15672.721261296241,0.09292075522022253
2021-02-25 08:00:00,15672.721261296241,0.09292075522022253
2021-02-25 12:00:00,15672.721261296241,0.09292075522022253
2021-02-25 16:00:00,15672.721261296241,0.09292075522022253
2021-02-25 20:00:00,15672.721261296241,0.09292075522022253
2021-02-26 00:00:00,15672.721261296241,0.09292075522022253
2021-02-26 04:00:00,15672.721261296241,0.09292075522022253
2021-02-26 08:00:00,15672.721261296241,0.09292075522022253
2021-02-26 12:00:00,15672.721261296241,0.09292075522022253
2021-02-26 16:00:00,15672.721261296241,0.09292075522022253
2021-02-26 20:00:00,15672.721261296241,0.09292075522022253
2021-02-27 00:00:00,15672.721261296241,0.09292075522022253
2021-02-27 04:00:00,15672.721261296241,0.09292075522022253
2021-02-27 08:00:00,15672.721261296241,0.09292075522022253
2021-02-27 12:00:00,15672.721261296241,0.09292075522022253
2021-02-27 16:00:00,15672.721261296241,0.09292075522022253
2021-02-27 20:00:00,15672.721261296241,0.09292075522022253
2021-02-28 00:00:00,15672.721261296241,0.09292075522022253
2021-02-28 04:00:00,15672.721261296241,0.09292075522022253
2021-02-28 08:00:00,15672.721261296241,0.09292075522022253
2021-02-28 12:00:00,15672.721261296241,0.09292075522022253
2021-02-28 16:00:00,15672.721261296241,0.09292075522022253
2021-02-28 20:00:00,15672.721261296241,0.09292075522022253
2021-03-01 00:00:00,15672.721261296241,0.09292075522022253
2021-03-01 04:00:00,15672.721261296241,0.09292075522022253
2021-03-01 08:00:00,15672.721261296241,0.09292075522022253
2021-03-01 12:00:00,15672.721261296241,0.09292075522022253
2021-03-01 16:00:00,15672.721261296241,0.09292075522022253
2021-03-01 20:00:00,15672.721261296241,0.09292075522022253
2021-03-02 00:00:00,15672.721261296241,0.09292075522022253
2021-03-02 04:00:00,15337.050328053276,0.11234814957913743
2021-03-02 08:00:00,15593.298433465243,0.09751745527544049
2021-03-02 12:00:00,15509.26483066848,0.10238100996324374
2021-03-02 16:00:00,14855.089195806671,0.14024228057035618
2021-03-02 20:00:00,14855.089195806671,0.14024228057035618
2021-03-03 00:00:00,14855.089195806671,0.14024228057035618
2021-03-03 04:00:00,15380.111018116893,0.10985595581320479
2021-03-03 08:00:00,16254.373742615082,0.059256856993314275
2021-03-03 12:00:00,16254.373742615082,0.059256856993314275
2021-03-03 16:00:00,16254.373742615082,0.059256856993314275
2021-03-03 20:00:00,16254.373742615082,0.059256856993314275
2021-03-04 00:00:00,16254.373742615082,0.059256856993314275
2021-03-04 04:00:00,16254.373742615082,0.059256856993314275
2021-03-04 08:00:00,16254.373742615082,0.059256856993314275
2021-03-04 12:00:00,16254.373742615082,0.059256856993314275
2021-03-04 16:00:00,16254.373742615082,0.059256856993314275
2021-03-04 20:00:00,16254.373742615082,0.059256856993314275
2021-03-05 00:00:00,16254.373742615082,0.059256856993314275
2021-03-05 04:00:00,16254.373742615082,0.059256856993314275
2021-03-05 08:00:00,16254.373742615082,0.059256856993314275
2021-03-05 12:00:00,16254.373742615082,0.059256856993314275
2021-03-05 16:00:00,16254.373742615082,0.059256856993314275
2021-03-05 20:00:00,16254.373742615082,0.059256856993314275
2021-03-06 00:00:00,16254.373742615082,0.059256856993314275
2021-03-06 04:00:00,16254.373742615082,0.059256856993314275
2021-03-06 08:00:00,16254.373742615082,0.059256856993314275
2021-03-06 12:00:00,16254.373742615082,0.059256856993314275
2021-03-06 16:00:00,16254.373742615082,0.059256856993314275
2021-03-06 20:00:00,16254.373742615082,0.059256856993314275
2021-03-07 00:00:00,16254.373742615082,0.059256856993314275
2021-03-07 04:00:00,16254.373742615082,0.059256856993314275
2021-03-07 08:00:00,16254.373742615082,0.059256856993314275
2021-03-07 12:00:00,16254.373742615082,0.059256856993314275
2021-03-07 16:00:00,16254.373742615082,0.059256856993314275
2021-03-07 20:00:00,16254.373742615082,0.059256856993314275
2021-03-08 00:00:00,16254.373742615082,0.059256856993314275
2021-03-08 04:00:00,15785.577605467915,0.08638904667177467
2021-03-08 08:00:00,15785.577605467915,0.08638904667177467
2021-03-08 12:00:00,15785.577605467915,0.08638904667177467
2021-03-08 16:00:00,15785.577605467915,0.08638904667177467
2021-03-08 20:00:00,15785.577605467915,0.08638904667177467
2021-03-09 00:00:00,15785.577605467915,0.08638904667177467
2021-03-09 04:00:00,15657.402057225989,0.09380737419512813
2021-03-09 08:00:00,16000.602948331782,0.07394417367482221
2021-03-09 12:00:00,15932.442257617982,0.07788906281216833
2021-03-09 16:00:00,15938.31704737809,0.07754905166987881
2021-03-09 20:00:00,16326.168372700491,0.05510164886121162
2021-03-10 00:00:00,15617.801043056628,0.09609933469301335
2021-03-10 04:00:00,16305.658532409172,0.05628868269738059
2021-03-10 08:00:00,16930.927368447345,0.020100430885714834
2021-03-10 12:00:00,17598.23259664247,0.0
2021-03-10 16:00:00,17598.23259664247,0.0
2021-03-10 20:00:00,17598.23259664247,0.0
2021-03-11 00:00:00,17598.23259664247,0.0
2021-03-11 04:00:00,17068.010864547618,0.030129260377886533
2021-03-11 08:00:00,17068.010864547618,0.030129260377886533
2021-03-11 12:00:00,17068.010864547618,0.030129260377886533
2021-03-11 16:00:00,17068.010864547618,0.030129260377886533
2021-03-11 20:00:00,17068.010864547618,0.030129260377886533
2021-03-12 00:00:00,17068.010864547618,0.030129260377886533
2021-03-12 04:00:00,16851.737444473634,0.04241875700127164
2021-03-12 08:00:00,16766.277999004793,0.04727489496850966
2021-03-12 12:00:00,16994.740318196757,0.03429277770546408
2021-03-12 16:00:00,16987.45946745903,0.034706503953128055
2021-03-12 20:00:00,17127.10332592646,0.02677139696436879
2021-03-13 00:00:00,16863.392914918353,0.041756447852855066
2021-03-13 04:00:00,17188.070779967038,0.023306989177633925
2021-03-13 08:00:00,18368.404801566412,0.0
2021-03-13 12:00:00,18368.404801566412,0.0
2021-03-13 16:00:00,18368.404801566412,0.0
2021-03-13 20:00:00,18368.404801566412,0.0
2021-03-14 00:00:00,18368.404801566412,0.0
2021-03-14 04:00:00,17866.21068188535,0.027340105202724858
2021-03-14 08:00:00,17866.21068188535,0.027340105202724858
2021-03-14 12:00:00,17866.21068188535,0.027340105202724858
2021-03-14 16:00:00,17866.21068188535,0.027340105202724858
2021-03-14 20:00:00,17866.21068188535,0.027340105202724858
2021-03-15 00:00:00,17866.21068188535,0.027340105202724858
2021-03-15 04:00:00,16521.4957499102,0.10054814621129832
2021-03-15 08:00:00,16521.4957499102,0.10054814621129832
2021-03-15 12:00:00,16521.4957499102,0.10054814621129832
2021-03-15 16:00:00,16521.4957499102,0.10054814621129832
2021-03-15 20:00:00,16521.4957499102,0.10054814621129832
2021-03-16 00:00:00,16521.4957499102,0.10054814621129832
2021-03-16 04:00:00,16521.4957499102,0.10054814621129832
2021-03-16 08:00:00,16521.4957499102,0.10054814621129832
2021-03-16 12:00:00,16521.4957499102,0.10054814621129832
2021-03-16 16:00:00,16521.4957499102,0.10054814621129832
2021-03-16 20:00:00,16521.4957499102,0.10054814621129832
2021-03-17 00:00:00,16521.4957499102,0.10054814621129832
2021-03-17 04:00:00,16521.4957499102,0.10054814621129832
2021-03-17 08:00:00,16521.4957499102,0.10054814621129832
2021-03-17 12:00:00,16521.4957499102,0.10054814621129832
2021-03-17 16:00:00,16521.4957499102,0.10054814621129832
2021-03-17 20:00:00,16521.4957499102,0.10054814621129832
2021-03-18 00:00:00,16521.4957499102,0.10054814621129832
2021-03-18 04:00:00,16347.298360649198,0.11003168009150469
2021-03-18 08:00:00,16254.898509765013,0.11506204891679894
2021-03-18 12:00:00,16936.544912104997,0.07795232655909835
2021-03-18 16:00:00,15765.478403159443,0.14170672012765084
2021-03-18 20:00:00,15765.478403159443,0.14170672012765084
2021-03-19 00:00:00,15765.478403159443,0.14170672012765084
2021-03-19 04:00:00,15780.753498406268,0.14087512394867713
2021-03-19 08:00:00,16279.394082849476,0.11372847785556155
2021-03-19 12:00:00,16349.470078998376,0.1099134489019899
2021-03-19 16:00:00,16276.987217118063,0.11385951077635212
2021-03-19 20:00:00,15878.695170447721,0.13554305112583181
2021-03-20 00:00:00,16047.550312096,0.1263503561981874
2021-03-20 04:00:00,16064.873898113603,0.12540723750036092
2021-03-20 08:00:00,16419.944621003553,0.10607672259034161
2021-03-20 12:00:00,16419.944621003553,0.10607672259034161
2021-03-20 16:00:00,16419.944621003553,0.10607672259034161
2021-03-20 20:00:00,16419.944621003553,0.10607672259034161
2021-03-21 00:00:00,16419.944621003553,0.10607672259034161
2021-03-21 04:00:00,16419.944621003553,0.10607672259034161
2021-03-21 08:00:00,16419.944621003553,0.10607672259034161
2021-03-21 12:00:00,16419.944621003553,0.10607672259034161
2021-03-21 16:00:00,16419.944621003553,0.10607672259034161
2021-03-21 20:00:00,16419.944621003553,0.10607672259034161
2021-03-22 00:00:00,16419.944621003553,0.10607672259034161
2021-03-22 04:00:00,16419.944621003553,0.10607672259034161
2021-03-22 08:00:00,16419.944621003553,0.10607672259034161
2021-03-22 12:00:00,16419.944621003553,0.10607672259034161
2021-03-22 16:00:00,16419.944621003553,0.10607672259034161
2021-03-22 20:00:00,16419.944621003553,0.10607672259034161
2021-03-23 00:00:00,16419.944621003553,0.10607672259034161
2021-03-23 04:00:00,16419.944621003553,0.10607672259034161
2021-03-23 08:00:00,16419.944621003553,0.10607672259034161
2021-03-23 12:00:00,16419.944621003553,0.10607672259034161
2021-03-23 16:00:00,16419.944621003553,0.10607672259034161
2021-03-23 20:00:00,16419.944621003553,0.10607672259034161
2021-03-24 00:00:00,16419.944621003553,0.10607672259034161
2021-03-24 04:00:00,16419.944621003553,0.10607672259034161
2021-03-24 08:00:00,16419.944621003553,0.10607672259034161
2021-03-24 12:00:00,16419.944621003553,0.10607672259034161
2021-03-24 16:00:00,16419.944621003553,0.10607672259034161
2021-03-24 20:00:00,16419.944621003553,0.10607672259034161
2021-03-25 00:00:00,16419.944621003553,0.10607672259034161
2021-03-25 04:00:00,16419.944621003553,0.10607672259034161
2021-03-25 08:00:00,16419.944621003553,0.10607672259034161
2021-03-25 12:00:00,16419.944621003553,0.10607672259034161
2021-03-25 16:00:00,16419.944621003553,0.10607672259034161
2021-03-25 20:00:00,16419.944621003553,0.10607672259034161
2021-03-26 00:00:00,16419.944621003553,0.10607672259034161
2021-03-26 04:00:00,16419.944621003553,0.10607672259034161
2021-03-26 08:00:00,16419.944621003553,0.10607672259034161
2021-03-26 12:00:00,16419.944621003553,0.10607672259034161
2021-03-26 16:00:00,16419.944621003553,0.10607672259034161
2021-03-26 20:00:00,16419.944621003553,0.10607672259034161
2021-03-27 00:00:00,16419.944621003553,0.10607672259034161
2021-03-27 04:00:00,16419.944621003553,0.10607672259034161
2021-03-27 08:00:00,16419.944621003553,0.10607672259034161
2021-03-27 12:00:00,16419.944621003553,0.10607672259034161
2021-03-27 16:00:00,16419.944621003553,0.10607672259034161
2021-03-27 20:00:00,16419.944621003553,0.10607672259034161
2021-03-28 00:00:00,16419.944621003553,0.10607672259034161
2021-03-28 04:00:00,16468.581948377694,0.10342884282617214
2021-03-28 08:00:00,16261.75718513359,0.11468865365233957
2021-03-28 12:00:00,16545.406505306786,0.09924641339046301
2021-03-28 16:00:00,15931.654090385324,0.1326598982059285
2021-03-28 20:00:00,15931.654090385324,0.1326598982059285
2021-03-29 00:00:00,15931.654090385324,0.1326598982059285
2021-03-29 04:00:00,15931.654090385324,0.1326598982059285
2021-03-29 08:00:00,15931.654090385324,0.1326598982059285
2021-03-29 12:00:00,15931.654090385324,0.1326598982059285
2021-03-29 16:00:00,15931.654090385324,0.1326598982059285
2021-03-29 20:00:00,15931.654090385324,0.1326598982059285
2021-03-30 00:00:00,15931.654090385324,0.1326598982059285
2021-03-30 04:00:00,15931.654090385324,0.1326598982059285
2021-03-30 08:00:00,15931.654090385324,0.1326598982059285
2021-03-30 12:00:00,15931.654090385324,0.1326598982059285
2021-03-30 16:00:00,15931.654090385324,0.1326598982059285
2021-03-30 20:00:00,15931.654090385324,0.1326598982059285
2021-03-31 00:00:00,15931.654090385324,0.1326598982059285
2021-03-31 04:00:00,15716.80019450326,0.14435682552232465
2021-03-31 08:00:00,15637.38535839789,0.14868027314683455
2021-03-31 12:00:00,16282.240288512707,0.11357352669382605
2021-03-31 16:00:00,15906.411281669221,0.13403414975301708
2021-03-31 20:00:00,16000.115008258079,0.1289327962277035
2021-04-01 00:00:00,16189.33985145821,0.11863114808545472
2021-04-01 04:00:00,15895.80185791634,0.13461174066891288
2021-04-01 08:00:00,15662.329745660783,0.14732226805426574
2021-04-01 12:00:00,16052.635780521336,0.1260734966406878
2021-04-01 16:00:00,15996.951856939882,0.12910500232574895
2021-04-01 20:00:00,15798.377721264782,0.13991563818772465
2021-04-02 00:00:00,16898.26426091752,0.08003637531570092
2021-04-02 04:00:00,16429.177817895074,0.10557405526613645
2021-04-02 08:00:00,16554.304623786662,0.09876198817357554
2021-04-02 12:00:00,16491.561012211154,0.10217783251353463
2021-04-02 16:00:00,15824.224766742,0.1385084912004689
2021-04-02 20:00:00,15874.216631898142,0.13578686862647824
2021-04-03 00:00:00,16009.963413170408,0.12839663617359315
2021-04-03 04:00:00,16048.610102432132,0.1262926598251174
2021-04-03 08:00:00,16026.681274712173,0.12748649390907058
2021-04-03 12:00:00,15814.152516594226,0.13905683768219035
2021-04-03 16:00:00,15697.664198191454,0.1453986142088508
2021-04-03 20:00:00,14892.775214021312,0.1892178240349269
2021-04-04 00:00:00,14892.775214021312,0.1892178240349269
2021-04-04 04:00:00,14892.775214021312,0.1892178240349269
2021-04-04 08:00:00,14892.775214021312,0.1892178240349269
2021-04-04 12:00:00,14892.775214021312,0.1892178240349269
2021-04-04 16:00:00,14892.775214021312,0.1892178240349269
2021-04-04 20:00:00,14892.775214021312,0.1892178240349269
2021-04-05 00:00:00,14892.775214021312,0.1892178240349269
2021-04-05 04:00:00,14892.775214021312,0.1892178240349269
2021-04-05 08:00:00,14892.775214021312,0.1892178240349269
2021-04-05 12:00:00,14892.775214021312,0.1892178240349269
2021-04-05 16:00:00,14892.775214021312,0.1892178240349269
2021-04-05 20:00:00,14892.775214021312,0.1892178240349269
2021-04-06 00:00:00,14892.775214021312,0.1892178240349269
2021-04-06 04:00:00,14892.775214021312,0.1892178240349269
2021-04-06 08:00:00,14892.775214021312,0.1892178240349269
2021-04-06 12:00:00,14892.775214021312,0.1892178240349269
2021-04-06 16:00:00,14892.775214021312,0.1892178240349269
2021-04-06 20:00:00,14892.775214021312,0.1892178240349269
2021-04-07 00:00:00,14892.775214021312,0.1892178240349269
2021-04-07 04:00:00,14892.775214021312,0.1892178240349269
2021-04-07 08:00:00,14892.775214021312,0.1892178240349269
2021-04-07 12:00:00,14892.775214021312,0.1892178240349269
2021-04-07 16:00:00,14892.775214021312,0.1892178240349269
2021-04-07 20:00:00,14892.775214021312,0.1892178240349269
2021-04-08 00:00:00,14892.775214021312,0.1892178240349269
2021-04-08 04:00:00,14892.775214021312,0.1892178240349269
2021-04-08 08:00:00,14892.775214021312,0.1892178240349269
2021-04-08 12:00:00,14892.775214021312,0.1892178240349269
2021-04-08 16:00:00,14892.775214021312,0.1892178240349269
2021-04-08 20:00:00,14892.775214021312,0.1892178240349269
2021-04-09 00:00:00,14892.775214021312,0.1892178240349269
2021-04-09 04:00:00,14892.775214021312,0.1892178240349269
2021-04-09 08:00:00,14892.775214021312,0.1892178240349269
2021-04-09 12:00:00,14892.775214021312,0.1892178240349269
2021-04-09 16:00:00,14892.775214021312,0.1892178240349269
2021-04-09 20:00:00,14892.775214021312,0.1892178240349269
2021-04-10 00:00:00,14892.775214021312,0.1892178240349269
2021-04-10 04:00:00,15486.00327757065,0.1569217117727043
2021-04-10 08:00:00,15486.00327757065,0.1569217117727043
2021-04-10 12:00:00,15486.00327757065,0.1569217117727043
2021-04-10 16:00:00,15486.00327757065,0.1569217117727043
2021-04-10 20:00:00,15486.00327757065,0.1569217117727043
2021-04-11 00:00:00,15486.00327757065,0.1569217117727043
2021-04-11 04:00:00,15161.930527875375,0.1745646564484248
2021-04-11 08:00:00,15195.094010425737,0.17275919305034387
2021-04-11 12:00:00,15156.893267667881,0.17483889148744483
2021-04-11 16:00:00,15186.916369366185,0.17320439453342829
2021-04-11 20:00:00,15335.35319361442,0.16512329953079757
2021-04-12 00:00:00,15518.605804866904,0.1551467875128974
2021-04-12 04:00:00,15843.302007779854,0.13746990122796204
2021-04-12 08:00:00,15373.767210049551,0.16303199019554956
2021-04-12 12:00:00,15119.07462480845,0.17689778790594088
2021-04-12 16:00:00,15222.629512950856,0.17126012425136078
2021-04-12 20:00:00,14992.196566746677,0.18380519545887947
2021-04-13 00:00:00,15625.598745701705,0.14932195176963908
2021-04-13 04:00:00,16456.807945641416,0.10406983494625399
2021-04-13 08:00:00,19138.305086883942,0.0
2021-04-13 12:00:00,19138.305086883942,0.0
2021-04-13 16:00:00,19138.305086883942,0.0
2021-04-13 20:00:00,19138.305086883942,0.0
2021-04-14 00:00:00,19138.305086883942,0.0
2021-04-14 04:00:00,19430.781740431314,0.0
2021-04-14 08:00:00,19541.976685492322,0.0
2021-04-14 12:00:00,18808.8685534458,0.037514533142942945
2021-04-14 16:00:00,18324.8875669226,0.06228075788634376
2021-04-14 20:00:00,18324.8875669226,0.06228075788634376
2021-04-15 00:00:00,18324.8875669226,0.06228075788634376
2021-04-15 04:00:00,18194.263654260907,0.068965031169643
2021-04-15 08:00:00,17953.534637800116,0.08128359138159458
2021-04-15 12:00:00,18130.55072473759,0.07222534257768069
2021-04-15 16:00:00,18454.59329412478,0.055643469893953884
2021-04-15 20:00:00,18352.92570577588,0.06084599315887913
2021-04-16 00:00:00,18241.878354577464,0.06652849667352391
2021-04-16 04:00:00,17441.92326113226,0.10746371557791859
2021-04-16 08:00:00,17441.92326113226,0.10746371557791859
2021-04-16 12:00:00,17441.92326113226,0.10746371557791859
2021-04-16 16:00:00,17441.92326113226,0.10746371557791859
2021-04-16 20:00:00,17441.92326113226,0.10746371557791859
2021-04-17 00:00:00,17441.92326113226,0.10746371557791859
2021-04-17 04:00:00,17441.92326113226,0.10746371557791859
2021-04-17 08:00:00,17441.92326113226,0.10746371557791859
2021-04-17 12:00:00,17441.92326113226,0.10746371557791859
2021-04-17 16:00:00,17441.92326113226,0.10746371557791859
2021-04-17 20:00:00,17441.92326113226,0.10746371557791859
2021-04-18 00:00:00,17441.92326113226,0.10746371557791859
2021-04-18 04:00:00,17441.92326113226,0.10746371557791859
2021-04-18 08:00:00,17441.92326113226,0.10746371557791859
2021-04-18 12:00:00,17441.92326113226,0.10746371557791859
2021-04-18 16:00:00,17441.92326113226,0.10746371557791859
2021-04-18 20:00:00,17441.92326113226,0.10746371557791859
2021-04-19 00:00:00,17441.92326113226,0.10746371557791859
2021-04-19 04:00:00,17441.92326113226,0.10746371557791859
2021-04-19 08:00:00,17441.92326113226,0.10746371557791859
2021-04-19 12:00:00,17441.92326113226,0.10746371557791859
2021-04-19 16:00:00,17441.92326113226,0.10746371557791859
2021-04-19 20:00:00,17441.92326113226,0.10746371557791859
2021-04-20 00:00:00,17441.92326113226,0.10746371557791859
2021-04-20 04:00:00,17441.92326113226,0.10746371557791859
2021-04-20 08:00:00,17441.92326113226,0.10746371557791859
2021-04-20 12:00:00,17441.92326113226,0.10746371557791859
2021-04-20 16:00:00,17441.92326113226,0.10746371557791859
2021-04-20 20:00:00,17441.92326113226,0.10746371557791859
2021-04-21 00:00:00,17441.92326113226,0.10746371557791859
2021-04-21 04:00:00,17441.92326113226,0.10746371557791859
2021-04-21 08:00:00,17441.92326113226,0.10746371557791859
2021-04-21 12:00:00,17441.92326113226,0.10746371557791859
2021-04-21 16:00:00,17441.92326113226,0.10746371557791859
2021-04-21 20:00:00,17441.92326113226,0.10746371557791859
2021-04-22 00:00:00,17441.92326113226,0.10746371557791859
2021-04-22 04:00:00,17441.92326113226,0.10746371557791859
2021-04-22 08:00:00,17441.92326113226,0.10746371557791859
2021-04-22 12:00:00,17441.92326113226,0.10746371557791859
2021-04-22 16:00:00,17441.92326113226,0.10746371557791859
2021-04-22 20:00:00,17441.92326113226,0.10746371557791859
2021-04-23 00:00:00,17441.92326113226,0.10746371557791859
2021-04-23 04:00:00,17441.92326113226,0.10746371557791859
2021-04-23 08:00:00,17441.92326113226,0.10746371557791859
2021-04-23 12:00:00,17441.92326113226,0.10746371557791859
2021-04-23 16:00:00,17441.92326113226,0.10746371557791859
2021-04-23 20:00:00,17441.92326113226,0.10746371557791859
2021-04-24 00:00:00,17441.92326113226,0.10746371557791859
2021-04-24 04:00:00,17441.92326113226,0.10746371557791859
2021-04-24 08:00:00,17441.92326113226,0.10746371557791859
2021-04-24 12:00:00,17441.92326113226,0.10746371557791859
2021-04-24 16:00:00,17441.92326113226,0.10746371557791859
2021-04-24 20:00:00,17441.92326113226,0.10746371557791859
2021-04-25 00:00:00,17441.92326113226,0.10746371557791859
2021-04-25 04:00:00,17441.92326113226,0.10746371557791859
2021-04-25 08:00:00,17441.92326113226,0.10746371557791859
2021-04-25 12:00:00,17441.92326113226,0.10746371557791859
2021-04-25 16:00:00,17441.92326113226,0.10746371557791859
2021-04-25 20:00:00,17441.92326113226,0.10746371557791859
2021-04-26 00:00:00,17441.92326113226,0.10746371557791859
2021-04-26 04:00:00,17641.02688353629,0.09727520570461369
2021-04-26 08:00:00,17969.056515299108,0.08048930747936708
2021-04-26 12:00:00,17969.056515299108,0.08048930747936708
2021-04-26 16:00:00,17969.056515299108,0.08048930747936708
2021-04-26 20:00:00,17969.056515299108,0.08048930747936708
2021-04-27 00:00:00,17969.056515299108,0.08048930747936708
2021-04-27 04:00:00,18489.953923938047,0.05383399942009355
2021-04-27 08:00:00,18726.26382175258,0.041741573888240124
2021-04-27 12:00:00,18726.26382175258,0.041741573888240124
2021-04-27 16:00:00,18726.26382175258,0.041741573888240124
2021-04-27 20:00:00,18726.26382175258,0.041741573888240124
2021-04-28 00:00:00,18726.26382175258,0.041741573888240124
2021-04-28 04:00:00,18726.26382175258,0.041741573888240124
2021-04-28 08:00:00,18726.26382175258,0.041741573888240124
2021-04-28 12:00:00,18726.26382175258,0.041741573888240124
2021-04-28 16:00:00,18726.26382175258,0.041741573888240124
2021-04-28 20:00:00,18726.26382175258,0.041741573888240124
2021-04-29 00:00:00,18726.26382175258,0.041741573888240124
2021-04-29 04:00:00,18726.26382175258,0.041741573888240124
2021-04-29 08:00:00,18726.26382175258,0.041741573888240124
2021-04-29 12:00:00,18726.26382175258,0.041741573888240124
2021-04-29 16:00:00,18726.26382175258,0.041741573888240124
2021-04-29 20:00:00,18726.26382175258,0.041741573888240124
2021-04-30 00:00:00,18726.26382175258,0.041741573888240124
2021-04-30 04:00:00,18726.26382175258,0.041741573888240124
2021-04-30 08:00:00,18726.26382175258,0.041741573888240124
2021-04-30 12:00:00,18726.26382175258,0.041741573888240124
2021-04-30 16:00:00,18726.26382175258,0.041741573888240124
2021-04-30 20:00:00,18726.26382175258,0.041741573888240124
2021-05-01 00:00:00,18726.26382175258,0.041741573888240124
2021-05-01 04:00:00,18487.078170915203,0.05398115715490848
2021-05-01 08:00:00,18532.94703459578,0.05163396042968515
2021-05-01 12:00:00,18259.23372221188,0.06564038960463663
2021-05-01 16:00:00,18259.23372221188,0.06564038960463663
2021-05-01 20:00:00,18259.23372221188,0.06564038960463663
2021-05-02 00:00:00,18259.23372221188,0.06564038960463663
2021-05-02 04:00:00,18324.039070658066,0.06232417704901037
2021-05-02 08:00:00,18552.520676080847,0.050632340081852245
2021-05-02 12:00:00,18305.1081011808,0.06329291065165157
2021-05-02 16:00:00,18425.69796951771,0.05712209844172623
2021-05-02 20:00:00,18296.59137616759,0.06372872761890493
2021-05-03 00:00:00,18918.003367620917,0.031929897774089236
2021-05-03 04:00:00,19360.193638040742,0.00930218321192311
2021-05-03 08:00:00,19295.06175599969,0.012635105110730072
2021-05-03 12:00:00,18767.14810101458,0.039649447798848485
2021-05-03 16:00:00,18748.65720426609,0.040595662045548465
2021-05-03 20:00:00,18550.908416393308,0.05071484246702479
2021-05-04 00:00:00,17661.06717185993,0.0962497061532548
2021-05-04 04:00:00,17661.06717185993,0.0962497061532548
2021-05-04 08:00:00,17661.06717185993,0.0962497061532548
2021-05-04 12:00:00,17661.06717185993,0.0962497061532548
2021-05-04 16:00:00,17661.06717185993,0.0962497061532548
2021-05-04 20:00:00,17661.06717185993,0.0962497061532548
2021-05-05 00:00:00,17661.06717185993,0.0962497061532548
2021-05-05 04:00:00,17661.06717185993,0.0962497061532548
2021-05-05 08:00:00,17661.06717185993,0.0962497061532548
2021-05-05 12:00:00,17661.06717185993,0.0962497061532548
2021-05-05 16:00:00,17661.06717185993,0.0962497061532548
2021-05-05 20:00:00,17661.06717185993,0.0962497061532548
2021-05-06 00:00:00,17661.06717185993,0.0962497061532548
2021-05-06 04:00:00,17661.06717185993,0.0962497061532548
2021-05-06 08:00:00,17661.06717185993,0.0962497061532548
2021-05-06 12:00:00,17661.06717185993,0.0962497061532548
2021-05-06 16:00:00,17661.06717185993,0.0962497061532548
2021-05-06 20:00:00,17661.06717185993,0.0962497061532548
2021-05-07 00:00:00,17661.06717185993,0.0962497061532548
2021-05-07 04:00:00,17661.06717185993,0.0962497061532548
2021-05-07 08:00:00,17661.06717185993,0.0962497061532548
2021-05-07 12:00:00,17661.06717185993,0.0962497061532548
2021-05-07 16:00:00,17661.06717185993,0.0962497061532548
2021-05-07 20:00:00,17661.06717185993,0.0962497061532548
2021-05-08 00:00:00,17661.06717185993,0.0962497061532548
2021-05-08 04:00:00,17840.843356818958,0.08705021790023221
2021-05-08 08:00:00,17887.348132552965,0.08467048034949962
2021-05-08 12:00:00,17409.227513636186,0.10913681897079827
2021-05-08 16:00:00,18124.56501895377,0.0725316424919705
2021-05-08 20:00:00,18040.297089089065,0.07684379224124661
2021-05-09 00:00:00,17925.64887554231,0.08271055870975177
2021-05-09 04:00:00,17273.067264998237,0.11610439706329657
2021-05-09 08:00:00,17214.94510924129,0.1190786179771971
2021-05-09 12:00:00,16642.984130653906,0.14834694573096005
2021-05-09 16:00:00,16540.062562969313,0.15361363749612833
2021-05-09 20:00:00,16540.062562969313,0.15361363749612833
2021-05-10 00:00:00,16540.062562969313,0.15361363749612833
2021-05-10 04:00:00,15979.394418876413,0.18230408949677634
2021-05-10 08:00:00,15979.394418876413,0.18230408949677634
2021-05-10 12:00:00,15979.394418876413,0.18230408949677634
2021-05-10 16:00:00,15979.394418876413,0.18230408949677634
2021-05-10 20:00:00,15979.394418876413,0.18230408949677634
2021-05-11 00:00:00,15979.394418876413,0.18230408949677634
2021-05-11 04:00:00,15979.394418876413,0.18230408949677634
2021-05-11 08:00:00,15979.394418876413,0.18230408949677634
2021-05-11 12:00:00,15979.394418876413,0.18230408949677634
2021-05-11 16:00:00,15979.394418876413,0.18230408949677634
2021-05-11 20:00:00,15979.394418876413,0.18230408949677634
2021-05-12 00:00:00,15979.394418876413,0.18230408949677634
2021-05-12 04:00:00,15979.394418876413,0.18230408949677634
2021-05-12 08:00:00,15979.394418876413,0.18230408949677634
2021-05-12 12:00:00,15979.394418876413,0.18230408949677634
2021-05-12 16:00:00,15979.394418876413,0.18230408949677634
2021-05-12 20:00:00,15979.394418876413,0.18230408949677634
2021-05-13 00:00:00,15979.394418876413,0.18230408949677634
2021-05-13 04:00:00,15979.394418876413,0.18230408949677634
2021-05-13 08:00:00,15979.394418876413,0.18230408949677634
2021-05-13 12:00:00,15979.394418876413,0.18230408949677634
2021-05-13 16:00:00,15979.394418876413,0.18230408949677634
2021-05-13 20:00:00,15979.394418876413,0.18230408949677634
2021-05-14 00:00:00,15979.394418876413,0.18230408949677634
2021-05-14 04:00:00,15979.394418876413,0.18230408949677634
2021-05-14 08:00:00,15979.394418876413,0.18230408949677634
2021-05-14 12:00:00,15979.394418876413,0.18230408949677634
2021-05-14 16:00:00,15979.394418876413,0.18230408949677634
2021-05-14 20:00:00,15979.394418876413,0.18230408949677634
2021-05-15 00:00:00,15979.394418876413,0.18230408949677634
2021-05-15 04:00:00,15979.394418876413,0.18230408949677634
2021-05-15 08:00:00,15979.394418876413,0.18230408949677634
2021-05-15 12:00:00,15979.394418876413,0.18230408949677634
2021-05-15 16:00:00,15979.394418876413,0.18230408949677634
2021-05-15 20:00:00,15979.394418876413,0.18230408949677634
2021-05-16 00:00:00,15979.394418876413,0.18230408949677634
2021-05-16 04:00:00,15979.394418876413,0.18230408949677634
2021-05-16 08:00:00,15979.394418876413,0.18230408949677634
2021-05-16 12:00:00,15979.394418876413,0.18230408949677634
2021-05-16 16:00:00,15979.394418876413,0.18230408949677634
2021-05-16 20:00:00,15979.394418876413,0.18230408949677634
2021-05-17 00:00:00,15979.394418876413,0.18230408949677634
2021-05-17 04:00:00,15979.394418876413,0.18230408949677634
2021-05-17 08:00:00,15979.394418876413,0.18230408949677634
2021-05-17 12:00:00,15979.394418876413,0.18230408949677634
2021-05-17 16:00:00,15979.394418876413,0.18230408949677634
2021-05-17 20:00:00,15979.394418876413,0.18230408949677634
2021-05-18 00:00:00,15979.394418876413,0.18230408949677634
2021-05-18 04:00:00,15979.394418876413,0.18230408949677634
2021-05-18 08:00:00,15979.394418876413,0.18230408949677634
2021-05-18 12:00:00,15979.394418876413,0.18230408949677634
2021-05-18 16:00:00,15979.394418876413,0.18230408949677634
2021-05-18 20:00:00,15979.394418876413,0.18230408949677634
2021-05-19 00:00:00,15979.394418876413,0.18230408949677634
2021-05-19 04:00:00,15979.394418876413,0.18230408949677634
2021-05-19 08:00:00,15979.394418876413,0.18230408949677634
2021-05-19 12:00:00,15979.394418876413,0.18230408949677634
2021-05-19 16:00:00,15979.394418876413,0.18230408949677634
2021-05-19 20:00:00,15979.394418876413,0.18230408949677634
2021-05-20 00:00:00,15979.394418876413,0.18230408949677634
2021-05-20 04:00:00,15979.394418876413,0.18230408949677634
2021-05-20 08:00:00,15979.394418876413,0.18230408949677634
2021-05-20 12:00:00,15979.394418876413,0.18230408949677634
2021-05-20 16:00:00,15979.394418876413,0.18230408949677634
2021-05-20 20:00:00,15979.394418876413,0.18230408949677634
2021-05-21 00:00:00,15979.394418876413,0.18230408949677634
2021-05-21 04:00:00,15979.394418876413,0.18230408949677634
2021-05-21 08:00:00,15979.394418876413,0.18230408949677634
2021-05-21 12:00:00,15979.394418876413,0.18230408949677634
2021-05-21 16:00:00,15979.394418876413,0.18230408949677634
2021-05-21 20:00:00,15979.394418876413,0.18230408949677634
2021-05-22 00:00:00,15979.394418876413,0.18230408949677634
2021-05-22 04:00:00,15979.394418876413,0.18230408949677634
2021-05-22 08:00:00,15979.394418876413,0.18230408949677634
2021-05-22 12:00:00,15979.394418876413,0.18230408949677634
2021-05-22 16:00:00,15979.394418876413,0.18230408949677634
2021-05-22 20:00:00,15979.394418876413,0.18230408949677634
2021-05-23 00:00:00,15979.394418876413,0.18230408949677634
2021-05-23 04:00:00,15979.394418876413,0.18230408949677634
2021-05-23 08:00:00,15979.394418876413,0.18230408949677634
2021-05-23 12:00:00,15979.394418876413,0.18230408949677634
2021-05-23 16:00:00,15979.394418876413,0.18230408949677634
2021-05-23 20:00:00,15979.394418876413,0.18230408949677634
2021-05-24 00:00:00,15979.394418876413,0.18230408949677634
2021-05-24 04:00:00,15979.394418876413,0.18230408949677634
2021-05-24 08:00:00,15979.394418876413,0.18230408949677634
2021-05-24 12:00:00,15979.394418876413,0.18230408949677634
2021-05-24 16:00:00,15979.394418876413,0.18230408949677634
2021-05-24 20:00:00,15979.394418876413,0.18230408949677634
2021-05-25 00:00:00,15979.394418876413,0.18230408949677634
2021-05-25 04:00:00,15979.394418876413,0.18230408949677634
2021-05-25 08:00:00,15979.394418876413,0.18230408949677634
2021-05-25 12:00:00,15979.394418876413,0.18230408949677634
2021-05-25 16:00:00,15979.394418876413,0.18230408949677634
2021-05-25 20:00:00,15979.394418876413,0.18230408949677634
2021-05-26 00:00:00,15979.394418876413,0.18230408949677634
2021-05-26 04:00:00,16365.181870352017,0.16256261412381642
2021-05-26 08:00:00,16365.181870352017,0.16256261412381642
2021-05-26 12:00:00,16365.181870352017,0.16256261412381642
2021-05-26 16:00:00,16365.181870352017,0.16256261412381642
2021-05-26 20:00:00,16365.181870352017,0.16256261412381642
2021-05-27 00:00:00,16365.181870352017,0.16256261412381642
2021-05-27 04:00:00,16365.181870352017,0.16256261412381642
2021-05-27 08:00:00,16365.181870352017,0.16256261412381642
2021-05-27 12:00:00,16365.181870352017,0.16256261412381642
2021-05-27 16:00:00,16365.181870352017,0.16256261412381642
2021-05-27 20:00:00,16365.181870352017,0.16256261412381642
2021-05-28 00:00:00,16365.181870352017,0.16256261412381642
2021-05-28 04:00:00,16365.181870352017,0.16256261412381642
2021-05-28 08:00:00,16365.181870352017,0.16256261412381642
2021-05-28 12:00:00,16365.181870352017,0.16256261412381642
2021-05-28 16:00:00,16365.181870352017,0.16256261412381642
2021-05-28 20:00:00,16365.181870352017,0.16256261412381642
2021-05-29 00:00:00,16365.181870352017,0.16256261412381642
2021-05-29 04:00:00,16365.181870352017,0.16256261412381642
2021-05-29 08:00:00,16365.181870352017,0.16256261412381642
2021-05-29 12:00:00,16365.181870352017,0.16256261412381642
2021-05-29 16:00:00,16365.181870352017,0.16256261412381642
2021-05-29 20:00:00,16365.181870352017,0.16256261412381642
2021-05-30 00:00:00,16365.181870352017,0.16256261412381642
2021-05-30 04:00:00,16365.181870352017,0.16256261412381642
2021-05-30 08:00:00,16365.181870352017,0.16256261412381642
2021-05-30 12:00:00,16365.181870352017,0.16256261412381642
2021-05-30 16:00:00,16365.181870352017,0.16256261412381642
2021-05-30 20:00:00,16365.181870352017,0.16256261412381642
2021-05-31 00:00:00,16365.181870352017,0.16256261412381642
2021-05-31 04:00:00,16365.181870352017,0.16256261412381642
2021-05-31 08:00:00,16365.181870352017,0.16256261412381642
2021-05-31 12:00:00,16365.181870352017,0.16256261412381642
2021-05-31 16:00:00,16365.181870352017,0.16256261412381642
2021-05-31 20:00:00,16365.181870352017,0.16256261412381642
2021-06-01 00:00:00,16365.181870352017,0.16256261412381642
2021-06-01 04:00:00,16365.181870352017,0.16256261412381642
2021-06-01 08:00:00,16365.181870352017,0.16256261412381642
2021-06-01 12:00:00,16365.181870352017,0.16256261412381642
2021-06-01 16:00:00,16365.181870352017,0.16256261412381642
2021-06-01 20:00:00,16365.181870352017,0.16256261412381642
2021-06-02 00:00:00,16365.181870352017,0.16256261412381642
2021-06-02 04:00:00,16365.181870352017,0.16256261412381642
2021-06-02 08:00:00,16365.181870352017,0.16256261412381642
2021-06-02 12:00:00,16365.181870352017,0.16256261412381642
2021-06-02 16:00:00,16365.181870352017,0.16256261412381642
2021-06-02 20:00:00,16365.181870352017,0.16256261412381642
2021-06-03 00:00:00,16365.181870352017,0.16256261412381642
2021-06-03 04:00:00,16365.181870352017,0.16256261412381642
2021-06-03 08:00:00,16365.181870352017,0.16256261412381642
2021-06-03 12:00:00,16365.181870352017,0.16256261412381642
2021-06-03 16:00:00,16365.181870352017,0.16256261412381642
2021-06-03 20:00:00,16365.181870352017,0.16256261412381642
2021-06-04 00:00:00,16365.181870352017,0.16256261412381642
2021-06-04 04:00:00,16365.181870352017,0.16256261412381642
2021-06-04 08:00:00,16365.181870352017,0.16256261412381642
2021-06-04 12:00:00,16365.181870352017,0.16256261412381642
2021-06-04 16:00:00,16365.181870352017,0.16256261412381642
2021-06-04 20:00:00,16365.181870352017,0.16256261412381642
2021-06-05 00:00:00,16365.181870352017,0.16256261412381642
2021-06-05 04:00:00,16365.181870352017,0.16256261412381642
2021-06-05 08:00:00,16365.181870352017,0.16256261412381642
2021-06-05 12:00:00,16365.181870352017,0.16256261412381642
2021-06-05 16:00:00,16365.181870352017,0.16256261412381642
2021-06-05 20:00:00,16365.181870352017,0.16256261412381642
2021-06-06 00:00:00,16365.181870352017,0.16256261412381642
2021-06-06 04:00:00,16365.181870352017,0.16256261412381642
2021-06-06 08:00:00,16365.181870352017,0.16256261412381642
2021-06-06 12:00:00,16365.181870352017,0.16256261412381642
2021-06-06 16:00:00,16365.181870352017,0.16256261412381642
2021-06-06 20:00:00,16365.181870352017,0.16256261412381642
2021-06-07 00:00:00,16365.181870352017,0.16256261412381642
2021-06-07 04:00:00,16365.181870352017,0.16256261412381642
2021-06-07 08:00:00,16365.181870352017,0.16256261412381642
2021-06-07 12:00:00,16365.181870352017,0.16256261412381642
2021-06-07 16:00:00,16365.181870352017,0.16256261412381642
2021-06-07 20:00:00,16365.181870352017,0.16256261412381642
2021-06-08 00:00:00,16365.181870352017,0.16256261412381642
2021-06-08 04:00:00,16365.181870352017,0.16256261412381642
2021-06-08 08:00:00,16365.181870352017,0.16256261412381642
2021-06-08 12:00:00,16365.181870352017,0.16256261412381642
2021-06-08 16:00:00,16365.181870352017,0.16256261412381642
2021-06-08 20:00:00,16365.181870352017,0.16256261412381642
2021-06-09 00:00:00,16365.181870352017,0.16256261412381642
2021-06-09 04:00:00,16365.181870352017,0.16256261412381642
2021-06-09 08:00:00,16365.181870352017,0.16256261412381642
2021-06-09 12:00:00,16365.181870352017,0.16256261412381642
2021-06-09 16:00:00,16365.181870352017,0.16256261412381642
2021-06-09 20:00:00,16365.181870352017,0.16256261412381642
2021-06-10 00:00:00,16365.181870352017,0.16256261412381642
2021-06-10 04:00:00,16365.181870352017,0.16256261412381642
2021-06-10 08:00:00,16365.181870352017,0.16256261412381642
2021-06-10 12:00:00,16365.181870352017,0.16256261412381642
2021-06-10 16:00:00,16365.181870352017,0.16256261412381642
2021-06-10 20:00:00,16365.181870352017,0.16256261412381642
2021-06-11 00:00:00,16365.181870352017,0.16256261412381642
2021-06-11 04:00:00,16365.181870352017,0.16256261412381642
2021-06-11 08:00:00,16365.181870352017,0.16256261412381642
2021-06-11 12:00:00,16365.181870352017,0.16256261412381642
2021-06-11 16:00:00,16365.181870352017,0.16256261412381642
2021-06-11 20:00:00,16365.181870352017,0.16256261412381642
2021-06-12 00:00:00,16365.181870352017,0.16256261412381642
2021-06-12 04:00:00,16365.181870352017,0.16256261412381642
2021-06-12 08:00:00,16365.181870352017,0.16256261412381642
2021-06-12 12:00:00,16365.181870352017,0.16256261412381642
2021-06-12 16:00:00,16365.181870352017,0.16256261412381642
2021-06-12 20:00:00,16365.181870352017,0.16256261412381642
2021-06-13 00:00:00,16365.181870352017,0.16256261412381642
2021-06-13 04:00:00,16365.181870352017,0.16256261412381642
2021-06-13 08:00:00,16365.181870352017,0.16256261412381642
2021-06-13 12:00:00,16365.181870352017,0.16256261412381642
2021-06-13 16:00:00,16365.181870352017,0.16256261412381642
2021-06-13 20:00:00,16365.181870352017,0.16256261412381642
2021-06-14 00:00:00,16365.181870352017,0.16256261412381642
2021-06-14 04:00:00,16365.181870352017,0.16256261412381642
2021-06-14 08:00:00,16365.181870352017,0.16256261412381642
2021-06-14 12:00:00,16365.181870352017,0.16256261412381642
2021-06-14 16:00:00,16365.181870352017,0.16256261412381642
2021-06-14 20:00:00,16365.181870352017,0.16256261412381642
2021-06-15 00:00:00,16365.181870352017,0.16256261412381642
2021-06-15 04:00:00,16346.831681106301,0.1635016281008077
2021-06-15 08:00:00,16083.906870503413,0.17695598918384386
2021-06-15 12:00:00,16196.45263507507,0.17119680901579012
2021-06-15 16:00:00,16142.945632728515,0.17393486377901565
2021-06-15 20:00:00,16235.951708138757,0.16917556655401753
2021-06-16 00:00:00,16170.739415058264,0.1725126032381778
2021-06-16 04:00:00,16227.35064507386,0.16961569925928688
2021-06-16 08:00:00,15672.27937180581,0.19801974876775488
2021-06-16 12:00:00,15672.27937180581,0.19801974876775488
2021-06-16 16:00:00,15672.27937180581,0.19801974876775488
2021-06-16 20:00:00,15672.27937180581,0.19801974876775488
2021-06-17 00:00:00,15672.27937180581,0.19801974876775488
2021-06-17 04:00:00,15672.27937180581,0.19801974876775488
2021-06-17 08:00:00,15672.27937180581,0.19801974876775488
2021-06-17 12:00:00,15672.27937180581,0.19801974876775488
2021-06-17 16:00:00,15672.27937180581,0.19801974876775488
2021-06-17 20:00:00,15672.27937180581,0.19801974876775488
2021-06-18 00:00:00,15672.27937180581,0.19801974876775488
2021-06-18 04:00:00,15672.27937180581,0.19801974876775488
2021-06-18 08:00:00,15672.27937180581,0.19801974876775488
2021-06-18 12:00:00,15672.27937180581,0.19801974876775488
2021-06-18 16:00:00,15672.27937180581,0.19801974876775488
2021-06-18 20:00:00,15672.27937180581,0.19801974876775488
2021-06-19 00:00:00,15672.27937180581,0.19801974876775488
2021-06-19 04:00:00,15672.27937180581,0.19801974876775488
2021-06-19 08:00:00,15672.27937180581,0.19801974876775488
2021-06-19 12:00:00,15672.27937180581,0.19801974876775488
2021-06-19 16:00:00,15672.27937180581,0.19801974876775488
2021-06-19 20:00:00,15672.27937180581,0.19801974876775488
2021-06-20 00:00:00,15672.27937180581,0.19801974876775488
2021-06-20 04:00:00,15672.27937180581,0.19801974876775488
2021-06-20 08:00:00,15672.27937180581,0.19801974876775488
2021-06-20 12:00:00,15672.27937180581,0.19801974876775488
2021-06-20 16:00:00,15672.27937180581,0.19801974876775488
2021-06-20 20:00:00,15672.27937180581,0.19801974876775488
2021-06-21 00:00:00,15672.27937180581,0.19801974876775488
2021-06-21 04:00:00,15672.27937180581,0.19801974876775488
2021-06-21 08:00:00,15672.27937180581,0.19801974876775488
2021-06-21 12:00:00,15672.27937180581,0.19801974876775488
2021-06-21 16:00:00,15672.27937180581,0.19801974876775488
2021-06-21 20:00:00,15672.27937180581,0.19801974876775488
2021-06-22 00:00:00,15672.27937180581,0.19801974876775488
2021-06-22 04:00:00,15672.27937180581,0.19801974876775488
2021-06-22 08:00:00,15672.27937180581,0.19801974876775488
2021-06-22 12:00:00,15672.27937180581,0.19801974876775488
2021-06-22 16:00:00,15672.27937180581,0.19801974876775488
2021-06-22 20:00:00,15672.27937180581,0.19801974876775488
2021-06-23 00:00:00,15672.27937180581,0.19801974876775488
2021-06-23 04:00:00,15672.27937180581,0.19801974876775488
2021-06-23 08:00:00,15672.27937180581,0.19801974876775488
2021-06-23 12:00:00,15672.27937180581,0.19801974876775488
2021-06-23 16:00:00,15672.27937180581,0.19801974876775488
2021-06-23 20:00:00,15672.27937180581,0.19801974876775488
2021-06-24 00:00:00,15672.27937180581,0.19801974876775488
2021-06-24 04:00:00,15672.27937180581,0.19801974876775488
2021-06-24 08:00:00,15672.27937180581,0.19801974876775488
2021-06-24 12:00:00,15672.27937180581,0.19801974876775488
2021-06-24 16:00:00,15672.27937180581,0.19801974876775488
2021-06-24 20:00:00,15672.27937180581,0.19801974876775488
2021-06-25 00:00:00,15672.27937180581,0.19801974876775488
2021-06-25 04:00:00,15225.774362109149,0.22086825671977486
2021-06-25 08:00:00,15225.774362109149,0.22086825671977486
2021-06-25 12:00:00,15225.774362109149,0.22086825671977486
2021-06-25 16:00:00,15225.774362109149,0.22086825671977486
2021-06-25 20:00:00,15225.774362109149,0.22086825671977486
2021-06-26 00:00:00,15225.774362109149,0.22086825671977486
2021-06-26 04:00:00,15225.774362109149,0.22086825671977486
2021-06-26 08:00:00,15225.774362109149,0.22086825671977486
2021-06-26 12:00:00,15225.774362109149,0.22086825671977486
2021-06-26 16:00:00,15225.774362109149,0.22086825671977486
2021-06-26 20:00:00,15225.774362109149,0.22086825671977486
2021-06-27 00:00:00,15225.774362109149,0.22086825671977486
2021-06-27 04:00:00,15225.774362109149,0.22086825671977486
2021-06-27 08:00:00,15225.774362109149,0.22086825671977486
2021-06-27 12:00:00,15225.774362109149,0.22086825671977486
2021-06-27 16:00:00,15225.774362109149,0.22086825671977486
2021-06-27 20:00:00,15225.774362109149,0.22086825671977486
2021-06-28 00:00:00,15225.774362109149,0.22086825671977486
2021-06-28 04:00:00,15225.774362109149,0.22086825671977486
2021-06-28 08:00:00,15225.774362109149,0.22086825671977486
2021-06-28 12:00:00,15225.774362109149,0.22086825671977486
2021-06-28 16:00:00,15225.774362109149,0.22086825671977486
2021-06-28 20:00:00,15225.774362109149,0.22086825671977486
2021-06-29 00:00:00,15225.774362109149,0.22086825671977486
2021-06-29 04:00:00,15225.774362109149,0.22086825671977486
2021-06-29 08:00:00,15225.774362109149,0.22086825671977486
2021-06-29 12:00:00,15225.774362109149,0.22086825671977486
2021-06-29 16:00:00,15225.774362109149,0.22086825671977486
2021-06-29 20:00:00,15225.774362109149,0.22086825671977486
2021-06-30 00:00:00,15225.774362109149,0.22086825671977486
2021-06-30 04:00:00,15225.774362109149,0.22086825671977486
2021-06-30 08:00:00,15225.774362109149,0.22086825671977486
2021-06-30 12:00:00,15225.774362109149,0.22086825671977486
2021-06-30 16:00:00,15225.774362109149,0.22086825671977486
2021-06-30 20:00:00,15225.774362109149,0.22086825671977486
2021-07-01 00:00:00,15225.774362109149,0.22086825671977486
2021-07-01 04:00:00,15225.774362109149,0.22086825671977486
2021-07-01 08:00:00,15225.774362109149,0.22086825671977486
2021-07-01 12:00:00,15225.774362109149,0.22086825671977486
2021-07-01 16:00:00,15225.774362109149,0.22086825671977486
2021-07-01 20:00:00,15225.774362109149,0.22086825671977486
2021-07-02 00:00:00,15225.774362109149,0.22086825671977486
2021-07-02 04:00:00,15225.774362109149,0.22086825671977486
2021-07-02 08:00:00,15225.774362109149,0.22086825671977486
2021-07-02 12:00:00,15225.774362109149,0.22086825671977486
2021-07-02 16:00:00,15225.774362109149,0.22086825671977486
2021-07-02 20:00:00,15225.774362109149,0.22086825671977486
2021-07-03 00:00:00,15225.774362109149,0.22086825671977486
2021-07-03 04:00:00,15225.774362109149,0.22086825671977486
2021-07-03 08:00:00,15225.774362109149,0.22086825671977486
2021-07-03 12:00:00,15225.774362109149,0.22086825671977486
2021-07-03 16:00:00,15225.774362109149,0.22086825671977486
2021-07-03 20:00:00,15225.774362109149,0.22086825671977486
2021-07-04 00:00:00,15225.774362109149,0.22086825671977486
2021-07-04 04:00:00,15225.774362109149,0.22086825671977486
2021-07-04 08:00:00,15225.774362109149,0.22086825671977486
2021-07-04 12:00:00,15225.774362109149,0.22086825671977486
2021-07-04 16:00:00,15225.774362109149,0.22086825671977486
2021-07-04 20:00:00,15225.774362109149,0.22086825671977486
2021-07-05 00:00:00,15225.774362109149,0.22086825671977486
2021-07-05 04:00:00,15225.774362109149,0.22086825671977486
2021-07-05 08:00:00,15225.774362109149,0.22086825671977486
2021-07-05 12:00:00,15225.774362109149,0.22086825671977486
2021-07-05 16:00:00,15225.774362109149,0.22086825671977486
2021-07-05 20:00:00,15225.774362109149,0.22086825671977486
2021-07-06 00:00:00,15225.774362109149,0.22086825671977486
2021-07-06 04:00:00,15225.774362109149,0.22086825671977486
2021-07-06 08:00:00,15225.774362109149,0.22086825671977486
2021-07-06 12:00:00,15225.774362109149,0.22086825671977486
2021-07-06 16:00:00,15225.774362109149,0.22086825671977486
2021-07-06 20:00:00,15225.774362109149,0.22086825671977486
2021-07-07 00:00:00,15225.774362109149,0.22086825671977486
2021-07-07 04:00:00,15225.774362109149,0.22086825671977486
2021-07-07 08:00:00,15225.774362109149,0.22086825671977486
2021-07-07 12:00:00,15225.774362109149,0.22086825671977486
2021-07-07 16:00:00,15225.774362109149,0.22086825671977486
2021-07-07 20:00:00,15225.774362109149,0.22086825671977486
2021-07-08 00:00:00,15225.774362109149,0.22086825671977486
2021-07-08 04:00:00,15225.774362109149,0.22086825671977486
2021-07-08 08:00:00,15225.774362109149,0.22086825671977486
2021-07-08 12:00:00,15225.774362109149,0.22086825671977486
2021-07-08 16:00:00,15225.774362109149,0.22086825671977486
2021-07-08 20:00:00,15225.774362109149,0.22086825671977486
2021-07-09 00:00:00,15225.774362109149,0.22086825671977486
2021-07-09 04:00:00,15225.774362109149,0.22086825671977486
2021-07-09 08:00:00,15225.774362109149,0.22086825671977486
2021-07-09 12:00:00,15225.774362109149,0.22086825671977486
2021-07-09 16:00:00,15225.774362109149,0.22086825671977486
2021-07-09 20:00:00,15225.774362109149,0.22086825671977486
2021-07-10 00:00:00,15225.774362109149,0.22086825671977486
2021-07-10 04:00:00,15225.774362109149,0.22086825671977486
2021-07-10 08:00:00,15225.774362109149,0.22086825671977486
2021-07-10 12:00:00,15225.774362109149,0.22086825671977486
2021-07-10 16:00:00,15225.774362109149,0.22086825671977486
2021-07-10 20:00:00,15225.774362109149,0.22086825671977486
2021-07-11 00:00:00,15225.774362109149,0.22086825671977486
2021-07-11 04:00:00,15225.774362109149,0.22086825671977486
2021-07-11 08:00:00,15225.774362109149,0.22086825671977486
2021-07-11 12:00:00,15225.774362109149,0.22086825671977486
2021-07-11 16:00:00,15225.774362109149,0.22086825671977486
2021-07-11 20:00:00,15225.774362109149,0.22086825671977486
2021-07-12 00:00:00,15225.774362109149,0.22086825671977486
2021-07-12 04:00:00,15165.604195755428,0.2239472782190887
2021-07-12 08:00:00,14770.620289840295,0.24415935360286312
2021-07-12 12:00:00,14770.620289840295,0.24415935360286312
2021-07-12 16:00:00,14770.620289840295,0.24415935360286312
2021-07-12 20:00:00,14770.620289840295,0.24415935360286312
2021-07-13 00:00:00,14770.620289840295,0.24415935360286312
2021-07-13 04:00:00,14770.620289840295,0.24415935360286312
2021-07-13 08:00:00,14770.620289840295,0.24415935360286312
2021-07-13 12:00:00,14770.620289840295,0.24415935360286312
2021-07-13 16:00:00,14770.620289840295,0.24415935360286312
2021-07-13 20:00:00,14770.620289840295,0.24415935360286312
2021-07-14 00:00:00,14770.620289840295,0.24415935360286312
2021-07-14 04:00:00,14770.620289840295,0.24415935360286312
2021-07-14 08:00:00,14770.620289840295,0.24415935360286312
2021-07-14 12:00:00,14770.620289840295,0.24415935360286312
2021-07-14 16:00:00,14770.620289840295,0.24415935360286312
2021-07-14 20:00:00,14770.620289840295,0.24415935360286312
2021-07-15 00:00:00,14770.620289840295,0.24415935360286312
2021-07-15 04:00:00,14770.620289840295,0.24415935360286312
2021-07-15 08:00:00,14770.620289840295,0.24415935360286312
2021-07-15 12:00:00,14770.620289840295,0.24415935360286312
2021-07-15 16:00:00,14770.620289840295,0.24415935360286312
2021-07-15 20:00:00,14770.620289840295,0.24415935360286312
2021-07-16 00:00:00,14770.620289840295,0.24415935360286312
2021-07-16 04:00:00,14770.620289840295,0.24415935360286312
2021-07-16 08:00:00,14770.620289840295,0.24415935360286312
2021-07-16 12:00:00,14770.620289840295,0.24415935360286312
2021-07-16 16:00:00,14770.620289840295,0.24415935360286312
2021-07-16 20:00:00,14770.620289840295,0.24415935360286312
2021-07-17 00:00:00,14770.620289840295,0.24415935360286312
2021-07-17 04:00:00,14770.620289840295,0.24415935360286312
2021-07-17 08:00:00,14770.620289840295,0.24415935360286312
2021-07-17 12:00:00,14770.620289840295,0.24415935360286312
2021-07-17 16:00:00,14770.620289840295,0.24415935360286312
2021-07-17 20:00:00,14770.620289840295,0.24415935360286312
2021-07-18 00:00:00,14770.620289840295,0.24415935360286312
2021-07-18 04:00:00,14770.620289840295,0.24415935360286312
2021-07-18 08:00:00,14770.620289840295,0.24415935360286312
2021-07-18 12:00:00,14770.620289840295,0.24415935360286312
2021-07-18 16:00:00,14770.620289840295,0.24415935360286312
2021-07-18 20:00:00,14770.620289840295,0.24415935360286312
2021-07-19 00:00:00,14770.620289840295,0.24415935360286312
2021-07-19 04:00:00,14770.620289840295,0.24415935360286312
2021-07-19 08:00:00,14770.620289840295,0.24415935360286312
2021-07-19 12:00:00,14770.620289840295,0.24415935360286312
2021-07-19 16:00:00,14770.620289840295,0.24415935360286312
2021-07-19 20:00:00,14770.620289840295,0.24415935360286312
2021-07-20 00:00:00,14770.620289840295,0.24415935360286312
2021-07-20 04:00:00,14770.620289840295,0.24415935360286312
2021-07-20 08:00:00,14770.620289840295,0.24415935360286312
2021-07-20 12:00:00,14770.620289840295,0.24415935360286312
2021-07-20 16:00:00,14770.620289840295,0.24415935360286312
2021-07-20 20:00:00,14770.620289840295,0.24415935360286312
2021-07-21 00:00:00,14770.620289840295,0.24415935360286312
2021-07-21 04:00:00,14770.620289840295,0.24415935360286312
2021-07-21 08:00:00,14770.620289840295,0.24415935360286312
2021-07-21 12:00:00,14770.620289840295,0.24415935360286312
2021-07-21 16:00:00,14770.620289840295,0.24415935360286312
2021-07-21 20:00:00,14770.620289840295,0.24415935360286312
2021-07-22 00:00:00,14770.620289840295,0.24415935360286312
2021-07-22 04:00:00,14770.620289840295,0.24415935360286312
2021-07-22 08:00:00,14770.620289840295,0.24415935360286312
2021-07-22 12:00:00,14770.620289840295,0.24415935360286312
2021-07-22 16:00:00,14770.620289840295,0.24415935360286312
2021-07-22 20:00:00,14770.620289840295,0.24415935360286312
2021-07-23 00:00:00,14770.620289840295,0.24415935360286312
2021-07-23 04:00:00,14714.63608456995,0.24702417153665523
2021-07-23 08:00:00,14617.885927569423,0.25197506051567814
2021-07-23 12:00:00,14627.124720819236,0.25150229394766394
2021-07-23 16:00:00,14593.933949094426,0.25320072866892995
2021-07-23 20:00:00,15257.25520169282,0.21925732246832616
2021-07-24 00:00:00,15257.25520169282,0.21925732246832616
2021-07-24 04:00:00,15309.488504717947,0.21658444531440427
2021-07-24 08:00:00,15339.732488745254,0.21503680330694244
2021-07-24 12:00:00,15329.981132116565,0.215535798714911
2021-07-24 16:00:00,15329.299715091141,0.21557066811611797
2021-07-24 20:00:00,15535.28607931036,0.20502995529395301
2021-07-25 00:00:00,15486.633429215019,0.20751960364828043
2021-07-25 04:00:00,15972.520539461413,0.18265583893981518
2021-07-25 08:00:00,15824.277241590296,0.1902417295719113
2021-07-25 12:00:00,15711.790471143331,0.19599789089874747
2021-07-25 16:00:00,15801.369189102877,0.1914139780530194
2021-07-25 20:00:00,16286.094584296061,0.16660966050652287
2021-07-26 00:00:00,16286.094584296061,0.16660966050652287
2021-07-26 04:00:00,16209.938632251247,0.17050670496985756
2021-07-26 08:00:00,16371.736671111794,0.16222719254056156
2021-07-26 12:00:00,16416.029852604286,0.15996062646051015
2021-07-26 16:00:00,16773.99675697025,0.1416427812329231
2021-07-26 20:00:00,16773.99675697025,0.1416427812329231
2021-07-27 00:00:00,16773.99675697025,0.1416427812329231
2021-07-27 04:00:00,16773.99675697025,0.1416427812329231
2021-07-27 08:00:00,16773.99675697025,0.1416427812329231
2021-07-27 12:00:00,16773.99675697025,0.1416427812329231
2021-07-27 16:00:00,16773.99675697025,0.1416427812329231
2021-07-27 20:00:00,16773.99675697025,0.1416427812329231
2021-07-28 00:00:00,16773.99675697025,0.1416427812329231
2021-07-28 04:00:00,16820.734371856102,0.13925112886131064
2021-07-28 08:00:00,17197.8782336486,0.1199519623613074
2021-07-28 12:00:00,17197.8782336486,0.1199519623613074
2021-07-28 16:00:00,17197.8782336486,0.1199519623613074
2021-07-28 20:00:00,17197.8782336486,0.1199519623613074
2021-07-29 00:00:00,17197.8782336486,0.1199519623613074
2021-07-29 04:00:00,17197.8782336486,0.1199519623613074
2021-07-29 08:00:00,17197.8782336486,0.1199519623613074
2021-07-29 12:00:00,17197.8782336486,0.1199519623613074
2021-07-29 16:00:00,17197.8782336486,0.1199519623613074
2021-07-29 20:00:00,17197.8782336486,0.1199519623613074
2021-07-30 00:00:00,17197.8782336486,0.1199519623613074
2021-07-30 04:00:00,17059.67679931192,0.12702399179624566
2021-07-30 08:00:00,16488.27008411379,0.1562639568414571
2021-07-30 12:00:00,16488.27008411379,0.1562639568414571
2021-07-30 16:00:00,16488.27008411379,0.1562639568414571
2021-07-30 20:00:00,16488.27008411379,0.1562639568414571
2021-07-31 00:00:00,16488.27008411379,0.1562639568414571
2021-07-31 04:00:00,16357.167994245574,0.1629726993590727
2021-07-31 08:00:00,16383.075123201652,0.16164698244859704
2021-07-31 12:00:00,16355.907511706571,0.16303720064055965
2021-07-31 16:00:00,16238.800980658501,0.1690297638767551
2021-07-31 20:00:00,16317.891801902164,0.1649825365917907
2021-08-01 00:00:00,16804.535862668854,0.14008003728996893
2021-08-01 04:00:00,16053.35982743669,0.17851913929697447
2021-08-01 08:00:00,15996.226518423488,0.18144275904807253
2021-08-01 12:00:00,15846.204507254119,0.18911966981220946
2021-08-01 16:00:00,15834.380762584562,0.18972471324562704
2021-08-01 20:00:00,15098.726880555974,0.22736951724207877
2021-08-02 00:00:00,15098.726880555974,0.22736951724207877
2021-08-02 04:00:00,15098.726880555974,0.22736951724207877
2021-08-02 08:00:00,15098.726880555974,0.22736951724207877
2021-08-02 12:00:00,15098.726880555974,0.22736951724207877
2021-08-02 16:00:00,15098.726880555974,0.22736951724207877
2021-08-02 20:00:00,15098.726880555974,0.22736951724207877
2021-08-03 00:00:00,15098.726880555974,0.22736951724207877
2021-08-03 04:00:00,15098.726880555974,0.22736951724207877
2021-08-03 08:00:00,15098.726880555974,0.22736951724207877
2021-08-03 12:00:00,15098.726880555974,0.22736951724207877
2021-08-03 16:00:00,15098.726880555974,0.22736951724207877
2021-08-03 20:00:00,15098.726880555974,0.22736951724207877
2021-08-04 00:00:00,15098.726880555974,0.22736951724207877
2021-08-04 04:00:00,15098.726880555974,0.22736951724207877
2021-08-04 08:00:00,15098.726880555974,0.22736951724207877
2021-08-04 12:00:00,15098.726880555974,0.22736951724207877
2021-08-04 16:00:00,15098.726880555974,0.22736951724207877
2021-08-04 20:00:00,15098.726880555974,0.22736951724207877
2021-08-05 00:00:00,15098.726880555974,0.22736951724207877
2021-08-05 04:00:00,15098.726880555974,0.22736951724207877
2021-08-05 08:00:00,15098.726880555974,0.22736951724207877
2021-08-05 12:00:00,15098.726880555974,0.22736951724207877
2021-08-05 16:00:00,15098.726880555974,0.22736951724207877
2021-08-05 20:00:00,15098.726880555974,0.22736951724207877
2021-08-06 00:00:00,15098.726880555974,0.22736951724207877
2021-08-06 04:00:00,15362.309632214505,0.21388148806772148
2021-08-06 08:00:00,15251.285689791523,0.21956279371094253
2021-08-06 12:00:00,16043.836197049293,0.17900648152139068
2021-08-06 16:00:00,16043.836197049293,0.17900648152139068
2021-08-06 20:00:00,16043.836197049293,0.17900648152139068
2021-08-07 00:00:00,16043.836197049293,0.17900648152139068
2021-08-07 04:00:00,15796.463599866602,0.1916650063555922
2021-08-07 08:00:00,16092.52378887621,0.17651504513240648
2021-08-07 12:00:00,15877.61638090018,0.18751226467855273
2021-08-07 16:00:00,16158.197633444857,0.17315438998346225
2021-08-07 20:00:00,16478.7596105235,0.1567506258076191
2021-08-08 00:00:00,16353.688085858576,0.16315077286939378
2021-08-08 04:00:00,16797.066415199643,0.14046226307958196
2021-08-08 08:00:00,16620.831517237348,0.14948053696244504
2021-08-08 12:00:00,16387.068811440375,0.1614426178490994
2021-08-08 16:00:00,16252.337215659498,0.16833708906607203
2021-08-08 20:00:00,16291.962955977462,0.16630936480072778
2021-08-09 00:00:00,16106.105633578703,0.17582003638681848
2021-08-09 04:00:00,16106.105633578703,0.17582003638681848
2021-08-09 08:00:00,16106.105633578703,0.17582003638681848
2021-08-09 12:00:00,16106.105633578703,0.17582003638681848
2021-08-09 16:00:00,16106.105633578703,0.17582003638681848
2021-08-09 20:00:00,16106.105633578703,0.17582003638681848
2021-08-10 00:00:00,16106.105633578703,0.17582003638681848
2021-08-10 04:00:00,16228.725713980937,0.16954533437608152
2021-08-10 08:00:00,15927.242798143434,0.1849727868129335
2021-08-10 12:00:00,15837.57542776347,0.18956123617110573
2021-08-10 16:00:00,16002.564924325363,0.18111841079999683
2021-08-10 20:00:00,16047.18584329458,0.17883507377184746
2021-08-11 00:00:00,16047.511801252529,0.17881839388509926
2021-08-11 04:00:00,16802.553088387624,0.14018149960942317
2021-08-11 08:00:00,16377.359212318535,0.1619394764462672
2021-08-11 12:00:00,16909.289586036997,0.13471959064457348
2021-08-11 16:00:00,16901.250934750005,0.135130943672794
2021-08-11 20:00:00,15964.222992342375,0.18308044015864675
2021-08-12 00:00:00,16380.204637572362,0.16179387064089648
2021-08-12 04:00:00,15696.796349758544,0.1967651685199473
2021-08-12 08:00:00,15136.922571267394,0.22541497132657903
2021-08-12 12:00:00,15136.922571267394,0.22541497132657903
2021-08-12 16:00:00,15136.922571267394,0.22541497132657903
2021-08-12 20:00:00,15136.922571267394,0.22541497132657903
2021-08-13 00:00:00,15136.922571267394,0.22541497132657903
2021-08-13 04:00:00,15136.922571267394,0.22541497132657903
2021-08-13 08:00:00,15136.922571267394,0.22541497132657903
2021-08-13 12:00:00,15136.922571267394,0.22541497132657903
2021-08-13 16:00:00,15136.922571267394,0.22541497132657903
2021-08-13 20:00:00,15136.922571267394,0.22541497132657903
2021-08-14 00:00:00,15136.922571267394,0.22541497132657903
2021-08-14 04:00:00,15136.922571267394,0.22541497132657903
2021-08-14 08:00:00,15136.922571267394,0.22541497132657903
2021-08-14 12:00:00,15136.922571267394,0.22541497132657903
2021-08-14 16:00:00,15136.922571267394,0.22541497132657903
2021-08-14 20:00:00,15136.922571267394,0.22541497132657903
2021-08-15 00:00:00,15136.922571267394,0.22541497132657903
2021-08-15 04:00:00,14528.182267878175,0.2565653668667159
2021-08-15 08:00:00,14528.182267878175,0.2565653668667159
2021-08-15 12:00:00,14528.182267878175,0.2565653668667159
2021-08-15 16:00:00,14528.182267878175,0.2565653668667159
2021-08-15 20:00:00,14528.182267878175,0.2565653668667159
2021-08-16 00:00:00,14528.182267878175,0.2565653668667159
2021-08-16 04:00:00,14481.677157984735,0.25894512151702026
2021-08-16 08:00:00,14585.218503297792,0.25364671455546023
2021-08-16 12:00:00,13968.29836827987,0.28521568758959115
2021-08-16 16:00:00,13968.29836827987,0.28521568758959115
2021-08-16 20:00:00,13968.29836827987,0.28521568758959115
2021-08-17 00:00:00,13968.29836827987,0.28521568758959115
2021-08-17 04:00:00,13968.29836827987,0.28521568758959115
2021-08-17 08:00:00,13968.29836827987,0.28521568758959115
2021-08-17 12:00:00,13968.29836827987,0.28521568758959115
2021-08-17 16:00:00,13968.29836827987,0.28521568758959115
2021-08-17 20:00:00,13968.29836827987,0.28521568758959115
2021-08-18 00:00:00,13968.29836827987,0.28521568758959115
2021-08-18 04:00:00,13968.29836827987,0.28521568758959115
2021-08-18 08:00:00,13968.29836827987,0.28521568758959115
2021-08-18 12:00:00,13968.29836827987,0.28521568758959115
2021-08-18 16:00:00,13968.29836827987,0.28521568758959115
2021-08-18 20:00:00,13968.29836827987,0.28521568758959115
2021-08-19 00:00:00,13968.29836827987,0.28521568758959115
2021-08-19 04:00:00,13968.29836827987,0.28521568758959115
2021-08-19 08:00:00,13968.29836827987,0.28521568758959115
2021-08-19 12:00:00,13968.29836827987,0.28521568758959115
2021-08-19 16:00:00,13968.29836827987,0.28521568758959115
2021-08-19 20:00:00,13968.29836827987,0.28521568758959115
2021-08-20 00:00:00,13968.29836827987,0.28521568758959115
2021-08-20 04:00:00,13833.617855126897,0.2921075448116376
2021-08-20 08:00:00,13878.038934519123,0.2898344339535531
2021-08-20 12:00:00,14729.137838842975,0.24628208927412795
2021-08-20 16:00:00,14729.137838842975,0.24628208927412795
2021-08-20 20:00:00,14729.137838842975,0.24628208927412795
2021-08-21 00:00:00,14729.137838842975,0.24628208927412795
2021-08-21 04:00:00,14799.778405348472,0.24266727754641057
2021-08-21 08:00:00,14578.589911627028,0.2539859121595432
2021-08-21 12:00:00,14918.136170783402,0.23661068627420845
2021-08-21 16:00:00,14816.9760883366,0.2417872394998554
2021-08-21 20:00:00,14738.56139480972,0.24579986804756487
2021-08-22 00:00:00,14722.616734287349,0.24661578655872596
2021-08-22 04:00:00,15121.145618850183,0.22622230789601233
2021-08-22 08:00:00,15058.155990282054,0.22944560662274208
2021-08-22 12:00:00,14452.706138138848,0.26042762353368654
2021-08-22 16:00:00,14573.925686462266,0.25422458940493287
2021-08-22 20:00:00,15165.277902471145,0.22396397526512116
2021-08-23 00:00:00,16101.322203248976,0.17606481358652104
2021-08-23 04:00:00,16014.829579084215,0.18049080516131255
2021-08-23 08:00:00,16147.220219030374,0.17371612509302425
2021-08-23 12:00:00,15687.947311564994,0.19721799058272865
2021-08-23 16:00:00,15687.947311564994,0.19721799058272865
2021-08-23 20:00:00,15687.947311564994,0.19721799058272865
2021-08-24 00:00:00,15687.947311564994,0.19721799058272865
2021-08-24 04:00:00,15687.947311564994,0.19721799058272865
2021-08-24 08:00:00,15687.947311564994,0.19721799058272865
2021-08-24 12:00:00,15687.947311564994,0.19721799058272865
2021-08-24 16:00:00,15687.947311564994,0.19721799058272865
2021-08-24 20:00:00,15687.947311564994,0.19721799058272865
2021-08-25 00:00:00,15687.947311564994,0.19721799058272865
2021-08-25 04:00:00,15687.947311564994,0.19721799058272865
2021-08-25 08:00:00,15687.947311564994,0.19721799058272865
2021-08-25 12:00:00,15687.947311564994,0.19721799058272865
2021-08-25 16:00:00,15687.947311564994,0.19721799058272865
2021-08-25 20:00:00,15687.947311564994,0.19721799058272865
2021-08-26 00:00:00,15687.947311564994,0.19721799058272865
2021-08-26 04:00:00,15687.947311564994,0.19721799058272865
2021-08-26 08:00:00,15687.947311564994,0.19721799058272865
2021-08-26 12:00:00,15687.947311564994,0.19721799058272865
2021-08-26 16:00:00,15687.947311564994,0.19721799058272865
2021-08-26 20:00:00,15687.947311564994,0.19721799058272865
2021-08-27 00:00:00,15687.947311564994,0.19721799058272865
2021-08-27 04:00:00,15687.947311564994,0.19721799058272865
2021-08-27 08:00:00,15687.947311564994,0.19721799058272865
2021-08-27 12:00:00,15687.947311564994,0.19721799058272865
2021-08-27 16:00:00,15687.947311564994,0.19721799058272865
2021-08-27 20:00:00,15687.947311564994,0.19721799058272865
2021-08-28 00:00:00,15687.947311564994,0.19721799058272865
2021-08-28 04:00:00,15687.947311564994,0.19721799058272865
2021-08-28 08:00:00,15687.947311564994,0.19721799058272865
2021-08-28 12:00:00,15687.947311564994,0.19721799058272865
2021-08-28 16:00:00,15687.947311564994,0.19721799058272865
2021-08-28 20:00:00,15687.947311564994,0.19721799058272865
2021-08-29 00:00:00,15687.947311564994,0.19721799058272865
2021-08-29 04:00:00,15687.947311564994,0.19721799058272865
2021-08-29 08:00:00,15687.947311564994,0.19721799058272865
2021-08-29 12:00:00,15687.947311564994,0.19721799058272865
2021-08-29 16:00:00,15687.947311564994,0.19721799058272865
2021-08-29 20:00:00,15687.947311564994,0.19721799058272865
2021-08-30 00:00:00,15687.947311564994,0.19721799058272865
2021-08-30 04:00:00,15687.947311564994,0.19721799058272865
2021-08-30 08:00:00,15687.947311564994,0.19721799058272865
2021-08-30 12:00:00,15687.947311564994,0.19721799058272865
2021-08-30 16:00:00,15687.947311564994,0.19721799058272865
2021-08-30 20:00:00,15687.947311564994,0.19721799058272865
2021-08-31 00:00:00,15687.947311564994,0.19721799058272865
2021-08-31 04:00:00,15687.947311564994,0.19721799058272865
2021-08-31 08:00:00,15687.947311564994,0.19721799058272865
2021-08-31 12:00:00,15687.947311564994,0.19721799058272865
2021-08-31 16:00:00,15687.947311564994,0.19721799058272865
2021-08-31 20:00:00,15687.947311564994,0.19721799058272865
2021-09-01 00:00:00,15687.947311564994,0.19721799058272865
2021-09-01 04:00:00,15687.947311564994,0.19721799058272865
2021-09-01 08:00:00,15687.947311564994,0.19721799058272865
2021-09-01 12:00:00,15687.947311564994,0.19721799058272865
2021-09-01 16:00:00,15687.947311564994,0.19721799058272865
2021-09-01 20:00:00,15687.947311564994,0.19721799058272865
2021-09-02 00:00:00,15687.947311564994,0.19721799058272865
2021-09-02 04:00:00,15809.586007840096,0.1909935078585524
2021-09-02 08:00:00,15922.748013714185,0.18520279345461504
2021-09-02 12:00:00,15656.782254714977,0.1988127656329493
2021-09-02 16:00:00,15556.448249709521,0.20394704690961987
2021-09-02 20:00:00,15509.734020084255,0.20633750261310793
2021-09-03 00:00:00,15624.818472554442,0.20044841297175026
2021-09-03 04:00:00,15440.010058756758,0.20990540991591727
2021-09-03 08:00:00,16303.425172313922,0.16572282145759865
2021-09-03 12:00:00,16685.31393313777,0.14618084947748888
2021-09-03 16:00:00,16663.343315977258,0.147305127615474
2021-09-03 20:00:00,16133.96262091647,0.17439454152587905
2021-09-04 00:00:00,16412.236240979517,0.16015475276031205
2021-09-04 04:00:00,16264.200056473708,0.1677300450088034
2021-09-04 08:00:00,15837.64127872543,0.189557866452524
2021-09-04 12:00:00,15793.494627095584,0.19181693432167257
2021-09-04 16:00:00,15945.397960473583,0.18404375273299686
2021-09-04 20:00:00,15856.594752148367,0.18858798128031382
2021-09-05 00:00:00,15477.916291547253,0.20796567611106442
2021-09-05 04:00:00,15768.77674039108,0.19308179545124574
2021-09-05 08:00:00,16281.20493768928,0.16685987299451605
2021-09-05 12:00:00,16305.424441402965,0.1656205150675533
2021-09-05 16:00:00,16938.05397529641,0.13324766230680368
2021-09-05 20:00:00,17436.31187891658,0.10775086064548212
2021-09-06 00:00:00,17436.31187891658,0.10775086064548212
2021-09-06 04:00:00,17532.8489879064,0.10281087373712143
2021-09-06 08:00:00,17335.079523938668,0.11293111219357979
2021-09-06 12:00:00,17436.959617678483,0.10771771462487581
2021-09-06 16:00:00,17492.4198772223,0.1048797079873493
2021-09-06 20:00:00,17966.67216784735,0.08061131905936893
2021-09-07 00:00:00,17961.791827912642,0.08086105530730602
2021-09-07 04:00:00,17627.188473369246,0.0979833433914895
2021-09-07 08:00:00,16201.315341224346,0.17094797512208854
2021-09-07 12:00:00,14778.77109313526,0.2437422615437463
2021-09-07 16:00:00,14778.77109313526,0.2437422615437463
2021-09-07 20:00:00,14778.77109313526,0.2437422615437463
2021-09-08 00:00:00,14778.77109313526,0.2437422615437463
2021-09-08 04:00:00,14778.77109313526,0.2437422615437463
2021-09-08 08:00:00,14778.77109313526,0.2437422615437463
2021-09-08 12:00:00,14778.77109313526,0.2437422615437463
2021-09-08 16:00:00,14778.77109313526,0.2437422615437463
2021-09-08 20:00:00,14778.77109313526,0.2437422615437463
2021-09-09 00:00:00,14778.77109313526,0.2437422615437463
2021-09-09 04:00:00,14778.77109313526,0.2437422615437463
2021-09-09 08:00:00,14778.77109313526,0.2437422615437463
2021-09-09 12:00:00,14778.77109313526,0.2437422615437463
2021-09-09 16:00:00,14778.77109313526,0.2437422615437463
2021-09-09 20:00:00,14778.77109313526,0.2437422615437463
2021-09-10 00:00:00,14778.77109313526,0.2437422615437463
2021-09-10 04:00:00,14778.77109313526,0.2437422615437463
2021-09-10 08:00:00,14778.77109313526,0.2437422615437463
2021-09-10 12:00:00,14778.77109313526,0.2437422615437463
2021-09-10 16:00:00,14778.77109313526,0.2437422615437463
2021-09-10 20:00:00,14778.77109313526,0.2437422615437463
2021-09-11 00:00:00,14778.77109313526,0.2437422615437463
2021-09-11 04:00:00,14778.77109313526,0.2437422615437463
2021-09-11 08:00:00,14778.77109313526,0.2437422615437463
2021-09-11 12:00:00,14778.77109313526,0.2437422615437463
2021-09-11 16:00:00,14778.77109313526,0.2437422615437463
2021-09-11 20:00:00,14778.77109313526,0.2437422615437463
2021-09-12 00:00:00,14778.77109313526,0.2437422615437463
2021-09-12 04:00:00,14778.77109313526,0.2437422615437463
2021-09-12 08:00:00,14778.77109313526,0.2437422615437463
2021-09-12 12:00:00,14778.77109313526,0.2437422615437463
2021-09-12 16:00:00,14778.77109313526,0.2437422615437463
2021-09-12 20:00:00,14778.77109313526,0.2437422615437463
2021-09-13 00:00:00,14778.77109313526,0.2437422615437463
2021-09-13 04:00:00,14778.77109313526,0.2437422615437463
2021-09-13 08:00:00,14778.77109313526,0.2437422615437463
2021-09-13 12:00:00,14778.77109313526,0.2437422615437463
2021-09-13 16:00:00,14778.77109313526,0.2437422615437463
2021-09-13 20:00:00,14778.77109313526,0.2437422615437463
2021-09-14 00:00:00,14778.77109313526,0.2437422615437463
2021-09-14 04:00:00,14778.77109313526,0.2437422615437463
2021-09-14 08:00:00,14778.77109313526,0.2437422615437463
2021-09-14 12:00:00,14778.77109313526,0.2437422615437463
2021-09-14 16:00:00,14778.77109313526,0.2437422615437463
2021-09-14 20:00:00,14778.77109313526,0.2437422615437463
2021-09-15 00:00:00,14778.77109313526,0.2437422615437463
2021-09-15 04:00:00,14813.76948389149,0.24195132752926593
2021-09-15 08:00:00,15007.71232155353,0.2320269047964305
2021-09-15 12:00:00,15330.412854375923,0.21551370666832295
2021-09-15 16:00:00,15330.412854375923,0.21551370666832295
2021-09-15 20:00:00,15330.412854375923,0.21551370666832295
2021-09-16 00:00:00,15330.412854375923,0.21551370666832295
2021-09-16 04:00:00,15700.738826337194,0.1965634245181966
2021-09-16 08:00:00,15476.471786561846,0.20803959417005383
2021-09-16 12:00:00,15539.078518082879,0.20483588901122454
2021-09-16 16:00:00,15243.953402975829,0.2199380007298485
2021-09-16 20:00:00,15397.84909203145,0.21206286652349815
2021-09-17 00:00:00,15478.845176153858,0.20791814332451194
2021-09-17 04:00:00,15297.203726850903,0.21721308069068962
2021-09-17 08:00:00,14981.016820340155,0.23339296421012296
2021-09-17 12:00:00,15104.95688570848,0.227050716065884
2021-09-17 16:00:00,15079.097747092752,0.22837397721965078
2021-09-17 20:00:00,14877.38004131055,0.23869625469590808
2021-09-18 00:00:00,15501.947536189511,0.2067359517577395
2021-09-18 04:00:00,16161.892757840424,0.1729653034619176
2021-09-18 08:00:00,16034.455777648078,0.17948649536810554
2021-09-18 12:00:00,16058.361063535987,0.17826321656306754
2021-09-18 16:00:00,15983.854892672669,0.1820758385952405
2021-09-18 20:00:00,15997.214578047271,0.1813921981636909
2021-09-19 00:00:00,15773.272839895153,0.192851721514692
2021-09-19 04:00:00,15929.67238649869,0.1848484601701195
2021-09-19 08:00:00,15514.678091220298,0.20608450511875967
2021-09-19 12:00:00,15674.159865641073,0.19792352033265187
2021-09-19 16:00:00,15539.149717599701,0.20483224559694932
2021-09-19 20:00:00,15471.653957161185,0.2082861316354392
2021-09-20 00:00:00,14601.015120488597,0.2528383717022763
2021-09-20 04:00:00,14601.015120488597,0.2528383717022763
2021-09-20 08:00:00,14601.015120488597,0.2528383717022763
2021-09-20 12:00:00,14601.015120488597,0.2528383717022763
2021-09-20 16:00:00,14601.015120488597,0.2528383717022763
2021-09-20 20:00:00,14601.015120488597,0.2528383717022763
2021-09-21 00:00:00,14601.015120488597,0.2528383717022763
2021-09-21 04:00:00,14601.015120488597,0.2528383717022763
2021-09-21 08:00:00,14601.015120488597,0.2528383717022763
2021-09-21 12:00:00,14601.015120488597,0.2528383717022763
2021-09-21 16:00:00,14601.015120488597,0.2528383717022763
2021-09-21 20:00:00,14601.015120488597,0.2528383717022763
2021-09-22 00:00:00,14601.015120488597,0.2528383717022763
2021-09-22 04:00:00,14601.015120488597,0.2528383717022763
2021-09-22 08:00:00,14601.015120488597,0.2528383717022763
2021-09-22 12:00:00,14601.015120488597,0.2528383717022763
2021-09-22 16:00:00,14601.015120488597,0.2528383717022763
2021-09-22 20:00:00,14601.015120488597,0.2528383717022763
2021-09-23 00:00:00,14601.015120488597,0.2528383717022763
2021-09-23 04:00:00,14601.015120488597,0.2528383717022763
2021-09-23 08:00:00,14601.015120488597,0.2528383717022763
2021-09-23 12:00:00,14601.015120488597,0.2528383717022763
2021-09-23 16:00:00,14601.015120488597,0.2528383717022763
2021-09-23 20:00:00,14601.015120488597,0.2528383717022763
2021-09-24 00:00:00,14601.015120488597,0.2528383717022763
2021-09-24 04:00:00,14858.909847197587,0.2396414095494943
2021-09-24 08:00:00,13191.082358824724,0.3249873044512641
2021-09-24 12:00:00,13191.082358824724,0.3249873044512641
2021-09-24 16:00:00,13191.082358824724,0.3249873044512641
2021-09-24 20:00:00,13191.082358824724,0.3249873044512641
2021-09-25 00:00:00,13191.082358824724,0.3249873044512641
2021-09-25 04:00:00,13191.082358824724,0.3249873044512641
2021-09-25 08:00:00,13191.082358824724,0.3249873044512641
2021-09-25 12:00:00,13191.082358824724,0.3249873044512641
2021-09-25 16:00:00,13191.082358824724,0.3249873044512641
2021-09-25 20:00:00,13191.082358824724,0.3249873044512641
2021-09-26 00:00:00,13191.082358824724,0.3249873044512641
2021-09-26 04:00:00,13191.082358824724,0.3249873044512641
2021-09-26 08:00:00,13191.082358824724,0.3249873044512641
2021-09-26 12:00:00,13191.082358824724,0.3249873044512641
2021-09-26 16:00:00,13191.082358824724,0.3249873044512641
2021-09-26 20:00:00,13191.082358824724,0.3249873044512641
2021-09-27 00:00:00,13191.082358824724,0.3249873044512641
2021-09-27 04:00:00,13191.082358824724,0.3249873044512641
2021-09-27 08:00:00,13191.082358824724,0.3249873044512641
2021-09-27 12:00:00,13191.082358824724,0.3249873044512641
2021-09-27 16:00:00,13191.082358824724,0.3249873044512641
2021-09-27 20:00:00,13191.082358824724,0.3249873044512641
2021-09-28 00:00:00,13191.082358824724,0.3249873044512641
2021-09-28 04:00:00,13191.082358824724,0.3249873044512641
2021-09-28 08:00:00,13191.082358824724,0.3249873044512641
2021-09-28 12:00:00,13191.082358824724,0.3249873044512641
2021-09-28 16:00:00,13191.082358824724,0.3249873044512641
2021-09-28 20:00:00,13191.082358824724,0.3249873044512641
2021-09-29 00:00:00,13191.082358824724,0.3249873044512641
2021-09-29 04:00:00,13191.082358824724,0.3249873044512641
2021-09-29 08:00:00,13191.082358824724,0.3249873044512641
2021-09-29 12:00:00,13191.082358824724,0.3249873044512641
2021-09-29 16:00:00,13191.082358824724,0.3249873044512641
2021-09-29 20:00:00,13191.082358824724,0.3249873044512641
2021-09-30 00:00:00,13191.082358824724,0.3249873044512641
2021-09-30 04:00:00,13191.082358824724,0.3249873044512641
2021-09-30 08:00:00,13191.082358824724,0.3249873044512641
2021-09-30 12:00:00,13191.082358824724,0.3249873044512641
2021-09-30 16:00:00,13191.082358824724,0.3249873044512641
2021-09-30 20:00:00,13191.082358824724,0.3249873044512641
2021-10-01 00:00:00,13191.082358824724,0.3249873044512641
2021-10-01 04:00:00,13739.596608195656,0.29691879028820395
2021-10-01 08:00:00,13739.596608195656,0.29691879028820395
2021-10-01 12:00:00,13739.596608195656,0.29691879028820395
2021-10-01 16:00:00,13739.596608195656,0.29691879028820395
2021-10-01 20:00:00,13739.596608195656,0.29691879028820395
2021-10-02 00:00:00,13739.596608195656,0.29691879028820395
2021-10-02 04:00:00,13850.666870768322,0.2912351143550972
2021-10-02 08:00:00,13829.878026218696,0.29229891894785676
2021-10-02 12:00:00,13902.404668193029,0.28858759316226335
2021-10-02 16:00:00,14108.133737271206,0.27806004662031564
2021-10-02 20:00:00,13805.575757642966,0.2935425121097384
2021-10-03 00:00:00,13937.447357098281,0.28679439232750503
2021-10-03 04:00:00,13932.651253659387,0.28703981803423273
2021-10-03 08:00:00,14011.50321664762,0.2830048135790913
2021-10-03 12:00:00,13916.443682726507,0.2878691901695967
2021-10-03 16:00:00,14768.094142376684,0.2442886213583347
2021-10-03 20:00:00,14480.70509682057,0.25899486372988906
2021-10-04 00:00:00,14115.086297626704,0.2777042709243667
2021-10-04 04:00:00,14299.950358163494,0.2682444264310494
2021-10-04 08:00:00,14173.596177809377,0.27471020941644825
2021-10-04 12:00:00,14259.775580626685,0.2703002459718963
2021-10-04 16:00:00,15026.346135625507,0.23107337719930623
2021-10-04 20:00:00,15026.346135625507,0.23107337719930623
2021-10-05 00:00:00,15026.346135625507,0.23107337719930623
2021-10-05 04:00:00,15113.112320712102,0.22663338699345315
2021-10-05 08:00:00,15313.380332142693,0.2163852931258933
2021-10-05 12:00:00,15271.62550206593,0.21852196695110368
2021-10-05 16:00:00,15923.037593251986,0.185187975120602
2021-10-05 20:00:00,15923.037593251986,0.185187975120602
2021-10-06 00:00:00,15923.037593251986,0.185187975120602
2021-10-06 04:00:00,15896.47692791917,0.18654713472662762
2021-10-06 08:00:00,15824.75269932914,0.19021739949791236
2021-10-06 12:00:00,17603.263386654125,0.09920763544239969
2021-10-06 16:00:00,17603.263386654125,0.09920763544239969
2021-10-06 20:00:00,17603.263386654125,0.09920763544239969
2021-10-07 00:00:00,17603.263386654125,0.09920763544239969
2021-10-07 04:00:00,17579.56814584032,0.10042016584273512
2021-10-07 08:00:00,17354.369575132667,0.11194400369864849
2021-10-07 12:00:00,17113.428785493306,0.12427340074568476
2021-10-07 16:00:00,17113.428785493306,0.12427340074568476
2021-10-07 20:00:00,17113.428785493306,0.12427340074568476
2021-10-08 00:00:00,17113.428785493306,0.12427340074568476
2021-10-08 04:00:00,17626.505241477113,0.09801830566286712
2021-10-08 08:00:00,17783.38295118669,0.08999057580552669
2021-10-08 12:00:00,17783.38295118669,0.08999057580552669
2021-10-08 16:00:00,17783.38295118669,0.08999057580552669
2021-10-08 20:00:00,17783.38295118669,0.08999057580552669
2021-10-09 00:00:00,17783.38295118669,0.08999057580552669
2021-10-09 04:00:00,17783.38295118669,0.08999057580552669
2021-10-09 08:00:00,17783.38295118669,0.08999057580552669
2021-10-09 12:00:00,17783.38295118669,0.08999057580552669
2021-10-09 16:00:00,17783.38295118669,0.08999057580552669
2021-10-09 20:00:00,17783.38295118669,0.08999057580552669
2021-10-10 00:00:00,17783.38295118669,0.08999057580552669
2021-10-10 04:00:00,18116.12824756027,0.07296336808090555
2021-10-10 08:00:00,17854.205527402173,0.08636645029584573
2021-10-10 12:00:00,17968.20595895839,0.08053283206003796
2021-10-10 16:00:00,18006.815863768396,0.07855709002373375
2021-10-10 20:00:00,17611.17965010806,0.09880254523165288
2021-10-11 00:00:00,18486.02510505687,0.05403504453156857
2021-10-11 04:00:00,18629.199130527664,0.04670855817990461
2021-10-11 08:00:00,18438.063306945845,0.0564893406799531
2021-10-11 12:00:00,18979.393538713903,0.028788446319049837
2021-10-11 16:00:00,18978.45775407064,0.028836332193560986
2021-10-11 20:00:00,18969.956589066525,0.02927135292564625
2021-10-12 00:00:00,18589.9400509426,0.04871751972033098
2021-10-12 04:00:00,18905.65262741609,0.03256190856826832
2021-10-12 08:00:00,18854.315040303765,0.035188950240589864
2021-10-12 12:00:00,18385.83015430388,0.05916221013848351
2021-10-12 16:00:00,17862.068385472077,0.08596409293986026
2021-10-12 20:00:00,17862.068385472077,0.08596409293986026
2021-10-13 00:00:00,17862.068385472077,0.08596409293986026
2021-10-13 04:00:00,17862.068385472077,0.08596409293986026
2021-10-13 08:00:00,17862.068385472077,0.08596409293986026
2021-10-13 12:00:00,17862.068385472077,0.08596409293986026
2021-10-13 16:00:00,17862.068385472077,0.08596409293986026
2021-10-13 20:00:00,17862.068385472077,0.08596409293986026
2021-10-14 00:00:00,17862.068385472077,0.08596409293986026
2021-10-14 04:00:00,17862.068385472077,0.08596409293986026
2021-10-14 08:00:00,17862.068385472077,0.08596409293986026
2021-10-14 12:00:00,17862.068385472077,0.08596409293986026
2021-10-14 16:00:00,17862.068385472077,0.08596409293986026
2021-10-14 20:00:00,17862.068385472077,0.08596409293986026
2021-10-15 00:00:00,17862.068385472077,0.08596409293986026
2021-10-15 04:00:00,17776.023749774773,0.09036716009535344
2021-10-15 08:00:00,17924.257770884196,0.08278174417274259
2021-10-15 12:00:00,18179.433878663283,0.06972389890530216
2021-10-15 16:00:00,18824.302705419504,0.03672473832217844
2021-10-15 20:00:00,18824.302705419504,0.03672473832217844
2021-10-16 00:00:00,18824.302705419504,0.03672473832217844
2021-10-16 04:00:00,18839.42074313822,0.03595111966721713
2021-10-16 08:00:00,18771.059475387876,0.03944929535591779
2021-10-16 12:00:00,18442.941033329054,0.05623973817240175
2021-10-16 16:00:00,18389.58023584127,0.05897031135578904
2021-10-16 20:00:00,18410.182889763902,0.05791603449044367
2021-10-17 00:00:00,18530.3088475115,0.051768961464981646
2021-10-17 04:00:00,17710.981932227965,0.09369547322322108
2021-10-17 08:00:00,18016.142579176998,0.07807982431214755
2021-10-17 12:00:00,17928.24663305391,0.08257762653234672
2021-10-17 16:00:00,17805.916229123948,0.08883750524874998
2021-10-17 20:00:00,18310.328521193158,0.06302577186132463
2021-10-18 00:00:00,18608.091203650412,0.047788690820371946
2021-10-18 04:00:00,18379.685652395783,0.05947663595154152
2021-10-18 08:00:00,17387.0545017205,0.11027145403216064
2021-10-18 12:00:00,17922.041030373504,0.08289517898777528
2021-10-18 16:00:00,17637.824074804048,0.09743909950019994
2021-10-18 20:00:00,17925.419680961375,0.08272228703102769
2021-10-19 00:00:00,18159.952189308093,0.07072081388830148
2021-10-19 04:00:00,18006.59254260416,0.07856851779114071
2021-10-19 08:00:00,17922.24675538239,0.082884651649001
2021-10-19 12:00:00,18056.034079914552,0.07603850058223187
2021-10-19 16:00:00,18887.819867327107,0.033474444714226434
2021-10-19 20:00:00,18887.819867327107,0.033474444714226434
2021-10-20 00:00:00,18887.819867327107,0.033474444714226434
2021-10-20 04:00:00,18985.877013464615,0.02845667462291813
2021-10-20 08:00:00,18881.430081667815,0.03380142216190888
2021-10-20 12:00:00,20358.408738197257,0.0
2021-10-20 16:00:00,20358.408738197257,0.0
2021-10-20 20:00:00,20358.408738197257,0.0
2021-10-21 00:00:00,20358.408738197257,0.0
2021-10-21 04:00:00,20356.793698461395,7.933035222106034e-05
2021-10-21 08:00:00,20220.382135864675,0.006779832555066601
2021-10-21 12:00:00,19251.7111731383,0.05436071056882386
2021-10-21 16:00:00,19251.7111731383,0.05436071056882386
2021-10-21 20:00:00,19251.7111731383,0.05436071056882386
2021-10-22 00:00:00,19251.7111731383,0.05436071056882386
2021-10-22 04:00:00,19251.7111731383,0.05436071056882386
2021-10-22 08:00:00,19251.7111731383,0.05436071056882386
2021-10-22 12:00:00,19251.7111731383,0.05436071056882386
2021-10-22 16:00:00,19251.7111731383,0.05436071056882386
2021-10-22 20:00:00,19251.7111731383,0.05436071056882386
2021-10-23 00:00:00,19251.7111731383,0.05436071056882386
2021-10-23 04:00:00,19251.7111731383,0.05436071056882386
2021-10-23 08:00:00,19251.7111731383,0.05436071056882386
2021-10-23 12:00:00,19251.7111731383,0.05436071056882386
2021-10-23 16:00:00,19251.7111731383,0.05436071056882386
2021-10-23 20:00:00,19251.7111731383,0.05436071056882386
2021-10-24 00:00:00,19251.7111731383,0.05436071056882386
2021-10-24 04:00:00,19251.7111731383,0.05436071056882386
2021-10-24 08:00:00,19251.7111731383,0.05436071056882386
2021-10-24 12:00:00,19251.7111731383,0.05436071056882386
2021-10-24 16:00:00,19251.7111731383,0.05436071056882386
2021-10-24 20:00:00,19251.7111731383,0.05436071056882386
2021-10-25 00:00:00,19251.7111731383,0.05436071056882386
2021-10-25 04:00:00,19251.7111731383,0.05436071056882386
2021-10-25 08:00:00,19251.7111731383,0.05436071056882386
2021-10-25 12:00:00,19251.7111731383,0.05436071056882386
2021-10-25 16:00:00,19251.7111731383,0.05436071056882386
2021-10-25 20:00:00,19251.7111731383,0.05436071056882386
2021-10-26 00:00:00,19251.7111731383,0.05436071056882386
2021-10-26 04:00:00,19066.086648035674,0.06347854131334323
2021-10-26 08:00:00,19219.79442195245,0.05592845349000645
2021-10-26 12:00:00,19107.08810534045,0.061464559875400816
2021-10-26 16:00:00,18849.78414685643,0.07410326665218613
2021-10-26 20:00:00,17983.212747093305,0.11666903939537843
2021-10-27 00:00:00,17983.212747093305,0.11666903939537843
2021-10-27 04:00:00,17983.212747093305,0.11666903939537843
2021-10-27 08:00:00,17983.212747093305,0.11666903939537843
2021-10-27 12:00:00,17983.212747093305,0.11666903939537843
2021-10-27 16:00:00,17983.212747093305,0.11666903939537843
2021-10-27 20:00:00,17983.212747093305,0.11666903939537843
2021-10-28 00:00:00,17983.212747093305,0.11666903939537843
2021-10-28 04:00:00,17983.212747093305,0.11666903939537843
2021-10-28 08:00:00,17983.212747093305,0.11666903939537843
2021-10-28 12:00:00,17983.212747093305,0.11666903939537843
2021-10-28 16:00:00,17983.212747093305,0.11666903939537843
2021-10-28 20:00:00,17983.212747093305,0.11666903939537843
2021-10-29 00:00:00,17983.212747093305,0.11666903939537843
2021-10-29 04:00:00,17983.212747093305,0.11666903939537843
2021-10-29 08:00:00,17983.212747093305,0.11666903939537843
2021-10-29 12:00:00,17983.212747093305,0.11666903939537843
2021-10-29 16:00:00,17983.212747093305,0.11666903939537843
2021-10-29 20:00:00,17983.212747093305,0.11666903939537843
2021-10-30 00:00:00,17983.212747093305,0.11666903939537843
2021-10-30 04:00:00,17929.945112649224,0.11928553241942003
2021-10-30 08:00:00,17928.843791661577,0.1193396290338367
2021-10-30 12:00:00,17819.922767886714,0.12468980277165448
2021-10-30 16:00:00,17996.74045608799,0.11600456167668004
2021-10-30 20:00:00,18060.898618802745,0.11285312859859387
2021-10-31 00:00:00,17980.21128056473,0.1168164706886181
2021-10-31 04:00:00,17642.026854435535,0.13342800602412203
2021-10-31 08:00:00,16668.253164285863,0.1812595287463591
2021-10-31 12:00:00,16668.253164285863,0.1812595287463591
2021-10-31 16:00:00,16668.253164285863,0.1812595287463591
2021-10-31 20:00:00,16668.253164285863,0.1812595287463591
2021-11-01 00:00:00,16668.253164285863,0.1812595287463591
2021-11-01 04:00:00,16668.253164285863,0.1812595287463591
2021-11-01 08:00:00,16668.253164285863,0.1812595287463591
2021-11-01 12:00:00,16668.253164285863,0.1812595287463591
2021-11-01 16:00:00,16668.253164285863,0.1812595287463591
2021-11-01 20:00:00,16668.253164285863,0.1812595287463591
2021-11-02 00:00:00,16668.253164285863,0.1812595287463591
2021-11-02 04:00:00,16668.253164285863,0.1812595287463591
2021-11-02 08:00:00,16668.253164285863,0.1812595287463591
2021-11-02 12:00:00,16668.253164285863,0.1812595287463591
2021-11-02 16:00:00,16668.253164285863,0.1812595287463591
2021-11-02 20:00:00,16668.253164285863,0.1812595287463591
2021-11-03 00:00:00,16668.253164285863,0.1812595287463591
2021-11-03 04:00:00,16763.659455295696,0.17657319533804963
2021-11-03 08:00:00,16620.547693578534,0.183602809663881
2021-11-03 12:00:00,16121.454090661935,0.20811816394990532
2021-11-03 16:00:00,16121.454090661935,0.20811816394990532
2021-11-03 20:00:00,16121.454090661935,0.20811816394990532
2021-11-04 00:00:00,16121.454090661935,0.20811816394990532
2021-11-04 04:00:00,16121.454090661935,0.20811816394990532
2021-11-04 08:00:00,16121.454090661935,0.20811816394990532
2021-11-04 12:00:00,16121.454090661935,0.20811816394990532
2021-11-04 16:00:00,16121.454090661935,0.20811816394990532
2021-11-04 20:00:00,16121.454090661935,0.20811816394990532
2021-11-05 00:00:00,16121.454090661935,0.20811816394990532
2021-11-05 04:00:00,16121.454090661935,0.20811816394990532
2021-11-05 08:00:00,16121.454090661935,0.20811816394990532
2021-11-05 12:00:00,16121.454090661935,0.20811816394990532
2021-11-05 16:00:00,16121.454090661935,0.20811816394990532
2021-11-05 20:00:00,16121.454090661935,0.20811816394990532
2021-11-06 00:00:00,16121.454090661935,0.20811816394990532
2021-11-06 04:00:00,16121.454090661935,0.20811816394990532
2021-11-06 08:00:00,16121.454090661935,0.20811816394990532
2021-11-06 12:00:00,16121.454090661935,0.20811816394990532
2021-11-06 16:00:00,16121.454090661935,0.20811816394990532
2021-11-06 20:00:00,16121.454090661935,0.20811816394990532
2021-11-07 00:00:00,16121.454090661935,0.20811816394990532
2021-11-07 04:00:00,16121.454090661935,0.20811816394990532
2021-11-07 08:00:00,16121.454090661935,0.20811816394990532
2021-11-07 12:00:00,16121.454090661935,0.20811816394990532
2021-11-07 16:00:00,16121.454090661935,0.20811816394990532
2021-11-07 20:00:00,16121.454090661935,0.20811816394990532
2021-11-08 00:00:00,16121.454090661935,0.20811816394990532
2021-11-08 04:00:00,16490.432940266477,0.18999401415266456
2021-11-08 08:00:00,16538.081748489243,0.18765351648236456
2021-11-08 12:00:00,16709.17312428922,0.17924955043569762
2021-11-08 16:00:00,16436.95560082327,0.19262080783437666
2021-11-08 20:00:00,17230.84404624813,0.15362520382455358
2021-11-09 00:00:00,17230.84404624813,0.15362520382455358
2021-11-09 04:00:00,16905.05775696844,0.16962774574564382
2021-11-09 08:00:00,16776.257150090983,0.17595439968671509
2021-11-09 12:00:00,16328.08724395987,0.19796839458653454
2021-11-09 16:00:00,16328.08724395987,0.19796839458653454
2021-11-09 20:00:00,16328.08724395987,0.19796839458653454
2021-11-10 00:00:00,16328.08724395987,0.19796839458653454
2021-11-10 04:00:00,16289.294402673657,0.1998738893521165
2021-11-10 08:00:00,16349.467180347812,0.19691821740113258
2021-11-10 12:00:00,17196.75477987985,0.15529966015395813
2021-11-10 16:00:00,17196.75477987985,0.15529966015395813
2021-11-10 20:00:00,17196.75477987985,0.15529966015395813
2021-11-11 00:00:00,17196.75477987985,0.15529966015395813
2021-11-11 04:00:00,17196.75477987985,0.15529966015395813
2021-11-11 08:00:00,17196.75477987985,0.15529966015395813
2021-11-11 12:00:00,17196.75477987985,0.15529966015395813
2021-11-11 16:00:00,17196.75477987985,0.15529966015395813
2021-11-11 20:00:00,17196.75477987985,0.15529966015395813
2021-11-12 00:00:00,17196.75477987985,0.15529966015395813
2021-11-12 04:00:00,17196.75477987985,0.15529966015395813
2021-11-12 08:00:00,17196.75477987985,0.15529966015395813
2021-11-12 12:00:00,17196.75477987985,0.15529966015395813
2021-11-12 16:00:00,17196.75477987985,0.15529966015395813
2021-11-12 20:00:00,17196.75477987985,0.15529966015395813
2021-11-13 00:00:00,17196.75477987985,0.15529966015395813
2021-11-13 04:00:00,17196.75477987985,0.15529966015395813
2021-11-13 08:00:00,17196.75477987985,0.15529966015395813
2021-11-13 12:00:00,17196.75477987985,0.15529966015395813
2021-11-13 16:00:00,17196.75477987985,0.15529966015395813
2021-11-13 20:00:00,17196.75477987985,0.15529966015395813
2021-11-14 00:00:00,17196.75477987985,0.15529966015395813
2021-11-14 04:00:00,17196.75477987985,0.15529966015395813
2021-11-14 08:00:00,17196.75477987985,0.15529966015395813
2021-11-14 12:00:00,17196.75477987985,0.15529966015395813
2021-11-14 16:00:00,17196.75477987985,0.15529966015395813
2021-11-14 20:00:00,17196.75477987985,0.15529966015395813
2021-11-15 00:00:00,17196.75477987985,0.15529966015395813
2021-11-15 04:00:00,17134.62537718378,0.15835144104189666
2021-11-15 08:00:00,17211.288244763327,0.15458577995485356
2021-11-15 12:00:00,16453.32132595714,0.19181692746512344
2021-11-15 16:00:00,16453.32132595714,0.19181692746512344
2021-11-15 20:00:00,16453.32132595714,0.19181692746512344
2021-11-16 00:00:00,16453.32132595714,0.19181692746512344
2021-11-16 04:00:00,16453.32132595714,0.19181692746512344
2021-11-16 08:00:00,16453.32132595714,0.19181692746512344
2021-11-16 12:00:00,16453.32132595714,0.19181692746512344
2021-11-16 16:00:00,16453.32132595714,0.19181692746512344
2021-11-16 20:00:00,16453.32132595714,0.19181692746512344
2021-11-17 00:00:00,16453.32132595714,0.19181692746512344
2021-11-17 04:00:00,16453.32132595714,0.19181692746512344
2021-11-17 08:00:00,16453.32132595714,0.19181692746512344
2021-11-17 12:00:00,16453.32132595714,0.19181692746512344
2021-11-17 16:00:00,16453.32132595714,0.19181692746512344
2021-11-17 20:00:00,16453.32132595714,0.19181692746512344
2021-11-18 00:00:00,16453.32132595714,0.19181692746512344
2021-11-18 04:00:00,16453.32132595714,0.19181692746512344
2021-11-18 08:00:00,16453.32132595714,0.19181692746512344
2021-11-18 12:00:00,16453.32132595714,0.19181692746512344
2021-11-18 16:00:00,16453.32132595714,0.19181692746512344
2021-11-18 20:00:00,16453.32132595714,0.19181692746512344
2021-11-19 00:00:00,16453.32132595714,0.19181692746512344
2021-11-19 04:00:00,16453.32132595714,0.19181692746512344
2021-11-19 08:00:00,16453.32132595714,0.19181692746512344
2021-11-19 12:00:00,16453.32132595714,0.19181692746512344
2021-11-19 16:00:00,16453.32132595714,0.19181692746512344
2021-11-19 20:00:00,16453.32132595714,0.19181692746512344
2021-11-20 00:00:00,16453.32132595714,0.19181692746512344
2021-11-20 04:00:00,16453.32132595714,0.19181692746512344
2021-11-20 08:00:00,16453.32132595714,0.19181692746512344
2021-11-20 12:00:00,16453.32132595714,0.19181692746512344
2021-11-20 16:00:00,16453.32132595714,0.19181692746512344
2021-11-20 20:00:00,16453.32132595714,0.19181692746512344
2021-11-21 00:00:00,16453.32132595714,0.19181692746512344
2021-11-21 04:00:00,16453.32132595714,0.19181692746512344
2021-11-21 08:00:00,16453.32132595714,0.19181692746512344
2021-11-21 12:00:00,16453.32132595714,0.19181692746512344
2021-11-21 16:00:00,16453.32132595714,0.19181692746512344
2021-11-21 20:00:00,16453.32132595714,0.19181692746512344
2021-11-22 00:00:00,16453.32132595714,0.19181692746512344
2021-11-22 04:00:00,16453.32132595714,0.19181692746512344
2021-11-22 08:00:00,16453.32132595714,0.19181692746512344
2021-11-22 12:00:00,16453.32132595714,0.19181692746512344
2021-11-22 16:00:00,16453.32132595714,0.19181692746512344
2021-11-22 20:00:00,16453.32132595714,0.19181692746512344
2021-11-23 00:00:00,16453.32132595714,0.19181692746512344
2021-11-23 04:00:00,16453.32132595714,0.19181692746512344
2021-11-23 08:00:00,16453.32132595714,0.19181692746512344
2021-11-23 12:00:00,16453.32132595714,0.19181692746512344
2021-11-23 16:00:00,16453.32132595714,0.19181692746512344
2021-11-23 20:00:00,16453.32132595714,0.19181692746512344
2021-11-24 00:00:00,16453.32132595714,0.19181692746512344
2021-11-24 04:00:00,16453.32132595714,0.19181692746512344
2021-11-24 08:00:00,16453.32132595714,0.19181692746512344
2021-11-24 12:00:00,16453.32132595714,0.19181692746512344
2021-11-24 16:00:00,16453.32132595714,0.19181692746512344
2021-11-24 20:00:00,16453.32132595714,0.19181692746512344
2021-11-25 00:00:00,16453.32132595714,0.19181692746512344
2021-11-25 04:00:00,16453.32132595714,0.19181692746512344
2021-11-25 08:00:00,16453.32132595714,0.19181692746512344
2021-11-25 12:00:00,16453.32132595714,0.19181692746512344
2021-11-25 16:00:00,16453.32132595714,0.19181692746512344
2021-11-25 20:00:00,16453.32132595714,0.19181692746512344
2021-11-26 00:00:00,16453.32132595714,0.19181692746512344
2021-11-26 04:00:00,16453.32132595714,0.19181692746512344
2021-11-26 08:00:00,16453.32132595714,0.19181692746512344
2021-11-26 12:00:00,16453.32132595714,0.19181692746512344
2021-11-26 16:00:00,16453.32132595714,0.19181692746512344
2021-11-26 20:00:00,16453.32132595714,0.19181692746512344
2021-11-27 00:00:00,16453.32132595714,0.19181692746512344
2021-11-27 04:00:00,16453.32132595714,0.19181692746512344
2021-11-27 08:00:00,16453.32132595714,0.19181692746512344
2021-11-27 12:00:00,16453.32132595714,0.19181692746512344
2021-11-27 16:00:00,16453.32132595714,0.19181692746512344
2021-11-27 20:00:00,16453.32132595714,0.19181692746512344
2021-11-28 00:00:00,16453.32132595714,0.19181692746512344
2021-11-28 04:00:00,16453.32132595714,0.19181692746512344
2021-11-28 08:00:00,16453.32132595714,0.19181692746512344
2021-11-28 12:00:00,16453.32132595714,0.19181692746512344
2021-11-28 16:00:00,16453.32132595714,0.19181692746512344
2021-11-28 20:00:00,16453.32132595714,0.19181692746512344
2021-11-29 00:00:00,16453.32132595714,0.19181692746512344
2021-11-29 04:00:00,16453.32132595714,0.19181692746512344
2021-11-29 08:00:00,16453.32132595714,0.19181692746512344
2021-11-29 12:00:00,16453.32132595714,0.19181692746512344
2021-11-29 16:00:00,16453.32132595714,0.19181692746512344
2021-11-29 20:00:00,16453.32132595714,0.19181692746512344
2021-11-30 00:00:00,16453.32132595714,0.19181692746512344
2021-11-30 04:00:00,16453.32132595714,0.19181692746512344
2021-11-30 08:00:00,16453.32132595714,0.19181692746512344
2021-11-30 12:00:00,16453.32132595714,0.19181692746512344
2021-11-30 16:00:00,16453.32132595714,0.19181692746512344
2021-11-30 20:00:00,16453.32132595714,0.19181692746512344
2021-12-01 00:00:00,16453.32132595714,0.19181692746512344
2021-12-01 04:00:00,16453.32132595714,0.19181692746512344
2021-12-01 08:00:00,16453.32132595714,0.19181692746512344
2021-12-01 12:00:00,16453.32132595714,0.19181692746512344
2021-12-01 16:00:00,16453.32132595714,0.19181692746512344
2021-12-01 20:00:00,16453.32132595714,0.19181692746512344
2021-12-02 00:00:00,16453.32132595714,0.19181692746512344
2021-12-02 04:00:00,16453.32132595714,0.19181692746512344
2021-12-02 08:00:00,16453.32132595714,0.19181692746512344
2021-12-02 12:00:00,16453.32132595714,0.19181692746512344
2021-12-02 16:00:00,16453.32132595714,0.19181692746512344
2021-12-02 20:00:00,16453.32132595714,0.19181692746512344
2021-12-03 00:00:00,16453.32132595714,0.19181692746512344
2021-12-03 04:00:00,16453.32132595714,0.19181692746512344
2021-12-03 08:00:00,16453.32132595714,0.19181692746512344
2021-12-03 12:00:00,16453.32132595714,0.19181692746512344
2021-12-03 16:00:00,16453.32132595714,0.19181692746512344
2021-12-03 20:00:00,16453.32132595714,0.19181692746512344
2021-12-04 00:00:00,16453.32132595714,0.19181692746512344
2021-12-04 04:00:00,16453.32132595714,0.19181692746512344
2021-12-04 08:00:00,16453.32132595714,0.19181692746512344
2021-12-04 12:00:00,16453.32132595714,0.19181692746512344
2021-12-04 16:00:00,16453.32132595714,0.19181692746512344
2021-12-04 20:00:00,16453.32132595714,0.19181692746512344
2021-12-05 00:00:00,16453.32132595714,0.19181692746512344
2021-12-05 04:00:00,16453.32132595714,0.19181692746512344
2021-12-05 08:00:00,16453.32132595714,0.19181692746512344
2021-12-05 12:00:00,16453.32132595714,0.19181692746512344
2021-12-05 16:00:00,16453.32132595714,0.19181692746512344
2021-12-05 20:00:00,16453.32132595714,0.19181692746512344
2021-12-06 00:00:00,16453.32132595714,0.19181692746512344
2021-12-06 04:00:00,16453.32132595714,0.19181692746512344
2021-12-06 08:00:00,16453.32132595714,0.19181692746512344
2021-12-06 12:00:00,16453.32132595714,0.19181692746512344
2021-12-06 16:00:00,16453.32132595714,0.19181692746512344
2021-12-06 20:00:00,16453.32132595714,0.19181692746512344
2021-12-07 00:00:00,16453.32132595714,0.19181692746512344
2021-12-07 04:00:00,16455.41782137175,0.19171394812908732
2021-12-07 08:00:00,16729.875518114666,0.17823265397332316
2021-12-07 12:00:00,16868.84355332981,0.17140657846800103
2021-12-07 16:00:00,16443.994241135384,0.19227507156379528
2021-12-07 20:00:00,16296.219993535122,0.19953370604257958
2021-12-08 00:00:00,16008.681249207339,0.21365753801910786
2021-12-08 04:00:00,16008.681249207339,0.21365753801910786
2021-12-08 08:00:00,16008.681249207339,0.21365753801910786
2021-12-08 12:00:00,16008.681249207339,0.21365753801910786
2021-12-08 16:00:00,16008.681249207339,0.21365753801910786
2021-12-08 20:00:00,16008.681249207339,0.21365753801910786
2021-12-09 00:00:00,16008.681249207339,0.21365753801910786
2021-12-09 04:00:00,16008.681249207339,0.21365753801910786
2021-12-09 08:00:00,16008.681249207339,0.21365753801910786
2021-12-09 12:00:00,16008.681249207339,0.21365753801910786
2021-12-09 16:00:00,16008.681249207339,0.21365753801910786
2021-12-09 20:00:00,16008.681249207339,0.21365753801910786
2021-12-10 00:00:00,16008.681249207339,0.21365753801910786
2021-12-10 04:00:00,16008.681249207339,0.21365753801910786
2021-12-10 08:00:00,16008.681249207339,0.21365753801910786
2021-12-10 12:00:00,16008.681249207339,0.21365753801910786
2021-12-10 16:00:00,16008.681249207339,0.21365753801910786
2021-12-10 20:00:00,16008.681249207339,0.21365753801910786
2021-12-11 00:00:00,16008.681249207339,0.21365753801910786
2021-12-11 04:00:00,16008.681249207339,0.21365753801910786
2021-12-11 08:00:00,16008.681249207339,0.21365753801910786
2021-12-11 12:00:00,16008.681249207339,0.21365753801910786
2021-12-11 16:00:00,16008.681249207339,0.21365753801910786
2021-12-11 20:00:00,16008.681249207339,0.21365753801910786
2021-12-12 00:00:00,16008.681249207339,0.21365753801910786
2021-12-12 04:00:00,16008.681249207339,0.21365753801910786
2021-12-12 08:00:00,16008.681249207339,0.21365753801910786
2021-12-12 12:00:00,16008.681249207339,0.21365753801910786
2021-12-12 16:00:00,16008.681249207339,0.21365753801910786
2021-12-12 20:00:00,16008.681249207339,0.21365753801910786
2021-12-13 00:00:00,16008.681249207339,0.21365753801910786
2021-12-13 04:00:00,16008.681249207339,0.21365753801910786
2021-12-13 08:00:00,16008.681249207339,0.21365753801910786
2021-12-13 12:00:00,16008.681249207339,0.21365753801910786
2021-12-13 16:00:00,16008.681249207339,0.21365753801910786
2021-12-13 20:00:00,16008.681249207339,0.21365753801910786
2021-12-14 00:00:00,16008.681249207339,0.21365753801910786
2021-12-14 04:00:00,16008.681249207339,0.21365753801910786
2021-12-14 08:00:00,16008.681249207339,0.21365753801910786
2021-12-14 12:00:00,16008.681249207339,0.21365753801910786
2021-12-14 16:00:00,16008.681249207339,0.21365753801910786
2021-12-14 20:00:00,16008.681249207339,0.21365753801910786
2021-12-15 00:00:00,16008.681249207339,0.21365753801910786
2021-12-15 04:00:00,16008.681249207339,0.21365753801910786
2021-12-15 08:00:00,16008.681249207339,0.21365753801910786
2021-12-15 12:00:00,16008.681249207339,0.21365753801910786
2021-12-15 16:00:00,16008.681249207339,0.21365753801910786
2021-12-15 20:00:00,16008.681249207339,0.21365753801910786
2021-12-16 00:00:00,16008.681249207339,0.21365753801910786
2021-12-16 04:00:00,15963.321984013106,0.21588557390234112
2021-12-16 08:00:00,16211.094117001814,0.20371506803545436
2021-12-16 12:00:00,15900.094157234693,0.2189913091094245
2021-12-16 16:00:00,15502.601614480483,0.23851604445911898
2021-12-16 20:00:00,15502.601614480483,0.23851604445911898
2021-12-17 00:00:00,15502.601614480483,0.23851604445911898
2021-12-17 04:00:00,15502.601614480483,0.23851604445911898
2021-12-17 08:00:00,15502.601614480483,0.23851604445911898
2021-12-17 12:00:00,15502.601614480483,0.23851604445911898
2021-12-17 16:00:00,15502.601614480483,0.23851604445911898
2021-12-17 20:00:00,15502.601614480483,0.23851604445911898
2021-12-18 00:00:00,15502.601614480483,0.23851604445911898
2021-12-18 04:00:00,15502.601614480483,0.23851604445911898
2021-12-18 08:00:00,15502.601614480483,0.23851604445911898
2021-12-18 12:00:00,15502.601614480483,0.23851604445911898
2021-12-18 16:00:00,15502.601614480483,0.23851604445911898
2021-12-18 20:00:00,15502.601614480483,0.23851604445911898
2021-12-19 00:00:00,15502.601614480483,0.23851604445911898
2021-12-19 04:00:00,15502.601614480483,0.23851604445911898
2021-12-19 08:00:00,15502.601614480483,0.23851604445911898
2021-12-19 12:00:00,15502.601614480483,0.23851604445911898
2021-12-19 16:00:00,15502.601614480483,0.23851604445911898
2021-12-19 20:00:00,15502.601614480483,0.23851604445911898
2021-12-20 00:00:00,15502.601614480483,0.23851604445911898
2021-12-20 04:00:00,15502.601614480483,0.23851604445911898
2021-12-20 08:00:00,15502.601614480483,0.23851604445911898
2021-12-20 12:00:00,15502.601614480483,0.23851604445911898
2021-12-20 16:00:00,15502.601614480483,0.23851604445911898
2021-12-20 20:00:00,15502.601614480483,0.23851604445911898
2021-12-21 00:00:00,15502.601614480483,0.23851604445911898
2021-12-21 04:00:00,15502.601614480483,0.23851604445911898
2021-12-21 08:00:00,15502.601614480483,0.23851604445911898
2021-12-21 12:00:00,15502.601614480483,0.23851604445911898
2021-12-21 16:00:00,15502.601614480483,0.23851604445911898
2021-12-21 20:00:00,15502.601614480483,0.23851604445911898
2021-12-22 00:00:00,15502.601614480483,0.23851604445911898
2021-12-22 04:00:00,15504.32432876925,0.23843142515950086
2021-12-22 08:00:00,15392.100612989207,0.24394382631143785
2021-12-22 12:00:00,15340.73678407779,0.24646680487876793
2021-12-22 16:00:00,15367.08219095862,0.24517272501134688
2021-12-22 20:00:00,15195.159706999128,0.25361751488517054
2021-12-23 00:00:00,15163.125531301137,0.2551910256693355
2021-12-23 04:00:00,14936.823470271216,0.26630692691388236
2021-12-23 08:00:00,14936.823470271216,0.26630692691388236
2021-12-23 12:00:00,14936.823470271216,0.26630692691388236
2021-12-23 16:00:00,14936.823470271216,0.26630692691388236
2021-12-23 20:00:00,14936.823470271216,0.26630692691388236
2021-12-24 00:00:00,14936.823470271216,0.26630692691388236
2021-12-24 04:00:00,14932.657399784164,0.266511563265408
2021-12-24 08:00:00,14932.213031552514,0.26653339052299796
2021-12-24 12:00:00,14913.603502458323,0.26744748598760437
2021-12-24 16:00:00,14998.453876078636,0.26327965662964903
2021-12-24 20:00:00,14845.244081084167,0.2708052838515355
2021-12-25 00:00:00,14857.303934069405,0.2702129068568341
2021-12-25 04:00:00,14952.858163413863,0.26551930675413177
2021-12-25 08:00:00,14716.638955320183,0.27712233580868045
2021-12-25 12:00:00,14693.558887388706,0.2782560230348423
2021-12-25 16:00:00,14922.777525109463,0.26699686026488145
2021-12-25 20:00:00,14433.26982958026,0.29104135715184926
2021-12-26 00:00:00,13655.194784397678,0.3292602108544339
2021-12-26 04:00:00,13655.194784397678,0.3292602108544339
2021-12-26 08:00:00,13655.194784397678,0.3292602108544339
2021-12-26 12:00:00,13655.194784397678,0.3292602108544339
2021-12-26 16:00:00,13655.194784397678,0.3292602108544339
2021-12-26 20:00:00,13655.194784397678,0.3292602108544339
2021-12-27 00:00:00,13655.194784397678,0.3292602108544339
2021-12-27 04:00:00,13655.194784397678,0.3292602108544339
2021-12-27 08:00:00,13655.194784397678,0.3292602108544339
2021-12-27 12:00:00,13655.194784397678,0.3292602108544339
2021-12-27 16:00:00,13655.194784397678,0.3292602108544339
2021-12-27 20:00:00,13655.194784397678,0.3292602108544339
2021-12-28 00:00:00,13655.194784397678,0.3292602108544339
2021-12-28 04:00:00,13655.194784397678,0.3292602108544339
2021-12-28 08:00:00,13655.194784397678,0.3292602108544339
2021-12-28 12:00:00,13655.194784397678,0.3292602108544339
2021-12-28 16:00:00,13655.194784397678,0.3292602108544339
2021-12-28 20:00:00,13655.194784397678,0.3292602108544339
2021-12-29 00:00:00,13655.194784397678,0.3292602108544339
2021-12-29 04:00:00,13655.194784397678,0.3292602108544339
2021-12-29 08:00:00,13655.194784397678,0.3292602108544339
2021-12-29 12:00:00,13655.194784397678,0.3292602108544339
2021-12-29 16:00:00,13655.194784397678,0.3292602108544339
2021-12-29 20:00:00,13655.194784397678,0.3292602108544339
2021-12-30 00:00:00,13655.194784397678,0.3292602108544339
2021-12-30 04:00:00,13655.194784397678,0.3292602108544339
2021-12-30 08:00:00,13655.194784397678,0.3292602108544339
2021-12-30 12:00:00,13655.194784397678,0.3292602108544339
2021-12-30 16:00:00,13655.194784397678,0.3292602108544339
2021-12-30 20:00:00,13655.194784397678,0.3292602108544339
2021-12-31 00:00:00,13655.194784397678,0.3292602108544339
2021-12-31 04:00:00,13655.194784397678,0.3292602108544339
2021-12-31 08:00:00,13655.194784397678,0.3292602108544339
2021-12-31 12:00:00,13655.194784397678,0.3292602108544339
2021-12-31 16:00:00,13655.194784397678,0.3292602108544339
2021-12-31 20:00:00,13655.194784397678,0.3292602108544339
2022-01-01 00:00:00,13655.194784397678,0.3292602108544339
2022-01-01 04:00:00,13655.194784397678,0.3292602108544339
2022-01-01 08:00:00,13655.194784397678,0.3292602108544339
2022-01-01 12:00:00,13655.194784397678,0.3292602108544339
2022-01-01 16:00:00,13655.194784397678,0.3292602108544339
2022-01-01 20:00:00,13655.194784397678,0.3292602108544339
2022-01-02 00:00:00,13655.194784397678,0.3292602108544339
2022-01-02 04:00:00,13655.194784397678,0.3292602108544339
2022-01-02 08:00:00,13655.194784397678,0.3292602108544339
2022-01-02 12:00:00,13655.194784397678,0.3292602108544339
2022-01-02 16:00:00,13655.194784397678,0.3292602108544339
2022-01-02 20:00:00,13655.194784397678,0.3292602108544339
2022-01-03 00:00:00,13655.194784397678,0.3292602108544339
2022-01-03 04:00:00,13655.194784397678,0.3292602108544339
2022-01-03 08:00:00,13655.194784397678,0.3292602108544339
2022-01-03 12:00:00,13655.194784397678,0.3292602108544339
2022-01-03 16:00:00,13655.194784397678,0.3292602108544339
2022-01-03 20:00:00,13655.194784397678,0.3292602108544339
2022-01-04 00:00:00,13655.194784397678,0.3292602108544339
2022-01-04 04:00:00,13655.194784397678,0.3292602108544339
2022-01-04 08:00:00,13655.194784397678,0.3292602108544339
2022-01-04 12:00:00,13655.194784397678,0.3292602108544339
2022-01-04 16:00:00,13655.194784397678,0.3292602108544339
2022-01-04 20:00:00,13655.194784397678,0.3292602108544339
2022-01-05 00:00:00,13655.194784397678,0.3292602108544339
2022-01-05 04:00:00,13655.194784397678,0.3292602108544339
2022-01-05 08:00:00,13655.194784397678,0.3292602108544339
2022-01-05 12:00:00,13655.194784397678,0.3292602108544339
2022-01-05 16:00:00,13655.194784397678,0.3292602108544339
2022-01-05 20:00:00,13655.194784397678,0.3292602108544339
2022-01-06 00:00:00,13655.194784397678,0.3292602108544339
2022-01-06 04:00:00,13655.194784397678,0.3292602108544339
2022-01-06 08:00:00,13655.194784397678,0.3292602108544339
2022-01-06 12:00:00,13655.194784397678,0.3292602108544339
2022-01-06 16:00:00,13655.194784397678,0.3292602108544339
2022-01-06 20:00:00,13655.194784397678,0.3292602108544339
2022-01-07 00:00:00,13655.194784397678,0.3292602108544339
2022-01-07 04:00:00,13655.194784397678,0.3292602108544339
2022-01-07 08:00:00,13655.194784397678,0.3292602108544339
2022-01-07 12:00:00,13655.194784397678,0.3292602108544339
2022-01-07 16:00:00,13655.194784397678,0.3292602108544339
2022-01-07 20:00:00,13655.194784397678,0.3292602108544339
2022-01-08 00:00:00,13655.194784397678,0.3292602108544339
2022-01-08 04:00:00,13655.194784397678,0.3292602108544339
2022-01-08 08:00:00,13655.194784397678,0.3292602108544339
2022-01-08 12:00:00,13655.194784397678,0.3292602108544339
2022-01-08 16:00:00,13655.194784397678,0.3292602108544339
2022-01-08 20:00:00,13655.194784397678,0.3292602108544339
2022-01-09 00:00:00,13655.194784397678,0.3292602108544339
2022-01-09 04:00:00,13655.194784397678,0.3292602108544339
2022-01-09 08:00:00,13655.194784397678,0.3292602108544339
2022-01-09 12:00:00,13655.194784397678,0.3292602108544339
2022-01-09 16:00:00,13655.194784397678,0.3292602108544339
2022-01-09 20:00:00,13655.194784397678,0.3292602108544339
2022-01-10 00:00:00,13655.194784397678,0.3292602108544339
2022-01-10 04:00:00,13655.194784397678,0.3292602108544339
2022-01-10 08:00:00,13655.194784397678,0.3292602108544339
2022-01-10 12:00:00,13655.194784397678,0.3292602108544339
2022-01-10 16:00:00,13655.194784397678,0.3292602108544339
2022-01-10 20:00:00,13655.194784397678,0.3292602108544339
2022-01-11 00:00:00,13655.194784397678,0.3292602108544339
2022-01-11 04:00:00,13655.194784397678,0.3292602108544339
2022-01-11 08:00:00,13655.194784397678,0.3292602108544339
2022-01-11 12:00:00,13655.194784397678,0.3292602108544339
2022-01-11 16:00:00,13655.194784397678,0.3292602108544339
2022-01-11 20:00:00,13655.194784397678,0.3292602108544339
2022-01-12 00:00:00,13655.194784397678,0.3292602108544339
2022-01-12 04:00:00,13655.194784397678,0.3292602108544339
2022-01-12 08:00:00,13655.194784397678,0.3292602108544339
2022-01-12 12:00:00,13655.194784397678,0.3292602108544339
2022-01-12 16:00:00,13655.194784397678,0.3292602108544339
2022-01-12 20:00:00,13655.194784397678,0.3292602108544339
2022-01-13 00:00:00,13655.194784397678,0.3292602108544339
2022-01-13 04:00:00,13655.194784397678,0.3292602108544339
2022-01-13 08:00:00,13655.194784397678,0.3292602108544339
2022-01-13 12:00:00,13655.194784397678,0.3292602108544339
2022-01-13 16:00:00,13655.194784397678,0.3292602108544339
2022-01-13 20:00:00,13655.194784397678,0.3292602108544339
2022-01-14 00:00:00,13655.194784397678,0.3292602108544339
2022-01-14 04:00:00,13655.194784397678,0.3292602108544339
2022-01-14 08:00:00,13655.194784397678,0.3292602108544339
2022-01-14 12:00:00,13655.194784397678,0.3292602108544339
2022-01-14 16:00:00,13655.194784397678,0.3292602108544339
2022-01-14 20:00:00,13655.194784397678,0.3292602108544339
2022-01-15 00:00:00,13655.194784397678,0.3292602108544339
2022-01-15 04:00:00,13655.194784397678,0.3292602108544339
2022-01-15 08:00:00,13655.194784397678,0.3292602108544339
2022-01-15 12:00:00,13655.194784397678,0.3292602108544339
2022-01-15 16:00:00,13655.194784397678,0.3292602108544339
2022-01-15 20:00:00,13655.194784397678,0.3292602108544339
2022-01-16 00:00:00,13655.194784397678,0.3292602108544339
2022-01-16 04:00:00,13655.194784397678,0.3292602108544339
2022-01-16 08:00:00,13655.194784397678,0.3292602108544339
2022-01-16 12:00:00,13655.194784397678,0.3292602108544339
2022-01-16 16:00:00,13655.194784397678,0.3292602108544339
2022-01-16 20:00:00,13655.194784397678,0.3292602108544339
2022-01-17 00:00:00,13655.194784397678,0.3292602108544339
2022-01-17 04:00:00,13655.194784397678,0.3292602108544339
2022-01-17 08:00:00,13655.194784397678,0.3292602108544339
2022-01-17 12:00:00,13655.194784397678,0.3292602108544339
2022-01-17 16:00:00,13655.194784397678,0.3292602108544339
2022-01-17 20:00:00,13655.194784397678,0.3292602108544339
2022-01-18 00:00:00,13655.194784397678,0.3292602108544339
2022-01-18 04:00:00,13655.194784397678,0.3292602108544339
2022-01-18 08:00:00,13655.194784397678,0.3292602108544339
2022-01-18 12:00:00,13655.194784397678,0.3292602108544339
2022-01-18 16:00:00,13655.194784397678,0.3292602108544339
2022-01-18 20:00:00,13655.194784397678,0.3292602108544339
2022-01-19 00:00:00,13655.194784397678,0.3292602108544339
2022-01-19 04:00:00,13655.194784397678,0.3292602108544339
2022-01-19 08:00:00,13655.194784397678,0.3292602108544339
2022-01-19 12:00:00,13655.194784397678,0.3292602108544339
2022-01-19 16:00:00,13655.194784397678,0.3292602108544339
2022-01-19 20:00:00,13655.194784397678,0.3292602108544339
2022-01-20 00:00:00,13655.194784397678,0.3292602108544339
2022-01-20 04:00:00,13655.194784397678,0.3292602108544339
2022-01-20 08:00:00,13655.194784397678,0.3292602108544339
2022-01-20 12:00:00,13655.194784397678,0.3292602108544339
2022-01-20 16:00:00,13655.194784397678,0.3292602108544339
2022-01-20 20:00:00,13655.194784397678,0.3292602108544339
2022-01-21 00:00:00,13655.194784397678,0.3292602108544339
2022-01-21 04:00:00,13655.194784397678,0.3292602108544339
2022-01-21 08:00:00,13655.194784397678,0.3292602108544339
2022-01-21 12:00:00,13655.194784397678,0.3292602108544339
2022-01-21 16:00:00,13655.194784397678,0.3292602108544339
2022-01-21 20:00:00,13655.194784397678,0.3292602108544339
2022-01-22 00:00:00,13655.194784397678,0.3292602108544339
2022-01-22 04:00:00,13655.194784397678,0.3292602108544339
2022-01-22 08:00:00,13655.194784397678,0.3292602108544339
2022-01-22 12:00:00,13655.194784397678,0.3292602108544339
2022-01-22 16:00:00,13655.194784397678,0.3292602108544339
2022-01-22 20:00:00,13655.194784397678,0.3292602108544339
2022-01-23 00:00:00,13655.194784397678,0.3292602108544339
2022-01-23 04:00:00,13655.194784397678,0.3292602108544339
2022-01-23 08:00:00,13655.194784397678,0.3292602108544339
2022-01-23 12:00:00,13655.194784397678,0.3292602108544339
2022-01-23 16:00:00,13655.194784397678,0.3292602108544339
2022-01-23 20:00:00,13655.194784397678,0.3292602108544339
2022-01-24 00:00:00,13655.194784397678,0.3292602108544339
2022-01-24 04:00:00,13655.194784397678,0.3292602108544339
2022-01-24 08:00:00,13655.194784397678,0.3292602108544339
2022-01-24 12:00:00,13655.194784397678,0.3292602108544339
2022-01-24 16:00:00,13655.194784397678,0.3292602108544339
2022-01-24 20:00:00,13655.194784397678,0.3292602108544339
2022-01-25 00:00:00,13655.194784397678,0.3292602108544339
2022-01-25 04:00:00,13655.194784397678,0.3292602108544339
2022-01-25 08:00:00,13655.194784397678,0.3292602108544339
2022-01-25 12:00:00,13655.194784397678,0.3292602108544339
2022-01-25 16:00:00,13655.194784397678,0.3292602108544339
2022-01-25 20:00:00,13655.194784397678,0.3292602108544339
2022-01-26 00:00:00,13655.194784397678,0.3292602108544339
2022-01-26 04:00:00,13623.360673279243,0.33082389451595245
2022-01-26 08:00:00,13990.447851991587,0.312792663124886
2022-01-26 12:00:00,13946.554866751096,0.31494867569958873
2022-01-26 16:00:00,13743.994954196965,0.3248983684854536
2022-01-26 20:00:00,13320.94219017819,0.34567861557937446
2022-01-27 00:00:00,13320.94219017819,0.34567861557937446
2022-01-27 04:00:00,13320.94219017819,0.34567861557937446
2022-01-27 08:00:00,13320.94219017819,0.34567861557937446
2022-01-27 12:00:00,13320.94219017819,0.34567861557937446
2022-01-27 16:00:00,13320.94219017819,0.34567861557937446
2022-01-27 20:00:00,13320.94219017819,0.34567861557937446
2022-01-28 00:00:00,13320.94219017819,0.34567861557937446
2022-01-28 04:00:00,13320.94219017819,0.34567861557937446
2022-01-28 08:00:00,13320.94219017819,0.34567861557937446
2022-01-28 12:00:00,13320.94219017819,0.34567861557937446
2022-01-28 16:00:00,13320.94219017819,0.34567861557937446
2022-01-28 20:00:00,13320.94219017819,0.34567861557937446
2022-01-29 00:00:00,13320.94219017819,0.34567861557937446
2022-01-29 04:00:00,13320.94219017819,0.34567861557937446
2022-01-29 08:00:00,13320.94219017819,0.34567861557937446
2022-01-29 12:00:00,13320.94219017819,0.34567861557937446
2022-01-29 16:00:00,13320.94219017819,0.34567861557937446
2022-01-29 20:00:00,13320.94219017819,0.34567861557937446
2022-01-30 00:00:00,13320.94219017819,0.34567861557937446
2022-01-30 04:00:00,13320.94219017819,0.34567861557937446
2022-01-30 08:00:00,13320.94219017819,0.34567861557937446
2022-01-30 12:00:00,13320.94219017819,0.34567861557937446
2022-01-30 16:00:00,13320.94219017819,0.34567861557937446
2022-01-30 20:00:00,13320.94219017819,0.34567861557937446
2022-01-31 00:00:00,13320.94219017819,0.34567861557937446
2022-01-31 04:00:00,13320.94219017819,0.34567861557937446
2022-01-31 08:00:00,13320.94219017819,0.34567861557937446
2022-01-31 12:00:00,13320.94219017819,0.34567861557937446
2022-01-31 16:00:00,13320.94219017819,0.34567861557937446
2022-01-31 20:00:00,13320.94219017819,0.34567861557937446
2022-02-01 00:00:00,13320.94219017819,0.34567861557937446
2022-02-01 04:00:00,13320.94219017819,0.34567861557937446
2022-02-01 08:00:00,13320.94219017819,0.34567861557937446
2022-02-01 12:00:00,13320.94219017819,0.34567861557937446
2022-02-01 16:00:00,13320.94219017819,0.34567861557937446
2022-02-01 20:00:00,13320.94219017819,0.34567861557937446
2022-02-02 00:00:00,13320.94219017819,0.34567861557937446
2022-02-02 04:00:00,13320.94219017819,0.34567861557937446
2022-02-02 08:00:00,13320.94219017819,0.34567861557937446
2022-02-02 12:00:00,13320.94219017819,0.34567861557937446
2022-02-02 16:00:00,13320.94219017819,0.34567861557937446
2022-02-02 20:00:00,13320.94219017819,0.34567861557937446
2022-02-03 00:00:00,13320.94219017819,0.34567861557937446
2022-02-03 04:00:00,13320.94219017819,0.34567861557937446
2022-02-03 08:00:00,13320.94219017819,0.34567861557937446
2022-02-03 12:00:00,13320.94219017819,0.34567861557937446
2022-02-03 16:00:00,13320.94219017819,0.34567861557937446
2022-02-03 20:00:00,13320.94219017819,0.34567861557937446
2022-02-04 00:00:00,13320.94219017819,0.34567861557937446
2022-02-04 04:00:00,13320.94219017819,0.34567861557937446
2022-02-04 08:00:00,13320.94219017819,0.34567861557937446
2022-02-04 12:00:00,13320.94219017819,0.34567861557937446
2022-02-04 16:00:00,13320.94219017819,0.34567861557937446
2022-02-04 20:00:00,13320.94219017819,0.34567861557937446
2022-02-05 00:00:00,13320.94219017819,0.34567861557937446
2022-02-05 04:00:00,13309.685496822114,0.34623154157181485
2022-02-05 08:00:00,13334.682891725082,0.3450036757192118
2022-02-05 12:00:00,13500.601201684685,0.3368538093866678
2022-02-05 16:00:00,13392.117411329482,0.3421825063270953
2022-02-05 20:00:00,13310.95419878329,0.346169223245393
2022-02-06 00:00:00,13341.671013990495,0.3446604208825849
2022-02-06 04:00:00,13530.721794019537,0.33537429334382807
2022-02-06 08:00:00,13440.375171671423,0.3398120970793726
2022-02-06 12:00:00,13437.84872126113,0.3399361956984141
2022-02-06 16:00:00,13636.28337495772,0.3301891346069311
2022-02-06 20:00:00,14229.24494563177,0.3010630089701316
2022-02-07 00:00:00,14229.24494563177,0.3010630089701316
2022-02-07 04:00:00,14189.911887116405,0.3029950390723452
2022-02-07 08:00:00,14187.959031010047,0.30309096288110016
2022-02-07 12:00:00,14710.488072191081,0.27742446566608725
2022-02-07 16:00:00,14710.488072191081,0.27742446566608725
2022-02-07 20:00:00,14710.488072191081,0.27742446566608725
2022-02-08 00:00:00,14710.488072191081,0.27742446566608725
2022-02-08 04:00:00,15036.657178827283,0.26140311985116454
2022-02-08 08:00:00,14603.296140717699,0.2826897068178804
2022-02-08 12:00:00,14295.899727118644,0.29778894259568983
2022-02-08 16:00:00,14295.899727118644,0.29778894259568983
2022-02-08 20:00:00,14295.899727118644,0.29778894259568983
2022-02-09 00:00:00,14295.899727118644,0.29778894259568983
2022-02-09 04:00:00,14295.899727118644,0.29778894259568983
2022-02-09 08:00:00,14295.899727118644,0.29778894259568983
2022-02-09 12:00:00,14295.899727118644,0.29778894259568983
2022-02-09 16:00:00,14295.899727118644,0.29778894259568983
2022-02-09 20:00:00,14295.899727118644,0.29778894259568983
2022-02-10 00:00:00,14295.899727118644,0.29778894259568983
2022-02-10 04:00:00,14295.899727118644,0.29778894259568983
2022-02-10 08:00:00,14295.899727118644,0.29778894259568983
2022-02-10 12:00:00,14295.899727118644,0.29778894259568983
2022-02-10 16:00:00,14295.899727118644,0.29778894259568983
2022-02-10 20:00:00,14295.899727118644,0.29778894259568983
2022-02-11 00:00:00,14295.899727118644,0.29778894259568983
2022-02-11 04:00:00,14295.899727118644,0.29778894259568983
2022-02-11 08:00:00,14295.899727118644,0.29778894259568983
2022-02-11 12:00:00,14295.899727118644,0.29778894259568983
2022-02-11 16:00:00,14295.899727118644,0.29778894259568983
2022-02-11 20:00:00,14295.899727118644,0.29778894259568983
2022-02-12 00:00:00,14295.899727118644,0.29778894259568983
2022-02-12 04:00:00,14295.899727118644,0.29778894259568983
2022-02-12 08:00:00,14295.899727118644,0.29778894259568983
2022-02-12 12:00:00,14295.899727118644,0.29778894259568983
2022-02-12 16:00:00,14295.899727118644,0.29778894259568983
2022-02-12 20:00:00,14295.899727118644,0.29778894259568983
2022-02-13 00:00:00,14295.899727118644,0.29778894259568983
2022-02-13 04:00:00,14295.899727118644,0.29778894259568983
2022-02-13 08:00:00,14295.899727118644,0.29778894259568983
2022-02-13 12:00:00,14295.899727118644,0.29778894259568983
2022-02-13 16:00:00,14295.899727118644,0.29778894259568983
2022-02-13 20:00:00,14295.899727118644,0.29778894259568983
2022-02-14 00:00:00,14295.899727118644,0.29778894259568983
2022-02-14 04:00:00,14295.899727118644,0.29778894259568983
2022-02-14 08:00:00,14295.899727118644,0.29778894259568983
2022-02-14 12:00:00,14295.899727118644,0.29778894259568983
2022-02-14 16:00:00,14295.899727118644,0.29778894259568983
2022-02-14 20:00:00,14295.899727118644,0.29778894259568983
2022-02-15 00:00:00,14295.899727118644,0.29778894259568983
2022-02-15 04:00:00,14340.369075429107,0.29560461920959785
2022-02-15 08:00:00,14611.379112627515,0.28229267323761587
2022-02-15 12:00:00,14594.050636882295,0.28314384367868806
2022-02-15 16:00:00,14491.535766580693,0.2881793487429547
2022-02-15 20:00:00,14732.47978871888,0.2763442379915865
2022-02-16 00:00:00,14732.47978871888,0.2763442379915865
2022-02-16 04:00:00,14823.252146521918,0.27188552223583456
2022-02-16 08:00:00,14817.719043875302,0.27215730686879724
2022-02-16 12:00:00,14530.451825886881,0.28626780153871906
2022-02-16 16:00:00,14841.127588250594,0.27100748496098914
2022-02-16 20:00:00,14667.898806531795,0.2795164398575366
2022-02-17 00:00:00,14522.636317431834,0.286651697380263
2022-02-17 04:00:00,14690.831170457483,0.27839000781559314
2022-02-17 08:00:00,14288.230815467166,0.2981656376385145
2022-02-17 12:00:00,14288.230815467166,0.2981656376385145
2022-02-17 16:00:00,14288.230815467166,0.2981656376385145
2022-02-17 20:00:00,14288.230815467166,0.2981656376385145
2022-02-18 00:00:00,14288.230815467166,0.2981656376385145
2022-02-18 04:00:00,14288.230815467166,0.2981656376385145
2022-02-18 08:00:00,14288.230815467166,0.2981656376385145
2022-02-18 12:00:00,14288.230815467166,0.2981656376385145
2022-02-18 16:00:00,14288.230815467166,0.2981656376385145
2022-02-18 20:00:00,14288.230815467166,0.2981656376385145
2022-02-19 00:00:00,14288.230815467166,0.2981656376385145
2022-02-19 04:00:00,14288.230815467166,0.2981656376385145
2022-02-19 08:00:00,14288.230815467166,0.2981656376385145
2022-02-19 12:00:00,14288.230815467166,0.2981656376385145
2022-02-19 16:00:00,14288.230815467166,0.2981656376385145
2022-02-19 20:00:00,14288.230815467166,0.2981656376385145
2022-02-20 00:00:00,14288.230815467166,0.2981656376385145
2022-02-20 04:00:00,14288.230815467166,0.2981656376385145
2022-02-20 08:00:00,14288.230815467166,0.2981656376385145
2022-02-20 12:00:00,14288.230815467166,0.2981656376385145
2022-02-20 16:00:00,14288.230815467166,0.2981656376385145
2022-02-20 20:00:00,14288.230815467166,0.2981656376385145
2022-02-21 00:00:00,14288.230815467166,0.2981656376385145
2022-02-21 04:00:00,14288.230815467166,0.2981656376385145
2022-02-21 08:00:00,14288.230815467166,0.2981656376385145
2022-02-21 12:00:00,14288.230815467166,0.2981656376385145
2022-02-21 16:00:00,14288.230815467166,0.2981656376385145
2022-02-21 20:00:00,14288.230815467166,0.2981656376385145
2022-02-22 00:00:00,14288.230815467166,0.2981656376385145
2022-02-22 04:00:00,14288.230815467166,0.2981656376385145
2022-02-22 08:00:00,14288.230815467166,0.2981656376385145
2022-02-22 12:00:00,14288.230815467166,0.2981656376385145
2022-02-22 16:00:00,14288.230815467166,0.2981656376385145
2022-02-22 20:00:00,14288.230815467166,0.2981656376385145
2022-02-23 00:00:00,14288.230815467166,0.2981656376385145
2022-02-23 04:00:00,14288.230815467166,0.2981656376385145
2022-02-23 08:00:00,14288.230815467166,0.2981656376385145
2022-02-23 12:00:00,14288.230815467166,0.2981656376385145
2022-02-23 16:00:00,14288.230815467166,0.2981656376385145
2022-02-23 20:00:00,14288.230815467166,0.2981656376385145
2022-02-24 00:00:00,14288.230815467166,0.2981656376385145
2022-02-24 04:00:00,14288.230815467166,0.2981656376385145
2022-02-24 08:00:00,14288.230815467166,0.2981656376385145
2022-02-24 12:00:00,14288.230815467166,0.2981656376385145
2022-02-24 16:00:00,14288.230815467166,0.2981656376385145
2022-02-24 20:00:00,14288.230815467166,0.2981656376385145
2022-02-25 00:00:00,14288.230815467166,0.2981656376385145
2022-02-25 04:00:00,14288.230815467166,0.2981656376385145
2022-02-25 08:00:00,14288.230815467166,0.2981656376385145
2022-02-25 12:00:00,14288.230815467166,0.2981656376385145
2022-02-25 16:00:00,14288.230815467166,0.2981656376385145
2022-02-25 20:00:00,14288.230815467166,0.2981656376385145
2022-02-26 00:00:00,14288.230815467166,0.2981656376385145
2022-02-26 04:00:00,14187.041596550125,0.30313602703477344
2022-02-26 08:00:00,14051.140926264765,0.3098114343336935
2022-02-26 12:00:00,14194.856948702529,0.3027521388707766
2022-02-26 16:00:00,14214.079337501733,0.30180793988909793
2022-02-26 20:00:00,14145.372197062956,0.3051828176274482
2022-02-27 00:00:00,13856.620355712479,0.3193662366295782
2022-02-27 04:00:00,13856.620355712479,0.3193662366295782
2022-02-27 08:00:00,13856.620355712479,0.3193662366295782
2022-02-27 12:00:00,13856.620355712479,0.3193662366295782
2022-02-27 16:00:00,13856.620355712479,0.3193662366295782
2022-02-27 20:00:00,13856.620355712479,0.3193662366295782
2022-02-28 00:00:00,13856.620355712479,0.3193662366295782
2022-02-28 04:00:00,13856.620355712479,0.3193662366295782
2022-02-28 08:00:00,13856.620355712479,0.3193662366295782
2022-02-28 12:00:00,13856.620355712479,0.3193662366295782
2022-02-28 16:00:00,13856.620355712479,0.3193662366295782
2022-02-28 20:00:00,13856.620355712479,0.3193662366295782
2022-03-01 00:00:00,13856.620355712479,0.3193662366295782
2022-03-01 04:00:00,14051.798533085925,0.3097791328493478
2022-03-01 08:00:00,14110.291438687871,0.3069059757989051
2022-03-01 12:00:00,14127.148649373894,0.30607795378093694
2022-03-01 16:00:00,14165.041121184258,0.30421668494123294
2022-03-01 20:00:00,14462.58018486728,0.2896016397523245
2022-03-02 00:00:00,14462.58018486728,0.2896016397523245
2022-03-02 04:00:00,14297.78742421052,0.29769621938160407
2022-03-02 08:00:00,14362.873768081554,0.29449919427477855
2022-03-02 12:00:00,14374.485415071624,0.29392883304766143
2022-03-02 16:00:00,14163.429443188325,0.30429585016562055
2022-03-02 20:00:00,14257.699402161556,0.29966533310578974
2022-03-03 00:00:00,13928.784373193681,0.3158215579462288
2022-03-03 04:00:00,13928.784373193681,0.3158215579462288
2022-03-03 08:00:00,13928.784373193681,0.3158215579462288
2022-03-03 12:00:00,13928.784373193681,0.3158215579462288
2022-03-03 16:00:00,13928.784373193681,0.3158215579462288
2022-03-03 20:00:00,13928.784373193681,0.3158215579462288
2022-03-04 00:00:00,13928.784373193681,0.3158215579462288
2022-03-04 04:00:00,13928.784373193681,0.3158215579462288
2022-03-04 08:00:00,13928.784373193681,0.3158215579462288
2022-03-04 12:00:00,13928.784373193681,0.3158215579462288
2022-03-04 16:00:00,13928.784373193681,0.3158215579462288
2022-03-04 20:00:00,13928.784373193681,0.3158215579462288
2022-03-05 00:00:00,13928.784373193681,0.3158215579462288
2022-03-05 04:00:00,13928.784373193681,0.3158215579462288
2022-03-05 08:00:00,13928.784373193681,0.3158215579462288
2022-03-05 12:00:00,13928.784373193681,0.3158215579462288
2022-03-05 16:00:00,13928.784373193681,0.3158215579462288
2022-03-05 20:00:00,13928.784373193681,0.3158215579462288
2022-03-06 00:00:00,13928.784373193681,0.3158215579462288
2022-03-06 04:00:00,13928.784373193681,0.3158215579462288
2022-03-06 08:00:00,13928.784373193681,0.3158215579462288
2022-03-06 12:00:00,13928.784373193681,0.3158215579462288
2022-03-06 16:00:00,13928.784373193681,0.3158215579462288
2022-03-06 20:00:00,13928.784373193681,0.3158215579462288
2022-03-07 00:00:00,13928.784373193681,0.3158215579462288
2022-03-07 04:00:00,13928.784373193681,0.3158215579462288
2022-03-07 08:00:00,13928.784373193681,0.3158215579462288
2022-03-07 12:00:00,13928.784373193681,0.3158215579462288
2022-03-07 16:00:00,13928.784373193681,0.3158215579462288
2022-03-07 20:00:00,13928.784373193681,0.3158215579462288
2022-03-08 00:00:00,13928.784373193681,0.3158215579462288
2022-03-08 04:00:00,13928.784373193681,0.3158215579462288
2022-03-08 08:00:00,13928.784373193681,0.3158215579462288
2022-03-08 12:00:00,13928.784373193681,0.3158215579462288
2022-03-08 16:00:00,13928.784373193681,0.3158215579462288
2022-03-08 20:00:00,13928.784373193681,0.3158215579462288
2022-03-09 00:00:00,13928.784373193681,0.3158215579462288
2022-03-09 04:00:00,13928.784373193681,0.3158215579462288
2022-03-09 08:00:00,13928.784373193681,0.3158215579462288
2022-03-09 12:00:00,13928.784373193681,0.3158215579462288
2022-03-09 16:00:00,13928.784373193681,0.3158215579462288
2022-03-09 20:00:00,13928.784373193681,0.3158215579462288
2022-03-10 00:00:00,13928.784373193681,0.3158215579462288
2022-03-10 04:00:00,13928.784373193681,0.3158215579462288
2022-03-10 08:00:00,13928.784373193681,0.3158215579462288
2022-03-10 12:00:00,13928.784373193681,0.3158215579462288
2022-03-10 16:00:00,13928.784373193681,0.3158215579462288
2022-03-10 20:00:00,13928.784373193681,0.3158215579462288
2022-03-11 00:00:00,13928.784373193681,0.3158215579462288
2022-03-11 04:00:00,13928.784373193681,0.3158215579462288
2022-03-11 08:00:00,13928.784373193681,0.3158215579462288
2022-03-11 12:00:00,13928.784373193681,0.3158215579462288
2022-03-11 16:00:00,13928.784373193681,0.3158215579462288
2022-03-11 20:00:00,13928.784373193681,0.3158215579462288
2022-03-12 00:00:00,13928.784373193681,0.3158215579462288
2022-03-12 04:00:00,13928.784373193681,0.3158215579462288
2022-03-12 08:00:00,13928.784373193681,0.3158215579462288
2022-03-12 12:00:00,13928.784373193681,0.3158215579462288
2022-03-12 16:00:00,13928.784373193681,0.3158215579462288
2022-03-12 20:00:00,13928.784373193681,0.3158215579462288
2022-03-13 00:00:00,13928.784373193681,0.3158215579462288
2022-03-13 04:00:00,13928.784373193681,0.3158215579462288
2022-03-13 08:00:00,13928.784373193681,0.3158215579462288
2022-03-13 12:00:00,13928.784373193681,0.3158215579462288
2022-03-13 16:00:00,13928.784373193681,0.3158215579462288
2022-03-13 20:00:00,13928.784373193681,0.3158215579462288
2022-03-14 00:00:00,13928.784373193681,0.3158215579462288
2022-03-14 04:00:00,13928.784373193681,0.3158215579462288
2022-03-14 08:00:00,13928.784373193681,0.3158215579462288
2022-03-14 12:00:00,13928.784373193681,0.3158215579462288
2022-03-14 16:00:00,13928.784373193681,0.3158215579462288
2022-03-14 20:00:00,13928.784373193681,0.3158215579462288
2022-03-15 00:00:00,13928.784373193681,0.3158215579462288
2022-03-15 04:00:00,13928.784373193681,0.3158215579462288
2022-03-15 08:00:00,13928.784373193681,0.3158215579462288
2022-03-15 12:00:00,13928.784373193681,0.3158215579462288
2022-03-15 16:00:00,13928.784373193681,0.3158215579462288
2022-03-15 20:00:00,13928.784373193681,0.3158215579462288
2022-03-16 00:00:00,13928.784373193681,0.3158215579462288
2022-03-16 04:00:00,13928.784373193681,0.3158215579462288
2022-03-16 08:00:00,13928.784373193681,0.3158215579462288
2022-03-16 12:00:00,13928.784373193681,0.3158215579462288
2022-03-16 16:00:00,13928.784373193681,0.3158215579462288
2022-03-16 20:00:00,13928.784373193681,0.3158215579462288
2022-03-17 00:00:00,13928.784373193681,0.3158215579462288
2022-03-17 04:00:00,13790.57137412139,0.3226105462630303
2022-03-17 08:00:00,13801.793747445303,0.322059306062078
2022-03-17 12:00:00,13826.810892408248,0.3208304700914156
2022-03-17 16:00:00,13863.447881808059,0.3190308702370777
2022-03-17 20:00:00,13886.464842339918,0.3179002828307706
2022-03-18 00:00:00,13688.60355146789,0.32761918048217653
2022-03-18 04:00:00,13712.834919918374,0.32642894165938385
2022-03-18 08:00:00,13593.34391343519,0.3322983103325351
2022-03-18 12:00:00,13593.34391343519,0.3322983103325351
2022-03-18 16:00:00,13593.34391343519,0.3322983103325351
2022-03-18 20:00:00,13593.34391343519,0.3322983103325351
2022-03-19 00:00:00,13593.34391343519,0.3322983103325351
2022-03-19 04:00:00,13497.082064560836,0.3370266685314617
2022-03-19 08:00:00,13552.96415025305,0.33428175430899765
2022-03-19 12:00:00,13660.906439419186,0.32897965577299515
2022-03-19 16:00:00,13709.498770929054,0.32659281247228583
2022-03-19 20:00:00,13792.616512134953,0.32251008958982647
2022-03-20 00:00:00,13663.212112001249,0.3288664017062499
2022-03-20 04:00:00,13624.028554658084,0.3307910883478757
2022-03-20 08:00:00,13485.455294988065,0.33759777257609935
2022-03-20 12:00:00,13362.167868005507,0.34365362048484294
2022-03-20 16:00:00,13381.523651919488,0.342702869168132
2022-03-20 20:00:00,13323.055431265844,0.3455748137000218
2022-03-21 00:00:00,13085.453745171475,0.3572457497319019
2022-03-21 04:00:00,13085.453745171475,0.3572457497319019
2022-03-21 08:00:00,13085.453745171475,0.3572457497319019
2022-03-21 12:00:00,13085.453745171475,0.3572457497319019
2022-03-21 16:00:00,13085.453745171475,0.3572457497319019
2022-03-21 20:00:00,13085.453745171475,0.3572457497319019
2022-03-22 00:00:00,13085.453745171475,0.3572457497319019
2022-03-22 04:00:00,13085.453745171475,0.3572457497319019
2022-03-22 08:00:00,13085.453745171475,0.3572457497319019
2022-03-22 12:00:00,13085.453745171475,0.3572457497319019
2022-03-22 16:00:00,13085.453745171475,0.3572457497319019
2022-03-22 20:00:00,13085.453745171475,0.3572457497319019
2022-03-23 00:00:00,13085.453745171475,0.3572457497319019
2022-03-23 04:00:00,13085.453745171475,0.3572457497319019
2022-03-23 08:00:00,13085.453745171475,0.3572457497319019
2022-03-23 12:00:00,13085.453745171475,0.3572457497319019
2022-03-23 16:00:00,13085.453745171475,0.3572457497319019
2022-03-23 20:00:00,13085.453745171475,0.3572457497319019
2022-03-24 00:00:00,13085.453745171475,0.3572457497319019
2022-03-24 04:00:00,13273.034972160152,0.3480318062748806
2022-03-24 08:00:00,13218.366573152309,0.35071710450770727
2022-03-24 12:00:00,13700.741113778457,0.3270229864246423
2022-03-24 16:00:00,13700.741113778457,0.3270229864246423
2022-03-24 20:00:00,13700.741113778457,0.3270229864246423
2022-03-25 00:00:00,13700.741113778457,0.3270229864246423
2022-03-25 04:00:00,13651.898374636952,0.32942212968625995
2022-03-25 08:00:00,13992.047855123545,0.31271407136692825
2022-03-25 12:00:00,13858.502787686486,0.3192737720367795
2022-03-25 16:00:00,13921.86515333581,0.3161614283136455
2022-03-25 20:00:00,13855.960855691203,0.3193986311074452
2022-03-26 00:00:00,13896.387596723653,0.317412879590599
2022-03-26 04:00:00,14008.093956785498,0.31192589082353206
2022-03-26 08:00:00,13832.495572669202,0.32055124000354096
2022-03-26 12:00:00,13703.297773486203,0.3268974039323844
2022-03-26 16:00:00,13865.460342760627,0.31893201865302473
2022-03-26 20:00:00,14009.223180891988,0.3118704236148218
2022-03-27 00:00:00,14210.947141358363,0.30196179258867034
2022-03-27 04:00:00,14247.658228418893,0.30015855307557165
2022-03-27 08:00:00,14000.788523409512,0.31228473190339895
2022-03-27 12:00:00,14432.794988728134,0.29106468121701723
2022-03-27 16:00:00,14392.475719446185,0.2930451537480702
2022-03-27 20:00:00,17286.79352071057,0.1508769794823699
2022-03-28 00:00:00,17286.79352071057,0.1508769794823699
2022-03-28 04:00:00,17279.99266195782,0.15121103598158886
2022-03-28 08:00:00,17411.63448132367,0.14474482238608036
2022-03-28 12:00:00,17496.611507806414,0.14057077187085967
2022-03-28 16:00:00,17763.49282831293,0.12746162744122738
2022-03-28 20:00:00,17346.44224134374,0.14794704908357334
2022-03-29 00:00:00,17452.85863379695,0.14271990221656164
2022-03-29 04:00:00,17478.32972051802,0.14146876873905756
2022-03-29 08:00:00,18029.97878791891,0.11437190304120645
2022-03-29 12:00:00,17573.853304146232,0.13677667394635468
2022-03-29 16:00:00,17835.327374447654,0.12393313230889688
2022-03-29 20:00:00,17568.61472175342,0.13703399181732284
2022-03-30 00:00:00,17569.254879622535,0.13700254742118428
2022-03-30 04:00:00,17509.00173274239,0.13996216708768094
2022-03-30 08:00:00,17412.177027621034,0.14471817264619438
2022-03-30 12:00:00,17173.497008945786,0.15644207610763866
2022-03-30 16:00:00,17043.086860184292,0.16284779034780975
2022-03-30 20:00:00,17034.205689748975,0.16328403124215107
2022-03-31 00:00:00,17075.528644881542,0.16125425791045467
2022-03-31 04:00:00,17173.29580762233,0.15645195906686418
2022-03-31 08:00:00,17160.137587755453,0.15709828757102615
2022-03-31 12:00:00,16065.845549311613,0.2108496417419779
2022-03-31 16:00:00,15609.38279899471,0.23327097909632966
2022-03-31 20:00:00,15609.38279899471,0.23327097909632966
2022-04-01 00:00:00,15609.38279899471,0.23327097909632966
2022-04-01 04:00:00,15609.38279899471,0.23327097909632966
2022-04-01 08:00:00,15609.38279899471,0.23327097909632966
2022-04-01 12:00:00,15609.38279899471,0.23327097909632966
2022-04-01 16:00:00,15609.38279899471,0.23327097909632966
2022-04-01 20:00:00,15609.38279899471,0.23327097909632966
2022-04-02 00:00:00,15609.38279899471,0.23327097909632966
2022-04-02 04:00:00,15609.38279899471,0.23327097909632966
2022-04-02 08:00:00,15609.38279899471,0.23327097909632966
2022-04-02 12:00:00,15609.38279899471,0.23327097909632966
2022-04-02 16:00:00,15609.38279899471,0.23327097909632966
2022-04-02 20:00:00,15609.38279899471,0.23327097909632966
2022-04-03 00:00:00,15609.38279899471,0.23327097909632966
2022-04-03 04:00:00,15609.38279899471,0.23327097909632966
2022-04-03 08:00:00,15609.38279899471,0.23327097909632966
2022-04-03 12:00:00,15609.38279899471,0.23327097909632966
2022-04-03 16:00:00,15609.38279899471,0.23327097909632966
2022-04-03 20:00:00,15609.38279899471,0.23327097909632966
2022-04-04 00:00:00,15609.38279899471,0.23327097909632966
2022-04-04 04:00:00,15609.38279899471,0.23327097909632966
2022-04-04 08:00:00,15609.38279899471,0.23327097909632966
2022-04-04 12:00:00,15609.38279899471,0.23327097909632966
2022-04-04 16:00:00,15609.38279899471,0.23327097909632966
2022-04-04 20:00:00,15609.38279899471,0.23327097909632966
2022-04-05 00:00:00,15609.38279899471,0.23327097909632966
2022-04-05 04:00:00,15609.38279899471,0.23327097909632966
2022-04-05 08:00:00,15609.38279899471,0.23327097909632966
2022-04-05 12:00:00,15609.38279899471,0.23327097909632966
2022-04-05 16:00:00,15609.38279899471,0.23327097909632966
2022-04-05 20:00:00,15609.38279899471,0.23327097909632966
2022-04-06 00:00:00,15609.38279899471,0.23327097909632966
2022-04-06 04:00:00,15609.38279899471,0.23327097909632966
2022-04-06 08:00:00,15609.38279899471,0.23327097909632966
2022-04-06 12:00:00,15609.38279899471,0.23327097909632966
2022-04-06 16:00:00,15609.38279899471,0.23327097909632966
2022-04-06 20:00:00,15609.38279899471,0.23327097909632966
2022-04-07 00:00:00,15609.38279899471,0.23327097909632966
2022-04-07 04:00:00,15609.38279899471,0.23327097909632966
2022-04-07 08:00:00,15609.38279899471,0.23327097909632966
2022-04-07 12:00:00,15609.38279899471,0.23327097909632966
2022-04-07 16:00:00,15609.38279899471,0.23327097909632966
2022-04-07 20:00:00,15609.38279899471,0.23327097909632966
2022-04-08 00:00:00,15609.38279899471,0.23327097909632966
2022-04-08 04:00:00,15609.38279899471,0.23327097909632966
2022-04-08 08:00:00,15609.38279899471,0.23327097909632966
2022-04-08 12:00:00,15609.38279899471,0.23327097909632966
2022-04-08 16:00:00,15609.38279899471,0.23327097909632966
2022-04-08 20:00:00,15609.38279899471,0.23327097909632966
2022-04-09 00:00:00,15609.38279899471,0.23327097909632966
2022-04-09 04:00:00,15609.38279899471,0.23327097909632966
2022-04-09 08:00:00,15609.38279899471,0.23327097909632966
2022-04-09 12:00:00,15609.38279899471,0.23327097909632966
2022-04-09 16:00:00,15609.38279899471,0.23327097909632966
2022-04-09 20:00:00,15609.38279899471,0.23327097909632966
2022-04-10 00:00:00,15609.38279899471,0.23327097909632966
2022-04-10 04:00:00,15609.38279899471,0.23327097909632966
2022-04-10 08:00:00,15609.38279899471,0.23327097909632966
2022-04-10 12:00:00,15609.38279899471,0.23327097909632966
2022-04-10 16:00:00,15609.38279899471,0.23327097909632966
2022-04-10 20:00:00,15609.38279899471,0.23327097909632966
2022-04-11 00:00:00,15609.38279899471,0.23327097909632966
2022-04-11 04:00:00,15609.38279899471,0.23327097909632966
2022-04-11 08:00:00,15609.38279899471,0.23327097909632966
2022-04-11 12:00:00,15609.38279899471,0.23327097909632966
2022-04-11 16:00:00,15609.38279899471,0.23327097909632966
2022-04-11 20:00:00,15609.38279899471,0.23327097909632966
2022-04-12 00:00:00,15609.38279899471,0.23327097909632966
2022-04-12 04:00:00,15609.38279899471,0.23327097909632966
2022-04-12 08:00:00,15609.38279899471,0.23327097909632966
2022-04-12 12:00:00,15609.38279899471,0.23327097909632966
2022-04-12 16:00:00,15609.38279899471,0.23327097909632966
2022-04-12 20:00:00,15609.38279899471,0.23327097909632966
2022-04-13 00:00:00,15609.38279899471,0.23327097909632966
2022-04-13 04:00:00,15609.38279899471,0.23327097909632966
2022-04-13 08:00:00,15609.38279899471,0.23327097909632966
2022-04-13 12:00:00,15609.38279899471,0.23327097909632966
2022-04-13 16:00:00,15609.38279899471,0.23327097909632966
2022-04-13 20:00:00,15609.38279899471,0.23327097909632966
2022-04-14 00:00:00,15609.38279899471,0.23327097909632966
2022-04-14 04:00:00,15609.38279899471,0.23327097909632966
2022-04-14 08:00:00,15609.38279899471,0.23327097909632966
2022-04-14 12:00:00,15609.38279899471,0.23327097909632966
2022-04-14 16:00:00,15609.38279899471,0.23327097909632966
2022-04-14 20:00:00,15609.38279899471,0.23327097909632966
2022-04-15 00:00:00,15609.38279899471,0.23327097909632966
2022-04-15 04:00:00,15609.38279899471,0.23327097909632966
2022-04-15 08:00:00,15609.38279899471,0.23327097909632966
2022-04-15 12:00:00,15609.38279899471,0.23327097909632966
2022-04-15 16:00:00,15609.38279899471,0.23327097909632966
2022-04-15 20:00:00,15609.38279899471,0.23327097909632966
2022-04-16 00:00:00,15609.38279899471,0.23327097909632966
2022-04-16 04:00:00,15609.38279899471,0.23327097909632966
2022-04-16 08:00:00,15609.38279899471,0.23327097909632966
2022-04-16 12:00:00,15609.38279899471,0.23327097909632966
2022-04-16 16:00:00,15609.38279899471,0.23327097909632966
2022-04-16 20:00:00,15609.38279899471,0.23327097909632966
2022-04-17 00:00:00,15609.38279899471,0.23327097909632966
2022-04-17 04:00:00,15609.38279899471,0.23327097909632966
2022-04-17 08:00:00,15609.38279899471,0.23327097909632966
2022-04-17 12:00:00,15609.38279899471,0.23327097909632966
2022-04-17 16:00:00,15609.38279899471,0.23327097909632966
2022-04-17 20:00:00,15609.38279899471,0.23327097909632966
2022-04-18 00:00:00,15609.38279899471,0.23327097909632966
2022-04-18 04:00:00,15609.38279899471,0.23327097909632966
2022-04-18 08:00:00,15609.38279899471,0.23327097909632966
2022-04-18 12:00:00,15609.38279899471,0.23327097909632966
2022-04-18 16:00:00,15609.38279899471,0.23327097909632966
2022-04-18 20:00:00,15609.38279899471,0.23327097909632966
2022-04-19 00:00:00,15609.38279899471,0.23327097909632966
2022-04-19 04:00:00,15609.38279899471,0.23327097909632966
2022-04-19 08:00:00,15609.38279899471,0.23327097909632966
2022-04-19 12:00:00,15609.38279899471,0.23327097909632966
2022-04-19 16:00:00,15609.38279899471,0.23327097909632966
2022-04-19 20:00:00,15609.38279899471,0.23327097909632966
2022-04-20 00:00:00,15609.38279899471,0.23327097909632966
2022-04-20 04:00:00,15578.157995218065,0.2348047337319785
2022-04-20 08:00:00,15953.12924190949,0.21638623887251102
2022-04-20 12:00:00,15538.982785585236,0.236729010336138
2022-04-20 16:00:00,15505.055092926486,0.23839553020490817
2022-04-20 20:00:00,15587.196729549898,0.23436075333802592
2022-04-21 00:00:00,15754.884230681213,0.22612398477287313
2022-04-21 04:00:00,15835.93187409651,0.22214294458169
2022-04-21 08:00:00,16099.845252587982,0.20917958472948764
2022-04-21 12:00:00,16099.845252587982,0.20917958472948764
2022-04-21 16:00:00,16099.845252587982,0.20917958472948764
2022-04-21 20:00:00,16099.845252587982,0.20917958472948764
2022-04-22 00:00:00,16099.845252587982,0.20917958472948764
2022-04-22 04:00:00,16099.845252587982,0.20917958472948764
2022-04-22 08:00:00,16099.845252587982,0.20917958472948764
2022-04-22 12:00:00,16099.845252587982,0.20917958472948764
2022-04-22 16:00:00,16099.845252587982,0.20917958472948764
2022-04-22 20:00:00,16099.845252587982,0.20917958472948764
2022-04-23 00:00:00,16099.845252587982,0.20917958472948764
2022-04-23 04:00:00,16099.845252587982,0.20917958472948764
2022-04-23 08:00:00,16099.845252587982,0.20917958472948764
2022-04-23 12:00:00,16099.845252587982,0.20917958472948764
2022-04-23 16:00:00,16099.845252587982,0.20917958472948764
2022-04-23 20:00:00,16099.845252587982,0.20917958472948764
2022-04-24 00:00:00,16099.845252587982,0.20917958472948764
2022-04-24 04:00:00,16099.845252587982,0.20917958472948764
2022-04-24 08:00:00,16099.845252587982,0.20917958472948764
2022-04-24 12:00:00,16099.845252587982,0.20917958472948764
2022-04-24 16:00:00,16099.845252587982,0.20917958472948764
2022-04-24 20:00:00,16099.845252587982,0.20917958472948764
2022-04-25 00:00:00,16099.845252587982,0.20917958472948764
2022-04-25 04:00:00,16099.845252587982,0.20917958472948764
2022-04-25 08:00:00,16099.845252587982,0.20917958472948764
2022-04-25 12:00:00,16099.845252587982,0.20917958472948764
2022-04-25 16:00:00,16099.845252587982,0.20917958472948764
2022-04-25 20:00:00,16099.845252587982,0.20917958472948764
2022-04-26 00:00:00,16099.845252587982,0.20917958472948764
2022-04-26 04:00:00,16140.871174113903,0.2071644016150556
2022-04-26 08:00:00,16082.128682070232,0.21004981828976144
2022-04-26 12:00:00,15113.48030992121,0.25762958665994873
2022-04-26 16:00:00,15113.48030992121,0.25762958665994873
2022-04-26 20:00:00,15113.48030992121,0.25762958665994873
2022-04-27 00:00:00,15113.48030992121,0.25762958665994873
2022-04-27 04:00:00,15113.48030992121,0.25762958665994873
2022-04-27 08:00:00,15113.48030992121,0.25762958665994873
2022-04-27 12:00:00,15113.48030992121,0.25762958665994873
2022-04-27 16:00:00,15113.48030992121,0.25762958665994873
2022-04-27 20:00:00,15113.48030992121,0.25762958665994873
2022-04-28 00:00:00,15113.48030992121,0.25762958665994873
2022-04-28 04:00:00,15113.48030992121,0.25762958665994873
2022-04-28 08:00:00,15113.48030992121,0.25762958665994873
2022-04-28 12:00:00,15113.48030992121,0.25762958665994873
2022-04-28 16:00:00,15113.48030992121,0.25762958665994873
2022-04-28 20:00:00,15113.48030992121,0.25762958665994873
2022-04-29 00:00:00,15113.48030992121,0.25762958665994873
2022-04-29 04:00:00,15113.48030992121,0.25762958665994873
2022-04-29 08:00:00,15113.48030992121,0.25762958665994873
2022-04-29 12:00:00,15113.48030992121,0.25762958665994873
2022-04-29 16:00:00,15113.48030992121,0.25762958665994873
2022-04-29 20:00:00,15113.48030992121,0.25762958665994873
2022-04-30 00:00:00,15113.48030992121,0.25762958665994873
2022-04-30 04:00:00,15113.48030992121,0.25762958665994873
2022-04-30 08:00:00,15113.48030992121,0.25762958665994873
2022-04-30 12:00:00,15113.48030992121,0.25762958665994873
2022-04-30 16:00:00,15113.48030992121,0.25762958665994873
2022-04-30 20:00:00,15113.48030992121,0.25762958665994873
2022-05-01 00:00:00,15113.48030992121,0.25762958665994873
2022-05-01 04:00:00,15113.48030992121,0.25762958665994873
2022-05-01 08:00:00,15113.48030992121,0.25762958665994873
2022-05-01 12:00:00,15113.48030992121,0.25762958665994873
2022-05-01 16:00:00,15113.48030992121,0.25762958665994873
2022-05-01 20:00:00,15113.48030992121,0.25762958665994873
2022-05-02 00:00:00,15113.48030992121,0.25762958665994873
2022-05-02 04:00:00,15113.48030992121,0.25762958665994873
2022-05-02 08:00:00,15113.48030992121,0.25762958665994873
2022-05-02 12:00:00,15113.48030992121,0.25762958665994873
2022-05-02 16:00:00,15113.48030992121,0.25762958665994873
2022-05-02 20:00:00,15113.48030992121,0.25762958665994873
2022-05-03 00:00:00,15113.48030992121,0.25762958665994873
2022-05-03 04:00:00,15113.48030992121,0.25762958665994873
2022-05-03 08:00:00,15113.48030992121,0.25762958665994873
2022-05-03 12:00:00,15113.48030992121,0.25762958665994873
2022-05-03 16:00:00,15113.48030992121,0.25762958665994873
2022-05-03 20:00:00,15113.48030992121,0.25762958665994873
2022-05-04 00:00:00,15113.48030992121,0.25762958665994873
2022-05-04 04:00:00,15113.48030992121,0.25762958665994873
2022-05-04 08:00:00,15113.48030992121,0.25762958665994873
2022-05-04 12:00:00,15113.48030992121,0.25762958665994873
2022-05-04 16:00:00,15113.48030992121,0.25762958665994873
2022-05-04 20:00:00,15113.48030992121,0.25762958665994873
2022-05-05 00:00:00,15113.48030992121,0.25762958665994873
2022-05-05 04:00:00,15056.700613967478,0.26041859127636546
2022-05-05 08:00:00,15008.688579879059,0.26277693051131445
2022-05-05 12:00:00,13763.081496207418,0.32396084226442623
2022-05-05 16:00:00,13763.081496207418,0.32396084226442623
2022-05-05 20:00:00,13763.081496207418,0.32396084226442623
2022-05-06 00:00:00,13763.081496207418,0.32396084226442623
2022-05-06 04:00:00,13763.081496207418,0.32396084226442623
2022-05-06 08:00:00,13763.081496207418,0.32396084226442623
2022-05-06 12:00:00,13763.081496207418,0.32396084226442623
2022-05-06 16:00:00,13763.081496207418,0.32396084226442623
2022-05-06 20:00:00,13763.081496207418,0.32396084226442623
2022-05-07 00:00:00,13763.081496207418,0.32396084226442623
2022-05-07 04:00:00,13763.081496207418,0.32396084226442623
2022-05-07 08:00:00,13763.081496207418,0.32396084226442623
2022-05-07 12:00:00,13763.081496207418,0.32396084226442623
2022-05-07 16:00:00,13763.081496207418,0.32396084226442623
2022-05-07 20:00:00,13763.081496207418,0.32396084226442623
2022-05-08 00:00:00,13763.081496207418,0.32396084226442623
2022-05-08 04:00:00,13763.081496207418,0.32396084226442623
2022-05-08 08:00:00,13763.081496207418,0.32396084226442623
2022-05-08 12:00:00,13763.081496207418,0.32396084226442623
2022-05-08 16:00:00,13763.081496207418,0.32396084226442623
2022-05-08 20:00:00,13763.081496207418,0.32396084226442623
2022-05-09 00:00:00,13763.081496207418,0.32396084226442623
2022-05-09 04:00:00,13763.081496207418,0.32396084226442623
2022-05-09 08:00:00,13763.081496207418,0.32396084226442623
2022-05-09 12:00:00,13763.081496207418,0.32396084226442623
2022-05-09 16:00:00,13763.081496207418,0.32396084226442623
2022-05-09 20:00:00,13763.081496207418,0.32396084226442623
2022-05-10 00:00:00,13763.081496207418,0.32396084226442623
2022-05-10 04:00:00,13763.081496207418,0.32396084226442623
2022-05-10 08:00:00,13763.081496207418,0.32396084226442623
2022-05-10 12:00:00,13763.081496207418,0.32396084226442623
2022-05-10 16:00:00,13763.081496207418,0.32396084226442623
2022-05-10 20:00:00,13763.081496207418,0.32396084226442623
2022-05-11 00:00:00,13763.081496207418,0.32396084226442623
2022-05-11 04:00:00,13763.081496207418,0.32396084226442623
2022-05-11 08:00:00,13763.081496207418,0.32396084226442623
2022-05-11 12:00:00,13763.081496207418,0.32396084226442623
2022-05-11 16:00:00,13763.081496207418,0.32396084226442623
2022-05-11 20:00:00,13763.081496207418,0.32396084226442623
2022-05-12 00:00:00,13763.081496207418,0.32396084226442623
2022-05-12 04:00:00,13763.081496207418,0.32396084226442623
2022-05-12 08:00:00,13763.081496207418,0.32396084226442623
2022-05-12 12:00:00,13763.081496207418,0.32396084226442623
2022-05-12 16:00:00,13763.081496207418,0.32396084226442623
2022-05-12 20:00:00,13763.081496207418,0.32396084226442623
2022-05-13 00:00:00,13763.081496207418,0.32396084226442623
2022-05-13 04:00:00,13763.081496207418,0.32396084226442623
2022-05-13 08:00:00,13763.081496207418,0.32396084226442623
2022-05-13 12:00:00,13763.081496207418,0.32396084226442623
2022-05-13 16:00:00,13763.081496207418,0.32396084226442623
2022-05-13 20:00:00,13763.081496207418,0.32396084226442623
2022-05-14 00:00:00,13763.081496207418,0.32396084226442623
2022-05-14 04:00:00,13763.081496207418,0.32396084226442623
2022-05-14 08:00:00,13763.081496207418,0.32396084226442623
2022-05-14 12:00:00,13763.081496207418,0.32396084226442623
2022-05-14 16:00:00,13763.081496207418,0.32396084226442623
2022-05-14 20:00:00,13763.081496207418,0.32396084226442623
2022-05-15 00:00:00,13763.081496207418,0.32396084226442623
2022-05-15 04:00:00,13763.081496207418,0.32396084226442623
2022-05-15 08:00:00,13763.081496207418,0.32396084226442623
2022-05-15 12:00:00,13763.081496207418,0.32396084226442623
2022-05-15 16:00:00,13763.081496207418,0.32396084226442623
2022-05-15 20:00:00,13763.081496207418,0.32396084226442623
2022-05-16 00:00:00,13763.081496207418,0.32396084226442623
2022-05-16 04:00:00,13763.081496207418,0.32396084226442623
2022-05-16 08:00:00,13763.081496207418,0.32396084226442623
2022-05-16 12:00:00,13763.081496207418,0.32396084226442623
2022-05-16 16:00:00,13763.081496207418,0.32396084226442623
2022-05-16 20:00:00,13763.081496207418,0.32396084226442623
2022-05-17 00:00:00,13763.081496207418,0.32396084226442623
2022-05-17 04:00:00,13763.081496207418,0.32396084226442623
2022-05-17 08:00:00,13763.081496207418,0.32396084226442623
2022-05-17 12:00:00,13763.081496207418,0.32396084226442623
2022-05-17 16:00:00,13763.081496207418,0.32396084226442623
2022-05-17 20:00:00,13763.081496207418,0.32396084226442623
2022-05-18 00:00:00,13763.081496207418,0.32396084226442623
2022-05-18 04:00:00,13763.081496207418,0.32396084226442623
2022-05-18 08:00:00,13763.081496207418,0.32396084226442623
2022-05-18 12:00:00,13763.081496207418,0.32396084226442623
2022-05-18 16:00:00,13763.081496207418,0.32396084226442623
2022-05-18 20:00:00,13763.081496207418,0.32396084226442623
2022-05-19 00:00:00,13763.081496207418,0.32396084226442623
2022-05-19 04:00:00,13763.081496207418,0.32396084226442623
2022-05-19 08:00:00,13763.081496207418,0.32396084226442623
2022-05-19 12:00:00,13763.081496207418,0.32396084226442623
2022-05-19 16:00:00,13763.081496207418,0.32396084226442623
2022-05-19 20:00:00,13763.081496207418,0.32396084226442623
2022-05-20 00:00:00,13763.081496207418,0.32396084226442623
2022-05-20 04:00:00,13763.081496207418,0.32396084226442623
2022-05-20 08:00:00,13763.081496207418,0.32396084226442623
2022-05-20 12:00:00,13763.081496207418,0.32396084226442623
2022-05-20 16:00:00,13763.081496207418,0.32396084226442623
2022-05-20 20:00:00,13763.081496207418,0.32396084226442623
2022-05-21 00:00:00,13763.081496207418,0.32396084226442623
2022-05-21 04:00:00,13763.081496207418,0.32396084226442623
2022-05-21 08:00:00,13763.081496207418,0.32396084226442623
2022-05-21 12:00:00,13763.081496207418,0.32396084226442623
2022-05-21 16:00:00,13763.081496207418,0.32396084226442623
2022-05-21 20:00:00,13763.081496207418,0.32396084226442623
2022-05-22 00:00:00,13763.081496207418,0.32396084226442623
2022-05-22 04:00:00,13763.081496207418,0.32396084226442623
2022-05-22 08:00:00,13763.081496207418,0.32396084226442623
2022-05-22 12:00:00,13763.081496207418,0.32396084226442623
2022-05-22 16:00:00,13763.081496207418,0.32396084226442623
2022-05-22 20:00:00,13763.081496207418,0.32396084226442623
2022-05-23 00:00:00,13763.081496207418,0.32396084226442623
2022-05-23 04:00:00,13763.081496207418,0.32396084226442623
2022-05-23 08:00:00,13763.081496207418,0.32396084226442623
2022-05-23 12:00:00,13763.081496207418,0.32396084226442623
2022-05-23 16:00:00,13763.081496207418,0.32396084226442623
2022-05-23 20:00:00,13763.081496207418,0.32396084226442623
2022-05-24 00:00:00,13763.081496207418,0.32396084226442623
2022-05-24 04:00:00,13763.081496207418,0.32396084226442623
2022-05-24 08:00:00,13763.081496207418,0.32396084226442623
2022-05-24 12:00:00,13763.081496207418,0.32396084226442623
2022-05-24 16:00:00,13763.081496207418,0.32396084226442623
2022-05-24 20:00:00,13763.081496207418,0.32396084226442623
2022-05-25 00:00:00,13763.081496207418,0.32396084226442623
2022-05-25 04:00:00,13763.081496207418,0.32396084226442623
2022-05-25 08:00:00,13763.081496207418,0.32396084226442623
2022-05-25 12:00:00,13763.081496207418,0.32396084226442623
2022-05-25 16:00:00,13763.081496207418,0.32396084226442623
2022-05-25 20:00:00,13763.081496207418,0.32396084226442623
2022-05-26 00:00:00,13763.081496207418,0.32396084226442623
2022-05-26 04:00:00,13763.081496207418,0.32396084226442623
2022-05-26 08:00:00,13763.081496207418,0.32396084226442623
2022-05-26 12:00:00,13763.081496207418,0.32396084226442623
2022-05-26 16:00:00,13763.081496207418,0.32396084226442623
2022-05-26 20:00:00,13763.081496207418,0.32396084226442623
2022-05-27 00:00:00,13763.081496207418,0.32396084226442623
2022-05-27 04:00:00,13763.081496207418,0.32396084226442623
2022-05-27 08:00:00,13763.081496207418,0.32396084226442623
2022-05-27 12:00:00,13763.081496207418,0.32396084226442623
2022-05-27 16:00:00,13763.081496207418,0.32396084226442623
2022-05-27 20:00:00,13763.081496207418,0.32396084226442623
2022-05-28 00:00:00,13763.081496207418,0.32396084226442623
2022-05-28 04:00:00,13763.081496207418,0.32396084226442623
2022-05-28 08:00:00,13763.081496207418,0.32396084226442623
2022-05-28 12:00:00,13763.081496207418,0.32396084226442623
2022-05-28 16:00:00,13763.081496207418,0.32396084226442623
2022-05-28 20:00:00,13763.081496207418,0.32396084226442623
2022-05-29 00:00:00,13763.081496207418,0.32396084226442623
2022-05-29 04:00:00,13763.081496207418,0.32396084226442623
2022-05-29 08:00:00,13763.081496207418,0.32396084226442623
2022-05-29 12:00:00,13763.081496207418,0.32396084226442623
2022-05-29 16:00:00,13763.081496207418,0.32396084226442623
2022-05-29 20:00:00,13763.081496207418,0.32396084226442623
2022-05-30 00:00:00,13763.081496207418,0.32396084226442623
2022-05-30 04:00:00,13880.225471353793,0.3182067591898201
2022-05-30 08:00:00,13894.845061351341,0.317488648546422
2022-05-30 12:00:00,13879.194213177678,0.31825741433626975
2022-05-30 16:00:00,13883.703479567923,0.3180359202868952
2022-05-30 20:00:00,14403.004621814152,0.2925279766688905
2022-05-31 00:00:00,14403.004621814152,0.2925279766688905
2022-05-31 04:00:00,14288.930646315823,0.29813126212038554
2022-05-31 08:00:00,14385.539283003653,0.2933858697898657
2022-05-31 12:00:00,14531.299038428835,0.28622618666828153
2022-05-31 16:00:00,14314.882600693643,0.2968565085425615
2022-05-31 20:00:00,14402.541112834728,0.2925507441152752
2022-06-01 00:00:00,14315.665144124709,0.29681807020285
2022-06-01 04:00:00,14183.484514365764,0.30331075003155106
2022-06-01 08:00:00,14310.201346792579,0.29708645057591315
2022-06-01 12:00:00,13410.137743238636,0.3412973520824345
2022-06-01 16:00:00,13410.137743238636,0.3412973520824345
2022-06-01 20:00:00,13410.137743238636,0.3412973520824345
2022-06-02 00:00:00,13410.137743238636,0.3412973520824345
2022-06-02 04:00:00,13410.137743238636,0.3412973520824345
2022-06-02 08:00:00,13410.137743238636,0.3412973520824345
2022-06-02 12:00:00,13410.137743238636,0.3412973520824345
2022-06-02 16:00:00,13410.137743238636,0.3412973520824345
2022-06-02 20:00:00,13410.137743238636,0.3412973520824345
2022-06-03 00:00:00,13410.137743238636,0.3412973520824345
2022-06-03 04:00:00,13410.137743238636,0.3412973520824345
2022-06-03 08:00:00,13410.137743238636,0.3412973520824345
2022-06-03 12:00:00,13410.137743238636,0.3412973520824345
2022-06-03 16:00:00,13410.137743238636,0.3412973520824345
2022-06-03 20:00:00,13410.137743238636,0.3412973520824345
2022-06-04 00:00:00,13410.137743238636,0.3412973520824345
2022-06-04 04:00:00,13410.137743238636,0.3412973520824345
2022-06-04 08:00:00,13410.137743238636,0.3412973520824345
2022-06-04 12:00:00,13410.137743238636,0.3412973520824345
2022-06-04 16:00:00,13410.137743238636,0.3412973520824345
2022-06-04 20:00:00,13410.137743238636,0.3412973520824345
2022-06-05 00:00:00,13410.137743238636,0.3412973520824345
2022-06-05 04:00:00,13410.137743238636,0.3412973520824345
2022-06-05 08:00:00,13410.137743238636,0.3412973520824345
2022-06-05 12:00:00,13410.137743238636,0.3412973520824345
2022-06-05 16:00:00,13410.137743238636,0.3412973520824345
2022-06-05 20:00:00,13410.137743238636,0.3412973520824345
2022-06-06 00:00:00,13410.137743238636,0.3412973520824345
2022-06-06 04:00:00,13410.137743238636,0.3412973520824345
2022-06-06 08:00:00,13410.137743238636,0.3412973520824345
2022-06-06 12:00:00,13410.137743238636,0.3412973520824345
2022-06-06 16:00:00,13410.137743238636,0.3412973520824345
2022-06-06 20:00:00,13410.137743238636,0.3412973520824345
2022-06-07 00:00:00,13410.137743238636,0.3412973520824345
2022-06-07 04:00:00,13410.137743238636,0.3412973520824345
2022-06-07 08:00:00,13410.137743238636,0.3412973520824345
2022-06-07 12:00:00,13410.137743238636,0.3412973520824345
2022-06-07 16:00:00,13410.137743238636,0.3412973520824345
2022-06-07 20:00:00,13410.137743238636,0.3412973520824345
2022-06-08 00:00:00,13410.137743238636,0.3412973520824345
2022-06-08 04:00:00,13410.137743238636,0.3412973520824345
2022-06-08 08:00:00,13410.137743238636,0.3412973520824345
2022-06-08 12:00:00,13410.137743238636,0.3412973520824345
2022-06-08 16:00:00,13410.137743238636,0.3412973520824345
2022-06-08 20:00:00,13410.137743238636,0.3412973520824345
2022-06-09 00:00:00,13410.137743238636,0.3412973520824345
2022-06-09 04:00:00,13410.137743238636,0.3412973520824345
2022-06-09 08:00:00,13410.137743238636,0.3412973520824345
2022-06-09 12:00:00,13410.137743238636,0.3412973520824345
2022-06-09 16:00:00,13410.137743238636,0.3412973520824345
2022-06-09 20:00:00,13410.137743238636,0.3412973520824345
2022-06-10 00:00:00,13410.137743238636,0.3412973520824345
2022-06-10 04:00:00,13410.137743238636,0.3412973520824345
2022-06-10 08:00:00,13410.137743238636,0.3412973520824345
2022-06-10 12:00:00,13410.137743238636,0.3412973520824345
2022-06-10 16:00:00,13410.137743238636,0.3412973520824345
2022-06-10 20:00:00,13410.137743238636,0.3412973520824345
2022-06-11 00:00:00,13410.137743238636,0.3412973520824345
2022-06-11 04:00:00,13410.137743238636,0.3412973520824345
2022-06-11 08:00:00,13410.137743238636,0.3412973520824345
2022-06-11 12:00:00,13410.137743238636,0.3412973520824345
2022-06-11 16:00:00,13410.137743238636,0.3412973520824345
2022-06-11 20:00:00,13410.137743238636,0.3412973520824345
2022-06-12 00:00:00,13410.137743238636,0.3412973520824345
2022-06-12 04:00:00,13410.137743238636,0.3412973520824345
2022-06-12 08:00:00,13410.137743238636,0.3412973520824345
2022-06-12 12:00:00,13410.137743238636,0.3412973520824345
2022-06-12 16:00:00,13410.137743238636,0.3412973520824345
2022-06-12 20:00:00,13410.137743238636,0.3412973520824345
2022-06-13 00:00:00,13410.137743238636,0.3412973520824345
2022-06-13 04:00:00,13410.137743238636,0.3412973520824345
2022-06-13 08:00:00,13410.137743238636,0.3412973520824345
2022-06-13 12:00:00,13410.137743238636,0.3412973520824345
2022-06-13 16:00:00,13410.137743238636,0.3412973520824345
2022-06-13 20:00:00,13410.137743238636,0.3412973520824345
2022-06-14 00:00:00,13410.137743238636,0.3412973520824345
2022-06-14 04:00:00,13410.137743238636,0.3412973520824345
2022-06-14 08:00:00,13410.137743238636,0.3412973520824345
2022-06-14 12:00:00,13410.137743238636,0.3412973520824345
2022-06-14 16:00:00,13410.137743238636,0.3412973520824345
2022-06-14 20:00:00,13410.137743238636,0.3412973520824345
2022-06-15 00:00:00,13410.137743238636,0.3412973520824345
2022-06-15 04:00:00,13410.137743238636,0.3412973520824345
2022-06-15 08:00:00,13410.137743238636,0.3412973520824345
2022-06-15 12:00:00,13410.137743238636,0.3412973520824345
2022-06-15 16:00:00,13410.137743238636,0.3412973520824345
2022-06-15 20:00:00,13410.137743238636,0.3412973520824345
2022-06-16 00:00:00,13410.137743238636,0.3412973520824345
2022-06-16 04:00:00,13410.137743238636,0.3412973520824345
2022-06-16 08:00:00,13410.137743238636,0.3412973520824345
2022-06-16 12:00:00,13410.137743238636,0.3412973520824345
2022-06-16 16:00:00,13410.137743238636,0.3412973520824345
2022-06-16 20:00:00,13410.137743238636,0.3412973520824345
2022-06-17 00:00:00,13410.137743238636,0.3412973520824345
2022-06-17 04:00:00,13410.137743238636,0.3412973520824345
2022-06-17 08:00:00,13410.137743238636,0.3412973520824345
2022-06-17 12:00:00,13410.137743238636,0.3412973520824345
2022-06-17 16:00:00,13410.137743238636,0.3412973520824345
2022-06-17 20:00:00,13410.137743238636,0.3412973520824345
2022-06-18 00:00:00,13410.137743238636,0.3412973520824345
2022-06-18 04:00:00,13410.137743238636,0.3412973520824345
2022-06-18 08:00:00,13410.137743238636,0.3412973520824345
2022-06-18 12:00:00,13410.137743238636,0.3412973520824345
2022-06-18 16:00:00,13410.137743238636,0.3412973520824345
2022-06-18 20:00:00,13410.137743238636,0.3412973520824345
2022-06-19 00:00:00,13410.137743238636,0.3412973520824345
2022-06-19 04:00:00,13410.137743238636,0.3412973520824345
2022-06-19 08:00:00,13410.137743238636,0.3412973520824345
2022-06-19 12:00:00,13410.137743238636,0.3412973520824345
2022-06-19 16:00:00,13410.137743238636,0.3412973520824345
2022-06-19 20:00:00,13410.137743238636,0.3412973520824345
2022-06-20 00:00:00,13410.137743238636,0.3412973520824345
2022-06-20 04:00:00,13410.137743238636,0.3412973520824345
2022-06-20 08:00:00,13410.137743238636,0.3412973520824345
2022-06-20 12:00:00,13410.137743238636,0.3412973520824345
2022-06-20 16:00:00,13410.137743238636,0.3412973520824345
2022-06-20 20:00:00,13410.137743238636,0.3412973520824345
2022-06-21 00:00:00,13410.137743238636,0.3412973520824345
2022-06-21 04:00:00,13632.861469563542,0.3303572177532213
2022-06-21 08:00:00,13632.861469563542,0.3303572177532213
2022-06-21 12:00:00,13632.861469563542,0.3303572177532213
2022-06-21 16:00:00,13632.861469563542,0.3303572177532213
2022-06-21 20:00:00,13632.861469563542,0.3303572177532213
2022-06-22 00:00:00,13632.861469563542,0.3303572177532213
2022-06-22 04:00:00,13632.861469563542,0.3303572177532213
2022-06-22 08:00:00,13632.861469563542,0.3303572177532213
2022-06-22 12:00:00,13632.861469563542,0.3303572177532213
2022-06-22 16:00:00,13632.861469563542,0.3303572177532213
2022-06-22 20:00:00,13632.861469563542,0.3303572177532213
2022-06-23 00:00:00,13632.861469563542,0.3303572177532213
2022-06-23 04:00:00,13632.861469563542,0.3303572177532213
2022-06-23 08:00:00,13632.861469563542,0.3303572177532213
2022-06-23 12:00:00,13632.861469563542,0.3303572177532213
2022-06-23 16:00:00,13632.861469563542,0.3303572177532213
2022-06-23 20:00:00,13632.861469563542,0.3303572177532213
2022-06-24 00:00:00,13632.861469563542,0.3303572177532213
2022-06-24 04:00:00,13632.861469563542,0.3303572177532213
2022-06-24 08:00:00,13632.861469563542,0.3303572177532213
2022-06-24 12:00:00,13632.861469563542,0.3303572177532213
2022-06-24 16:00:00,13632.861469563542,0.3303572177532213
2022-06-24 20:00:00,13632.861469563542,0.3303572177532213
2022-06-25 00:00:00,13632.861469563542,0.3303572177532213
2022-06-25 04:00:00,13632.861469563542,0.3303572177532213
2022-06-25 08:00:00,13632.861469563542,0.3303572177532213
2022-06-25 12:00:00,13632.861469563542,0.3303572177532213
2022-06-25 16:00:00,13632.861469563542,0.3303572177532213
2022-06-25 20:00:00,13632.861469563542,0.3303572177532213
2022-06-26 00:00:00,13632.861469563542,0.3303572177532213
2022-06-26 04:00:00,13632.861469563542,0.3303572177532213
2022-06-26 08:00:00,13632.861469563542,0.3303572177532213
2022-06-26 12:00:00,13632.861469563542,0.3303572177532213
2022-06-26 16:00:00,13632.861469563542,0.3303572177532213
2022-06-26 20:00:00,13632.861469563542,0.3303572177532213
2022-06-27 00:00:00,13632.861469563542,0.3303572177532213
2022-06-27 04:00:00,13632.861469563542,0.3303572177532213
2022-06-27 08:00:00,13632.861469563542,0.3303572177532213
2022-06-27 12:00:00,13632.861469563542,0.3303572177532213
2022-06-27 16:00:00,13632.861469563542,0.3303572177532213
2022-06-27 20:00:00,13632.861469563542,0.3303572177532213
2022-06-28 00:00:00,13632.861469563542,0.3303572177532213
2022-06-28 04:00:00,13632.861469563542,0.3303572177532213
2022-06-28 08:00:00,13632.861469563542,0.3303572177532213
2022-06-28 12:00:00,13632.861469563542,0.3303572177532213
2022-06-28 16:00:00,13632.861469563542,0.3303572177532213
2022-06-28 20:00:00,13632.861469563542,0.3303572177532213
2022-06-29 00:00:00,13632.861469563542,0.3303572177532213
2022-06-29 04:00:00,13632.861469563542,0.3303572177532213
2022-06-29 08:00:00,13632.861469563542,0.3303572177532213
2022-06-29 12:00:00,13632.861469563542,0.3303572177532213
2022-06-29 16:00:00,13632.861469563542,0.3303572177532213
2022-06-29 20:00:00,13632.861469563542,0.3303572177532213
2022-06-30 00:00:00,13632.861469563542,0.3303572177532213
2022-06-30 04:00:00,13632.861469563542,0.3303572177532213
2022-06-30 08:00:00,13632.861469563542,0.3303572177532213
2022-06-30 12:00:00,13632.861469563542,0.3303572177532213
2022-06-30 16:00:00,13632.861469563542,0.3303572177532213
2022-06-30 20:00:00,13632.861469563542,0.3303572177532213
2022-07-01 00:00:00,13632.861469563542,0.3303572177532213
2022-07-01 04:00:00,13632.861469563542,0.3303572177532213
2022-07-01 08:00:00,13632.861469563542,0.3303572177532213
2022-07-01 12:00:00,13632.861469563542,0.3303572177532213
2022-07-01 16:00:00,13632.861469563542,0.3303572177532213
2022-07-01 20:00:00,13632.861469563542,0.3303572177532213
2022-07-02 00:00:00,13632.861469563542,0.3303572177532213
2022-07-02 04:00:00,13632.861469563542,0.3303572177532213
2022-07-02 08:00:00,13632.861469563542,0.3303572177532213
2022-07-02 12:00:00,13632.861469563542,0.3303572177532213
2022-07-02 16:00:00,13632.861469563542,0.3303572177532213
2022-07-02 20:00:00,13632.861469563542,0.3303572177532213
2022-07-03 00:00:00,13632.861469563542,0.3303572177532213
2022-07-03 04:00:00,13632.861469563542,0.3303572177532213
2022-07-03 08:00:00,13632.861469563542,0.3303572177532213
2022-07-03 12:00:00,13632.861469563542,0.3303572177532213
2022-07-03 16:00:00,13632.861469563542,0.3303572177532213
2022-07-03 20:00:00,13632.861469563542,0.3303572177532213
2022-07-04 00:00:00,13632.861469563542,0.3303572177532213
2022-07-04 04:00:00,13632.861469563542,0.3303572177532213
2022-07-04 08:00:00,13632.861469563542,0.3303572177532213
2022-07-04 12:00:00,13632.861469563542,0.3303572177532213
2022-07-04 16:00:00,13632.861469563542,0.3303572177532213
2022-07-04 20:00:00,13632.861469563542,0.3303572177532213
2022-07-05 00:00:00,13632.861469563542,0.3303572177532213
2022-07-05 04:00:00,13590.093149576154,0.3324579870489642
2022-07-05 08:00:00,13230.672322781695,0.3501126491306867
2022-07-05 12:00:00,13230.672322781695,0.3501126491306867
2022-07-05 16:00:00,13230.672322781695,0.3501126491306867
2022-07-05 20:00:00,13230.672322781695,0.3501126491306867
2022-07-06 00:00:00,13230.672322781695,0.3501126491306867
2022-07-06 04:00:00,13230.672322781695,0.3501126491306867
2022-07-06 08:00:00,13230.672322781695,0.3501126491306867
2022-07-06 12:00:00,13230.672322781695,0.3501126491306867
2022-07-06 16:00:00,13230.672322781695,0.3501126491306867
2022-07-06 20:00:00,13230.672322781695,0.3501126491306867
2022-07-07 00:00:00,13230.672322781695,0.3501126491306867
2022-07-07 04:00:00,13200.058881516537,0.3516163737910389
2022-07-07 08:00:00,13233.96506350982,0.34995091052083416
2022-07-07 12:00:00,13424.268710964616,0.34060324244411755
2022-07-07 16:00:00,13861.688787397137,0.3191172765192947
2022-07-07 20:00:00,13861.688787397137,0.3191172765192947
2022-07-08 00:00:00,13861.688787397137,0.3191172765192947
2022-07-08 04:00:00,13709.841855524788,0.32657596024183183
2022-07-08 08:00:00,13587.461807465925,0.3325872379223535
2022-07-08 12:00:00,13587.461807465925,0.3325872379223535
2022-07-08 16:00:00,13587.461807465925,0.3325872379223535
2022-07-08 20:00:00,13587.461807465925,0.3325872379223535
2022-07-09 00:00:00,13587.461807465925,0.3325872379223535
2022-07-09 04:00:00,13614.169167915969,0.3312753789851698
2022-07-09 08:00:00,13510.450517455989,0.3363700134329682
2022-07-09 12:00:00,13560.251156469207,0.33392381836666224
2022-07-09 16:00:00,13597.497003086022,0.3320943115964728
2022-07-09 20:00:00,13582.707802543406,0.3328207534678784
2022-07-10 00:00:00,13434.279978899185,0.3401114914402296
2022-07-10 04:00:00,13455.845239308599,0.33905221118474715
2022-07-10 08:00:00,13437.701112881203,0.33994344618551386
2022-07-10 12:00:00,13222.866349627591,0.3504960766006076
2022-07-10 16:00:00,13222.866349627591,0.3504960766006076
2022-07-10 20:00:00,13222.866349627591,0.3504960766006076
2022-07-11 00:00:00,13222.866349627591,0.3504960766006076
2022-07-11 04:00:00,13222.866349627591,0.3504960766006076
2022-07-11 08:00:00,13222.866349627591,0.3504960766006076
2022-07-11 12:00:00,13222.866349627591,0.3504960766006076
2022-07-11 16:00:00,13222.866349627591,0.3504960766006076
2022-07-11 20:00:00,13222.866349627591,0.3504960766006076
2022-07-12 00:00:00,13222.866349627591,0.3504960766006076
2022-07-12 04:00:00,13222.866349627591,0.3504960766006076
2022-07-12 08:00:00,13222.866349627591,0.3504960766006076
2022-07-12 12:00:00,13222.866349627591,0.3504960766006076
2022-07-12 16:00:00,13222.866349627591,0.3504960766006076
2022-07-12 20:00:00,13222.866349627591,0.3504960766006076
2022-07-13 00:00:00,13222.866349627591,0.3504960766006076
2022-07-13 04:00:00,13222.866349627591,0.3504960766006076
2022-07-13 08:00:00,13222.866349627591,0.3504960766006076
2022-07-13 12:00:00,13222.866349627591,0.3504960766006076
2022-07-13 16:00:00,13222.866349627591,0.3504960766006076
2022-07-13 20:00:00,13222.866349627591,0.3504960766006076
2022-07-14 00:00:00,13222.866349627591,0.3504960766006076
2022-07-14 04:00:00,13222.866349627591,0.3504960766006076
2022-07-14 08:00:00,13222.866349627591,0.3504960766006076
2022-07-14 12:00:00,13222.866349627591,0.3504960766006076
2022-07-14 16:00:00,13222.866349627591,0.3504960766006076
2022-07-14 20:00:00,13222.866349627591,0.3504960766006076
2022-07-15 00:00:00,13222.866349627591,0.3504960766006076
2022-07-15 04:00:00,13339.934793292436,0.34474570361368573
2022-07-15 08:00:00,13307.110574059978,0.34635802114078557
2022-07-15 12:00:00,13318.331853180807,0.345806834686818
2022-07-15 16:00:00,13483.517868494238,0.3376929384861045
2022-07-15 20:00:00,13483.517868494238,0.3376929384861045
2022-07-16 00:00:00,13483.517868494238,0.3376929384861045
2022-07-16 04:00:00,13483.517868494238,0.3376929384861045
2022-07-16 08:00:00,13483.517868494238,0.3376929384861045
2022-07-16 12:00:00,13483.517868494238,0.3376929384861045
2022-07-16 16:00:00,13483.517868494238,0.3376929384861045
2022-07-16 20:00:00,13483.517868494238,0.3376929384861045
2022-07-17 00:00:00,13483.517868494238,0.3376929384861045
2022-07-17 04:00:00,13566.679337829004,0.3336080676887747
2022-07-17 08:00:00,13561.26536745686,0.33387400057389194
2022-07-17 12:00:00,13417.911258347556,0.340915518943662
2022-07-17 16:00:00,13346.288111151187,0.34443363021244633
2022-07-17 20:00:00,13218.250756106372,0.3507227934123474
2022-07-18 00:00:00,13218.250756106372,0.3507227934123474
2022-07-18 04:00:00,13218.250756106372,0.3507227934123474
2022-07-18 08:00:00,13218.250756106372,0.3507227934123474
2022-07-18 12:00:00,13218.250756106372,0.3507227934123474
2022-07-18 16:00:00,13218.250756106372,0.3507227934123474
2022-07-18 20:00:00,13218.250756106372,0.3507227934123474
2022-07-19 00:00:00,13218.250756106372,0.3507227934123474
2022-07-19 04:00:00,13218.250756106372,0.3507227934123474
2022-07-19 08:00:00,13218.250756106372,0.3507227934123474
2022-07-19 12:00:00,13218.250756106372,0.3507227934123474
2022-07-19 16:00:00,13218.250756106372,0.3507227934123474
2022-07-19 20:00:00,13218.250756106372,0.3507227934123474
2022-07-20 00:00:00,13218.250756106372,0.3507227934123474
2022-07-20 04:00:00,13208.132984432672,0.3512197758535495
2022-07-20 08:00:00,13381.815233559697,0.34268854675011007
2022-07-20 12:00:00,13573.35730181349,0.3332800477501654
2022-07-20 16:00:00,13573.35730181349,0.3332800477501654
2022-07-20 20:00:00,13573.35730181349,0.3332800477501654
2022-07-21 00:00:00,13573.35730181349,0.3332800477501654
2022-07-21 04:00:00,13573.35730181349,0.3332800477501654
2022-07-21 08:00:00,13573.35730181349,0.3332800477501654
2022-07-21 12:00:00,13573.35730181349,0.3332800477501654
2022-07-21 16:00:00,13573.35730181349,0.3332800477501654
2022-07-21 20:00:00,13573.35730181349,0.3332800477501654
2022-07-22 00:00:00,13573.35730181349,0.3332800477501654
2022-07-22 04:00:00,13573.35730181349,0.3332800477501654
2022-07-22 08:00:00,13573.35730181349,0.3332800477501654
2022-07-22 12:00:00,13573.35730181349,0.3332800477501654
2022-07-22 16:00:00,13573.35730181349,0.3332800477501654
2022-07-22 20:00:00,13573.35730181349,0.3332800477501654
2022-07-23 00:00:00,13573.35730181349,0.3332800477501654
2022-07-23 04:00:00,13573.35730181349,0.3332800477501654
2022-07-23 08:00:00,13573.35730181349,0.3332800477501654
2022-07-23 12:00:00,13573.35730181349,0.3332800477501654
2022-07-23 16:00:00,13573.35730181349,0.3332800477501654
2022-07-23 20:00:00,13573.35730181349,0.3332800477501654
2022-07-24 00:00:00,13573.35730181349,0.3332800477501654
2022-07-24 04:00:00,13573.35730181349,0.3332800477501654
2022-07-24 08:00:00,13573.35730181349,0.3332800477501654
2022-07-24 12:00:00,13573.35730181349,0.3332800477501654
2022-07-24 16:00:00,13573.35730181349,0.3332800477501654
2022-07-24 20:00:00,13573.35730181349,0.3332800477501654
2022-07-25 00:00:00,13573.35730181349,0.3332800477501654
2022-07-25 04:00:00,13573.35730181349,0.3332800477501654
2022-07-25 08:00:00,13573.35730181349,0.3332800477501654
2022-07-25 12:00:00,13573.35730181349,0.3332800477501654
2022-07-25 16:00:00,13573.35730181349,0.3332800477501654
2022-07-25 20:00:00,13573.35730181349,0.3332800477501654
2022-07-26 00:00:00,13573.35730181349,0.3332800477501654
2022-07-26 04:00:00,13573.35730181349,0.3332800477501654
2022-07-26 08:00:00,13573.35730181349,0.3332800477501654
2022-07-26 12:00:00,13573.35730181349,0.3332800477501654
2022-07-26 16:00:00,13573.35730181349,0.3332800477501654
2022-07-26 20:00:00,13573.35730181349,0.3332800477501654
2022-07-27 00:00:00,13573.35730181349,0.3332800477501654
2022-07-27 04:00:00,13573.35730181349,0.3332800477501654
2022-07-27 08:00:00,13573.35730181349,0.3332800477501654
2022-07-27 12:00:00,13573.35730181349,0.3332800477501654
2022-07-27 16:00:00,13573.35730181349,0.3332800477501654
2022-07-27 20:00:00,13573.35730181349,0.3332800477501654
2022-07-28 00:00:00,13573.35730181349,0.3332800477501654
2022-07-28 04:00:00,13573.35730181349,0.3332800477501654
2022-07-28 08:00:00,13573.35730181349,0.3332800477501654
2022-07-28 12:00:00,13573.35730181349,0.3332800477501654
2022-07-28 16:00:00,13573.35730181349,0.3332800477501654
2022-07-28 20:00:00,13573.35730181349,0.3332800477501654
2022-07-29 00:00:00,13573.35730181349,0.3332800477501654
2022-07-29 04:00:00,13594.265176557261,0.33225305811592437
2022-07-29 08:00:00,13482.911214347061,0.33772273718771123
2022-07-29 12:00:00,13627.996462062212,0.33059618571795235
2022-07-29 16:00:00,13570.186734764055,0.33343578521914974
2022-07-29 20:00:00,13509.492318423127,0.33641707993237807
2022-07-30 00:00:00,13523.287501047898,0.3357394639751501
2022-07-30 04:00:00,13602.648855247544,0.3318412538930062
2022-07-30 08:00:00,13678.25986271043,0.32812725991463493
2022-07-30 12:00:00,14203.975630363013,0.3023042314838218
2022-07-30 16:00:00,14203.975630363013,0.3023042314838218
2022-07-30 20:00:00,14203.975630363013,0.3023042314838218
2022-07-31 00:00:00,14203.975630363013,0.3023042314838218
2022-07-31 04:00:00,14203.975630363013,0.3023042314838218
2022-07-31 08:00:00,14203.975630363013,0.3023042314838218
2022-07-31 12:00:00,14203.975630363013,0.3023042314838218
2022-07-31 16:00:00,14203.975630363013,0.3023042314838218
2022-07-31 20:00:00,14203.975630363013,0.3023042314838218
2022-08-01 00:00:00,14203.975630363013,0.3023042314838218
2022-08-01 04:00:00,14203.975630363013,0.3023042314838218
2022-08-01 08:00:00,14203.975630363013,0.3023042314838218
2022-08-01 12:00:00,14203.975630363013,0.3023042314838218
2022-08-01 16:00:00,14203.975630363013,0.3023042314838218
2022-08-01 20:00:00,14203.975630363013,0.3023042314838218
2022-08-02 00:00:00,14203.975630363013,0.3023042314838218
2022-08-02 04:00:00,14203.975630363013,0.3023042314838218
2022-08-02 08:00:00,14203.975630363013,0.3023042314838218
2022-08-02 12:00:00,14203.975630363013,0.3023042314838218
2022-08-02 16:00:00,14203.975630363013,0.3023042314838218
2022-08-02 20:00:00,14203.975630363013,0.3023042314838218
2022-08-03 00:00:00,14203.975630363013,0.3023042314838218
2022-08-03 04:00:00,14203.975630363013,0.3023042314838218
2022-08-03 08:00:00,14203.975630363013,0.3023042314838218
2022-08-03 12:00:00,14203.975630363013,0.3023042314838218
2022-08-03 16:00:00,14203.975630363013,0.3023042314838218
2022-08-03 20:00:00,14203.975630363013,0.3023042314838218
2022-08-04 00:00:00,14203.975630363013,0.3023042314838218
2022-08-04 04:00:00,14203.975630363013,0.3023042314838218
2022-08-04 08:00:00,14203.975630363013,0.3023042314838218
2022-08-04 12:00:00,14203.975630363013,0.3023042314838218
2022-08-04 16:00:00,14203.975630363013,0.3023042314838218
2022-08-04 20:00:00,14203.975630363013,0.3023042314838218
2022-08-05 00:00:00,14203.975630363013,0.3023042314838218
2022-08-05 04:00:00,14203.975630363013,0.3023042314838218
2022-08-05 08:00:00,14203.975630363013,0.3023042314838218
2022-08-05 12:00:00,14203.975630363013,0.3023042314838218
2022-08-05 16:00:00,14203.975630363013,0.3023042314838218
2022-08-05 20:00:00,14203.975630363013,0.3023042314838218
2022-08-06 00:00:00,14203.975630363013,0.3023042314838218
2022-08-06 04:00:00,14203.975630363013,0.3023042314838218
2022-08-06 08:00:00,14203.975630363013,0.3023042314838218
2022-08-06 12:00:00,14203.975630363013,0.3023042314838218
2022-08-06 16:00:00,14203.975630363013,0.3023042314838218
2022-08-06 20:00:00,14203.975630363013,0.3023042314838218
2022-08-07 00:00:00,14203.975630363013,0.3023042314838218
2022-08-07 04:00:00,14203.975630363013,0.3023042314838218
2022-08-07 08:00:00,14203.975630363013,0.3023042314838218
2022-08-07 12:00:00,14203.975630363013,0.3023042314838218
2022-08-07 16:00:00,14203.975630363013,0.3023042314838218
2022-08-07 20:00:00,14203.975630363013,0.3023042314838218
2022-08-08 00:00:00,14203.975630363013,0.3023042314838218
2022-08-08 04:00:00,14442.860113936205,0.2905702847571806
2022-08-08 08:00:00,14442.860113936205,0.2905702847571806
2022-08-08 12:00:00,14442.860113936205,0.2905702847571806
2022-08-08 16:00:00,14442.860113936205,0.2905702847571806
2022-08-08 20:00:00,14442.860113936205,0.2905702847571806
2022-08-09 00:00:00,14442.860113936205,0.2905702847571806
2022-08-09 04:00:00,14442.860113936205,0.2905702847571806
2022-08-09 08:00:00,14442.860113936205,0.2905702847571806
2022-08-09 12:00:00,14442.860113936205,0.2905702847571806
2022-08-09 16:00:00,14442.860113936205,0.2905702847571806
2022-08-09 20:00:00,14442.860113936205,0.2905702847571806
2022-08-10 00:00:00,14442.860113936205,0.2905702847571806
2022-08-10 04:00:00,14442.860113936205,0.2905702847571806
2022-08-10 08:00:00,14442.860113936205,0.2905702847571806
2022-08-10 12:00:00,14442.860113936205,0.2905702847571806
2022-08-10 16:00:00,14442.860113936205,0.2905702847571806
2022-08-10 20:00:00,14442.860113936205,0.2905702847571806
2022-08-11 00:00:00,14442.860113936205,0.2905702847571806
2022-08-11 04:00:00,14442.860113936205,0.2905702847571806
2022-08-11 08:00:00,14442.860113936205,0.2905702847571806
2022-08-11 12:00:00,14442.860113936205,0.2905702847571806
2022-08-11 16:00:00,14442.860113936205,0.2905702847571806
2022-08-11 20:00:00,14442.860113936205,0.2905702847571806
2022-08-12 00:00:00,14442.860113936205,0.2905702847571806
2022-08-12 04:00:00,14442.860113936205,0.2905702847571806
2022-08-12 08:00:00,14442.860113936205,0.2905702847571806
2022-08-12 12:00:00,14442.860113936205,0.2905702847571806
2022-08-12 16:00:00,14442.860113936205,0.2905702847571806
2022-08-12 20:00:00,14442.860113936205,0.2905702847571806
2022-08-13 00:00:00,14442.860113936205,0.2905702847571806
2022-08-13 04:00:00,14328.171981226538,0.29620373745893747
2022-08-13 08:00:00,14245.778511365363,0.3002508843121483
2022-08-13 12:00:00,14245.778511365363,0.3002508843121483
2022-08-13 16:00:00,14245.778511365363,0.3002508843121483
2022-08-13 20:00:00,14245.778511365363,0.3002508843121483
2022-08-14 00:00:00,14245.778511365363,0.3002508843121483
2022-08-14 04:00:00,14381.697535648178,0.2935745754694145
2022-08-14 08:00:00,14227.277020212136,0.30115967297982615
2022-08-14 12:00:00,14207.297486922103,0.30214106271155633
2022-08-14 16:00:00,14087.059094731309,0.308047142785742
2022-08-14 20:00:00,14097.63914947048,0.3075274531147452
2022-08-15 00:00:00,14378.709079177037,0.29372136771185214
2022-08-15 04:00:00,13495.80935551879,0.3370891836847044
2022-08-15 08:00:00,13495.80935551879,0.3370891836847044
2022-08-15 12:00:00,13495.80935551879,0.3370891836847044
2022-08-15 16:00:00,13495.80935551879,0.3370891836847044
2022-08-15 20:00:00,13495.80935551879,0.3370891836847044
2022-08-16 00:00:00,13495.80935551879,0.3370891836847044
2022-08-16 04:00:00,13495.80935551879,0.3370891836847044
2022-08-16 08:00:00,13495.80935551879,0.3370891836847044
2022-08-16 12:00:00,13495.80935551879,0.3370891836847044
2022-08-16 16:00:00,13495.80935551879,0.3370891836847044
2022-08-16 20:00:00,13495.80935551879,0.3370891836847044
2022-08-17 00:00:00,13495.80935551879,0.3370891836847044
2022-08-17 04:00:00,13495.80935551879,0.3370891836847044
2022-08-17 08:00:00,13495.80935551879,0.3370891836847044
2022-08-17 12:00:00,13495.80935551879,0.3370891836847044
2022-08-17 16:00:00,13495.80935551879,0.3370891836847044
2022-08-17 20:00:00,13495.80935551879,0.3370891836847044
2022-08-18 00:00:00,13495.80935551879,0.3370891836847044
2022-08-18 04:00:00,13495.80935551879,0.3370891836847044
2022-08-18 08:00:00,13495.80935551879,0.3370891836847044
2022-08-18 12:00:00,13495.80935551879,0.3370891836847044
2022-08-18 16:00:00,13495.80935551879,0.3370891836847044
2022-08-18 20:00:00,13495.80935551879,0.3370891836847044
2022-08-19 00:00:00,13495.80935551879,0.3370891836847044
2022-08-19 04:00:00,13495.80935551879,0.3370891836847044
2022-08-19 08:00:00,13495.80935551879,0.3370891836847044
2022-08-19 12:00:00,13495.80935551879,0.3370891836847044
2022-08-19 16:00:00,13495.80935551879,0.3370891836847044
2022-08-19 20:00:00,13495.80935551879,0.3370891836847044
2022-08-20 00:00:00,13495.80935551879,0.3370891836847044
2022-08-20 04:00:00,13495.80935551879,0.3370891836847044
2022-08-20 08:00:00,13495.80935551879,0.3370891836847044
2022-08-20 12:00:00,13495.80935551879,0.3370891836847044
2022-08-20 16:00:00,13495.80935551879,0.3370891836847044
2022-08-20 20:00:00,13495.80935551879,0.3370891836847044
2022-08-21 00:00:00,13495.80935551879,0.3370891836847044
2022-08-21 04:00:00,13495.80935551879,0.3370891836847044
2022-08-21 08:00:00,13495.80935551879,0.3370891836847044
2022-08-21 12:00:00,13495.80935551879,0.3370891836847044
2022-08-21 16:00:00,13495.80935551879,0.3370891836847044
2022-08-21 20:00:00,13495.80935551879,0.3370891836847044
2022-08-22 00:00:00,13495.80935551879,0.3370891836847044
2022-08-22 04:00:00,13495.80935551879,0.3370891836847044
2022-08-22 08:00:00,13495.80935551879,0.3370891836847044
2022-08-22 12:00:00,13495.80935551879,0.3370891836847044
2022-08-22 16:00:00,13495.80935551879,0.3370891836847044
2022-08-22 20:00:00,13495.80935551879,0.3370891836847044
2022-08-23 00:00:00,13495.80935551879,0.3370891836847044
2022-08-23 04:00:00,13495.80935551879,0.3370891836847044
2022-08-23 08:00:00,13495.80935551879,0.3370891836847044
2022-08-23 12:00:00,13495.80935551879,0.3370891836847044
2022-08-23 16:00:00,13495.80935551879,0.3370891836847044
2022-08-23 20:00:00,13495.80935551879,0.3370891836847044
2022-08-24 00:00:00,13495.80935551879,0.3370891836847044
2022-08-24 04:00:00,13495.80935551879,0.3370891836847044
2022-08-24 08:00:00,13495.80935551879,0.3370891836847044
2022-08-24 12:00:00,13495.80935551879,0.3370891836847044
2022-08-24 16:00:00,13495.80935551879,0.3370891836847044
2022-08-24 20:00:00,13495.80935551879,0.3370891836847044
2022-08-25 00:00:00,13495.80935551879,0.3370891836847044
2022-08-25 04:00:00,13495.80935551879,0.3370891836847044
2022-08-25 08:00:00,13495.80935551879,0.3370891836847044
2022-08-25 12:00:00,13495.80935551879,0.3370891836847044
2022-08-25 16:00:00,13495.80935551879,0.3370891836847044
2022-08-25 20:00:00,13495.80935551879,0.3370891836847044
2022-08-26 00:00:00,13495.80935551879,0.3370891836847044
2022-08-26 04:00:00,13495.80935551879,0.3370891836847044
2022-08-26 08:00:00,13495.80935551879,0.3370891836847044
2022-08-26 12:00:00,13495.80935551879,0.3370891836847044
2022-08-26 16:00:00,13495.80935551879,0.3370891836847044
2022-08-26 20:00:00,13495.80935551879,0.3370891836847044
2022-08-27 00:00:00,13495.80935551879,0.3370891836847044
2022-08-27 04:00:00,13495.80935551879,0.3370891836847044
2022-08-27 08:00:00,13495.80935551879,0.3370891836847044
2022-08-27 12:00:00,13495.80935551879,0.3370891836847044
2022-08-27 16:00:00,13495.80935551879,0.3370891836847044
2022-08-27 20:00:00,13495.80935551879,0.3370891836847044
2022-08-28 00:00:00,13495.80935551879,0.3370891836847044
2022-08-28 04:00:00,13495.80935551879,0.3370891836847044
2022-08-28 08:00:00,13495.80935551879,0.3370891836847044
2022-08-28 12:00:00,13495.80935551879,0.3370891836847044
2022-08-28 16:00:00,13495.80935551879,0.3370891836847044
2022-08-28 20:00:00,13495.80935551879,0.3370891836847044
2022-08-29 00:00:00,13495.80935551879,0.3370891836847044
2022-08-29 04:00:00,13495.80935551879,0.3370891836847044
2022-08-29 08:00:00,13495.80935551879,0.3370891836847044
2022-08-29 12:00:00,13495.80935551879,0.3370891836847044
2022-08-29 16:00:00,13495.80935551879,0.3370891836847044
2022-08-29 20:00:00,13495.80935551879,0.3370891836847044
2022-08-30 00:00:00,13495.80935551879,0.3370891836847044
2022-08-30 04:00:00,13495.80935551879,0.3370891836847044
2022-08-30 08:00:00,13495.80935551879,0.3370891836847044
2022-08-30 12:00:00,13495.80935551879,0.3370891836847044
2022-08-30 16:00:00,13495.80935551879,0.3370891836847044
2022-08-30 20:00:00,13495.80935551879,0.3370891836847044
2022-08-31 00:00:00,13495.80935551879,0.3370891836847044
2022-08-31 04:00:00,13495.80935551879,0.3370891836847044
2022-08-31 08:00:00,13495.80935551879,0.3370891836847044
2022-08-31 12:00:00,13495.80935551879,0.3370891836847044
2022-08-31 16:00:00,13495.80935551879,0.3370891836847044
2022-08-31 20:00:00,13495.80935551879,0.3370891836847044
2022-09-01 00:00:00,13495.80935551879,0.3370891836847044
2022-09-01 04:00:00,13495.80935551879,0.3370891836847044
2022-09-01 08:00:00,13495.80935551879,0.3370891836847044
2022-09-01 12:00:00,13495.80935551879,0.3370891836847044
2022-09-01 16:00:00,13495.80935551879,0.3370891836847044
2022-09-01 20:00:00,13495.80935551879,0.3370891836847044
2022-09-02 00:00:00,13495.80935551879,0.3370891836847044
2022-09-02 04:00:00,13495.80935551879,0.3370891836847044
2022-09-02 08:00:00,13495.80935551879,0.3370891836847044
2022-09-02 12:00:00,13495.80935551879,0.3370891836847044
2022-09-02 16:00:00,13495.80935551879,0.3370891836847044
2022-09-02 20:00:00,13495.80935551879,0.3370891836847044
2022-09-03 00:00:00,13495.80935551879,0.3370891836847044
2022-09-03 04:00:00,13495.80935551879,0.3370891836847044
2022-09-03 08:00:00,13495.80935551879,0.3370891836847044
2022-09-03 12:00:00,13495.80935551879,0.3370891836847044
2022-09-03 16:00:00,13495.80935551879,0.3370891836847044
2022-09-03 20:00:00,13495.80935551879,0.3370891836847044
2022-09-04 00:00:00,13495.80935551879,0.3370891836847044
2022-09-04 04:00:00,13495.80935551879,0.3370891836847044
2022-09-04 08:00:00,13495.80935551879,0.3370891836847044
2022-09-04 12:00:00,13495.80935551879,0.3370891836847044
2022-09-04 16:00:00,13495.80935551879,0.3370891836847044
2022-09-04 20:00:00,13495.80935551879,0.3370891836847044
2022-09-05 00:00:00,13495.80935551879,0.3370891836847044
2022-09-05 04:00:00,13495.80935551879,0.3370891836847044
2022-09-05 08:00:00,13495.80935551879,0.3370891836847044
2022-09-05 12:00:00,13495.80935551879,0.3370891836847044
2022-09-05 16:00:00,13495.80935551879,0.3370891836847044
2022-09-05 20:00:00,13495.80935551879,0.3370891836847044
2022-09-06 00:00:00,13495.80935551879,0.3370891836847044
2022-09-06 04:00:00,13495.80935551879,0.3370891836847044
2022-09-06 08:00:00,13495.80935551879,0.3370891836847044
2022-09-06 12:00:00,13495.80935551879,0.3370891836847044
2022-09-06 16:00:00,13495.80935551879,0.3370891836847044
2022-09-06 20:00:00,13495.80935551879,0.3370891836847044
2022-09-07 00:00:00,13495.80935551879,0.3370891836847044
2022-09-07 04:00:00,13495.80935551879,0.3370891836847044
2022-09-07 08:00:00,13495.80935551879,0.3370891836847044
2022-09-07 12:00:00,13495.80935551879,0.3370891836847044
2022-09-07 16:00:00,13495.80935551879,0.3370891836847044
2022-09-07 20:00:00,13495.80935551879,0.3370891836847044
2022-09-08 00:00:00,13495.80935551879,0.3370891836847044
2022-09-08 04:00:00,13495.80935551879,0.3370891836847044
2022-09-08 08:00:00,13495.80935551879,0.3370891836847044
2022-09-08 12:00:00,13495.80935551879,0.3370891836847044
2022-09-08 16:00:00,13495.80935551879,0.3370891836847044
2022-09-08 20:00:00,13495.80935551879,0.3370891836847044
2022-09-09 00:00:00,13495.80935551879,0.3370891836847044
2022-09-09 04:00:00,13495.80935551879,0.3370891836847044
2022-09-09 08:00:00,13495.80935551879,0.3370891836847044
2022-09-09 12:00:00,13495.80935551879,0.3370891836847044
2022-09-09 16:00:00,13495.80935551879,0.3370891836847044
2022-09-09 20:00:00,13495.80935551879,0.3370891836847044
2022-09-10 00:00:00,13495.80935551879,0.3370891836847044
2022-09-10 04:00:00,13487.101021544497,0.33751693489484463
2022-09-10 08:00:00,13487.717110030027,0.3374866727808723
2022-09-10 12:00:00,13454.838226301976,0.3391016754144702
2022-09-10 16:00:00,13634.705298346415,0.3302666493396197
2022-09-10 20:00:00,13669.321851361165,0.32856629282060545
2022-09-11 00:00:00,13616.356647703853,0.3311679305192305
2022-09-11 04:00:00,13705.982586500983,0.32676552658139374
2022-09-11 08:00:00,13707.51427236508,0.3266902905507297
2022-09-11 12:00:00,13737.636211294855,0.3252107083634805
2022-09-11 16:00:00,13712.4571841315,0.3264474959477731
2022-09-11 20:00:00,13905.166219336921,0.3169816758199036
2022-09-12 00:00:00,13820.160666981672,0.3211571275189236
2022-09-12 04:00:00,14070.700902669252,0.30885065313237164
2022-09-12 08:00:00,14070.700902669252,0.30885065313237164
2022-09-12 12:00:00,14070.700902669252,0.30885065313237164
2022-09-12 16:00:00,14070.700902669252,0.30885065313237164
2022-09-12 20:00:00,14070.700902669252,0.30885065313237164
2022-09-13 00:00:00,14070.700902669252,0.30885065313237164
2022-09-13 04:00:00,14070.700902669252,0.30885065313237164
2022-09-13 08:00:00,14070.700902669252,0.30885065313237164
2022-09-13 12:00:00,14070.700902669252,0.30885065313237164
2022-09-13 16:00:00,14070.700902669252,0.30885065313237164
2022-09-13 20:00:00,14070.700902669252,0.30885065313237164
2022-09-14 00:00:00,14070.700902669252,0.30885065313237164
2022-09-14 04:00:00,14070.700902669252,0.30885065313237164
2022-09-14 08:00:00,14070.700902669252,0.30885065313237164
2022-09-14 12:00:00,14070.700902669252,0.30885065313237164
2022-09-14 16:00:00,14070.700902669252,0.30885065313237164
2022-09-14 20:00:00,14070.700902669252,0.30885065313237164
2022-09-15 00:00:00,14070.700902669252,0.30885065313237164
2022-09-15 04:00:00,14070.700902669252,0.30885065313237164
2022-09-15 08:00:00,14070.700902669252,0.30885065313237164
2022-09-15 12:00:00,14070.700902669252,0.30885065313237164
2022-09-15 16:00:00,14070.700902669252,0.30885065313237164
2022-09-15 20:00:00,14070.700902669252,0.30885065313237164
2022-09-16 00:00:00,14070.700902669252,0.30885065313237164
2022-09-16 04:00:00,14070.700902669252,0.30885065313237164
2022-09-16 08:00:00,14070.700902669252,0.30885065313237164
2022-09-16 12:00:00,14070.700902669252,0.30885065313237164
2022-09-16 16:00:00,14070.700902669252,0.30885065313237164
2022-09-16 20:00:00,14070.700902669252,0.30885065313237164
2022-09-17 00:00:00,14070.700902669252,0.30885065313237164
2022-09-17 04:00:00,14070.700902669252,0.30885065313237164
2022-09-17 08:00:00,14070.700902669252,0.30885065313237164
2022-09-17 12:00:00,14070.700902669252,0.30885065313237164
2022-09-17 16:00:00,14070.700902669252,0.30885065313237164
2022-09-17 20:00:00,14070.700902669252,0.30885065313237164
2022-09-18 00:00:00,14070.700902669252,0.30885065313237164
2022-09-18 04:00:00,14070.700902669252,0.30885065313237164
2022-09-18 08:00:00,14070.700902669252,0.30885065313237164
2022-09-18 12:00:00,14070.700902669252,0.30885065313237164
2022-09-18 16:00:00,14070.700902669252,0.30885065313237164
2022-09-18 20:00:00,14070.700902669252,0.30885065313237164
2022-09-19 00:00:00,14070.700902669252,0.30885065313237164
2022-09-19 04:00:00,14070.700902669252,0.30885065313237164
2022-09-19 08:00:00,14070.700902669252,0.30885065313237164
2022-09-19 12:00:00,14070.700902669252,0.30885065313237164
2022-09-19 16:00:00,14070.700902669252,0.30885065313237164
2022-09-19 20:00:00,14070.700902669252,0.30885065313237164
2022-09-20 00:00:00,14070.700902669252,0.30885065313237164
2022-09-20 04:00:00,14070.700902669252,0.30885065313237164
2022-09-20 08:00:00,14070.700902669252,0.30885065313237164
2022-09-20 12:00:00,14070.700902669252,0.30885065313237164
2022-09-20 16:00:00,14070.700902669252,0.30885065313237164
2022-09-20 20:00:00,14070.700902669252,0.30885065313237164
2022-09-21 00:00:00,14070.700902669252,0.30885065313237164
2022-09-21 04:00:00,14070.700902669252,0.30885065313237164
2022-09-21 08:00:00,14070.700902669252,0.30885065313237164
2022-09-21 12:00:00,14070.700902669252,0.30885065313237164
2022-09-21 16:00:00,14070.700902669252,0.30885065313237164
2022-09-21 20:00:00,14070.700902669252,0.30885065313237164
2022-09-22 00:00:00,14070.700902669252,0.30885065313237164
2022-09-22 04:00:00,14070.700902669252,0.30885065313237164
2022-09-22 08:00:00,14070.700902669252,0.30885065313237164
2022-09-22 12:00:00,14070.700902669252,0.30885065313237164
2022-09-22 16:00:00,14070.700902669252,0.30885065313237164
2022-09-22 20:00:00,14070.700902669252,0.30885065313237164
2022-09-23 00:00:00,14070.700902669252,0.30885065313237164
2022-09-23 04:00:00,14070.700902669252,0.30885065313237164
2022-09-23 08:00:00,14070.700902669252,0.30885065313237164
2022-09-23 12:00:00,14070.700902669252,0.30885065313237164
2022-09-23 16:00:00,14070.700902669252,0.30885065313237164
2022-09-23 20:00:00,14070.700902669252,0.30885065313237164
2022-09-24 00:00:00,14070.700902669252,0.30885065313237164
2022-09-24 04:00:00,14070.700902669252,0.30885065313237164
2022-09-24 08:00:00,14070.700902669252,0.30885065313237164
2022-09-24 12:00:00,14070.700902669252,0.30885065313237164
2022-09-24 16:00:00,14070.700902669252,0.30885065313237164
2022-09-24 20:00:00,14070.700902669252,0.30885065313237164
2022-09-25 00:00:00,14070.700902669252,0.30885065313237164
2022-09-25 04:00:00,14070.700902669252,0.30885065313237164
2022-09-25 08:00:00,14070.700902669252,0.30885065313237164
2022-09-25 12:00:00,14070.700902669252,0.30885065313237164
2022-09-25 16:00:00,14070.700902669252,0.30885065313237164
2022-09-25 20:00:00,14070.700902669252,0.30885065313237164
2022-09-26 00:00:00,14070.700902669252,0.30885065313237164
2022-09-26 04:00:00,14070.700902669252,0.30885065313237164
2022-09-26 08:00:00,14070.700902669252,0.30885065313237164
2022-09-26 12:00:00,14070.700902669252,0.30885065313237164
2022-09-26 16:00:00,14070.700902669252,0.30885065313237164
2022-09-26 20:00:00,14070.700902669252,0.30885065313237164
2022-09-27 00:00:00,14070.700902669252,0.30885065313237164
2022-09-27 04:00:00,14070.700902669252,0.30885065313237164
2022-09-27 08:00:00,14070.700902669252,0.30885065313237164
2022-09-27 12:00:00,14070.700902669252,0.30885065313237164
2022-09-27 16:00:00,14070.700902669252,0.30885065313237164
2022-09-27 20:00:00,14070.700902669252,0.30885065313237164
2022-09-28 00:00:00,14070.700902669252,0.30885065313237164
2022-09-28 04:00:00,14070.700902669252,0.30885065313237164
2022-09-28 08:00:00,14070.700902669252,0.30885065313237164
2022-09-28 12:00:00,14070.700902669252,0.30885065313237164
2022-09-28 16:00:00,14070.700902669252,0.30885065313237164
2022-09-28 20:00:00,14070.700902669252,0.30885065313237164
2022-09-29 00:00:00,14070.700902669252,0.30885065313237164
2022-09-29 04:00:00,14070.700902669252,0.30885065313237164
2022-09-29 08:00:00,14070.700902669252,0.30885065313237164
2022-09-29 12:00:00,14070.700902669252,0.30885065313237164
2022-09-29 16:00:00,14070.700902669252,0.30885065313237164
2022-09-29 20:00:00,14070.700902669252,0.30885065313237164
2022-09-30 00:00:00,14070.700902669252,0.30885065313237164
2022-09-30 04:00:00,14070.700902669252,0.30885065313237164
2022-09-30 08:00:00,14070.700902669252,0.30885065313237164
2022-09-30 12:00:00,14070.700902669252,0.30885065313237164
2022-09-30 16:00:00,14070.700902669252,0.30885065313237164
2022-09-30 20:00:00,14070.700902669252,0.30885065313237164
2022-10-01 00:00:00,14070.700902669252,0.30885065313237164
2022-10-01 04:00:00,14070.700902669252,0.30885065313237164
2022-10-01 08:00:00,14070.700902669252,0.30885065313237164
2022-10-01 12:00:00,14070.700902669252,0.30885065313237164
2022-10-01 16:00:00,14070.700902669252,0.30885065313237164
2022-10-01 20:00:00,14070.700902669252,0.30885065313237164
2022-10-02 00:00:00,14070.700902669252,0.30885065313237164
2022-10-02 04:00:00,14070.700902669252,0.30885065313237164
2022-10-02 08:00:00,14070.700902669252,0.30885065313237164
2022-10-02 12:00:00,14070.700902669252,0.30885065313237164
2022-10-02 16:00:00,14070.700902669252,0.30885065313237164
2022-10-02 20:00:00,14070.700902669252,0.30885065313237164
2022-10-03 00:00:00,14070.700902669252,0.30885065313237164
2022-10-03 04:00:00,14070.700902669252,0.30885065313237164
2022-10-03 08:00:00,14070.700902669252,0.30885065313237164
2022-10-03 12:00:00,14070.700902669252,0.30885065313237164
2022-10-03 16:00:00,14070.700902669252,0.30885065313237164
2022-10-03 20:00:00,14070.700902669252,0.30885065313237164
2022-10-04 00:00:00,14070.700902669252,0.30885065313237164
2022-10-04 04:00:00,14254.116376494712,0.2998413304400077
2022-10-04 08:00:00,14239.607425980688,0.3005540064993503
2022-10-04 12:00:00,14306.372245662142,0.2972745350760172
2022-10-04 16:00:00,14306.372245662142,0.2972745350760172
2022-10-04 20:00:00,14306.372245662142,0.2972745350760172
2022-10-05 00:00:00,14306.372245662142,0.2972745350760172
2022-10-05 04:00:00,14319.052538434491,0.29665168223248634
2022-10-05 08:00:00,14219.474316648782,0.3015429398482584
2022-10-05 12:00:00,14206.605700787848,0.30217504307530435
2022-10-05 16:00:00,14265.486307762481,0.299282842229363
2022-10-05 20:00:00,14284.877310374946,0.2983303609788966
2022-10-06 00:00:00,14383.58869204514,0.29348168233511895
2022-10-06 04:00:00,14223.55503810522,0.30134249581999895
2022-10-06 08:00:00,14250.337029985807,0.30002697100541276
2022-10-06 12:00:00,14004.74500517196,0.31209039049816795
2022-10-06 16:00:00,14005.050681918083,0.3120753757320311
2022-10-06 20:00:00,13980.071631168736,0.31330234052434713
2022-10-07 00:00:00,13990.671970102254,0.3127816544987429
2022-10-07 04:00:00,13963.727816373948,0.3141051446631658
2022-10-07 08:00:00,13999.172565001456,0.3123641073805709
2022-10-07 12:00:00,13779.338492005978,0.3231623026532209
2022-10-07 16:00:00,13779.338492005978,0.3231623026532209
2022-10-07 20:00:00,13779.338492005978,0.3231623026532209
2022-10-08 00:00:00,13779.338492005978,0.3231623026532209
2022-10-08 04:00:00,13779.338492005978,0.3231623026532209
2022-10-08 08:00:00,13779.338492005978,0.3231623026532209
2022-10-08 12:00:00,13779.338492005978,0.3231623026532209
2022-10-08 16:00:00,13779.338492005978,0.3231623026532209
2022-10-08 20:00:00,13779.338492005978,0.3231623026532209
2022-10-09 00:00:00,13779.338492005978,0.3231623026532209
2022-10-09 04:00:00,13779.338492005978,0.3231623026532209
2022-10-09 08:00:00,13779.338492005978,0.3231623026532209
2022-10-09 12:00:00,13779.338492005978,0.3231623026532209
2022-10-09 16:00:00,13779.338492005978,0.3231623026532209
2022-10-09 20:00:00,13779.338492005978,0.3231623026532209
2022-10-10 00:00:00,13779.338492005978,0.3231623026532209
2022-10-10 04:00:00,13779.338492005978,0.3231623026532209
2022-10-10 08:00:00,13779.338492005978,0.3231623026532209
2022-10-10 12:00:00,13779.338492005978,0.3231623026532209
2022-10-10 16:00:00,13779.338492005978,0.3231623026532209
2022-10-10 20:00:00,13779.338492005978,0.3231623026532209
2022-10-11 00:00:00,13779.338492005978,0.3231623026532209
2022-10-11 04:00:00,13779.338492005978,0.3231623026532209
2022-10-11 08:00:00,13779.338492005978,0.3231623026532209
2022-10-11 12:00:00,13779.338492005978,0.3231623026532209
2022-10-11 16:00:00,13779.338492005978,0.3231623026532209
2022-10-11 20:00:00,13779.338492005978,0.3231623026532209
2022-10-12 00:00:00,13779.338492005978,0.3231623026532209
2022-10-12 04:00:00,13779.338492005978,0.3231623026532209
2022-10-12 08:00:00,13779.338492005978,0.3231623026532209
2022-10-12 12:00:00,13779.338492005978,0.3231623026532209
2022-10-12 16:00:00,13779.338492005978,0.3231623026532209
2022-10-12 20:00:00,13779.338492005978,0.3231623026532209
2022-10-13 00:00:00,13779.338492005978,0.3231623026532209
2022-10-13 04:00:00,13779.338492005978,0.3231623026532209
2022-10-13 08:00:00,13779.338492005978,0.3231623026532209
2022-10-13 12:00:00,13779.338492005978,0.3231623026532209
2022-10-13 16:00:00,13779.338492005978,0.3231623026532209
2022-10-13 20:00:00,13779.338492005978,0.3231623026532209
2022-10-14 00:00:00,13779.338492005978,0.3231623026532209
2022-10-14 04:00:00,13779.338492005978,0.3231623026532209
2022-10-14 08:00:00,13779.338492005978,0.3231623026532209
2022-10-14 12:00:00,13779.338492005978,0.3231623026532209
2022-10-14 16:00:00,13779.338492005978,0.3231623026532209
2022-10-14 20:00:00,13779.338492005978,0.3231623026532209
2022-10-15 00:00:00,13779.338492005978,0.3231623026532209
2022-10-15 04:00:00,13779.338492005978,0.3231623026532209
2022-10-15 08:00:00,13779.338492005978,0.3231623026532209
2022-10-15 12:00:00,13779.338492005978,0.3231623026532209
2022-10-15 16:00:00,13779.338492005978,0.3231623026532209
2022-10-15 20:00:00,13779.338492005978,0.3231623026532209
2022-10-16 00:00:00,13779.338492005978,0.3231623026532209
2022-10-16 04:00:00,13779.338492005978,0.3231623026532209
2022-10-16 08:00:00,13779.338492005978,0.3231623026532209
2022-10-16 12:00:00,13779.338492005978,0.3231623026532209
2022-10-16 16:00:00,13779.338492005978,0.3231623026532209
2022-10-16 20:00:00,13779.338492005978,0.3231623026532209
2022-10-17 00:00:00,13779.338492005978,0.3231623026532209
2022-10-17 04:00:00,13779.338492005978,0.3231623026532209
2022-10-17 08:00:00,13779.338492005978,0.3231623026532209
2022-10-17 12:00:00,13779.338492005978,0.3231623026532209
2022-10-17 16:00:00,13779.338492005978,0.3231623026532209
2022-10-17 20:00:00,13779.338492005978,0.3231623026532209
2022-10-18 00:00:00,13779.338492005978,0.3231623026532209
2022-10-18 04:00:00,13861.208629994422,0.31914086173211215
2022-10-18 08:00:00,13810.539640206953,0.3216297099735959
2022-10-18 12:00:00,13716.246185843711,0.32626138112117065
2022-10-18 16:00:00,13628.99911490128,0.33054693565858073
2022-10-18 20:00:00,13628.99911490128,0.33054693565858073
2022-10-19 00:00:00,13628.99911490128,0.33054693565858073
2022-10-19 04:00:00,13628.99911490128,0.33054693565858073
2022-10-19 08:00:00,13628.99911490128,0.33054693565858073
2022-10-19 12:00:00,13628.99911490128,0.33054693565858073
2022-10-19 16:00:00,13628.99911490128,0.33054693565858073
2022-10-19 20:00:00,13628.99911490128,0.33054693565858073
2022-10-20 00:00:00,13628.99911490128,0.33054693565858073
2022-10-20 04:00:00,13628.99911490128,0.33054693565858073
2022-10-20 08:00:00,13628.99911490128,0.33054693565858073
2022-10-20 12:00:00,13628.99911490128,0.33054693565858073
2022-10-20 16:00:00,13628.99911490128,0.33054693565858073
2022-10-20 20:00:00,13628.99911490128,0.33054693565858073
2022-10-21 00:00:00,13628.99911490128,0.33054693565858073
2022-10-21 04:00:00,13628.99911490128,0.33054693565858073
2022-10-21 08:00:00,13628.99911490128,0.33054693565858073
2022-10-21 12:00:00,13628.99911490128,0.33054693565858073
2022-10-21 16:00:00,13628.99911490128,0.33054693565858073
2022-10-21 20:00:00,13628.99911490128,0.33054693565858073
2022-10-22 00:00:00,13628.99911490128,0.33054693565858073
2022-10-22 04:00:00,13628.99911490128,0.33054693565858073
2022-10-22 08:00:00,13628.99911490128,0.33054693565858073
2022-10-22 12:00:00,13628.99911490128,0.33054693565858073
2022-10-22 16:00:00,13628.99911490128,0.33054693565858073
2022-10-22 20:00:00,13628.99911490128,0.33054693565858073
2022-10-23 00:00:00,13628.99911490128,0.33054693565858073
2022-10-23 04:00:00,13628.99911490128,0.33054693565858073
2022-10-23 08:00:00,13628.99911490128,0.33054693565858073
2022-10-23 12:00:00,13628.99911490128,0.33054693565858073
2022-10-23 16:00:00,13628.99911490128,0.33054693565858073
2022-10-23 20:00:00,13628.99911490128,0.33054693565858073
2022-10-24 00:00:00,13628.99911490128,0.33054693565858073
2022-10-24 04:00:00,13589.613595268504,0.3324815426379013
2022-10-24 08:00:00,13640.224940354927,0.3299955258898701
2022-10-24 12:00:00,13579.38647175795,0.332983896414273
2022-10-24 16:00:00,13600.017667275728,0.33197049719515487
2022-10-24 20:00:00,13593.258933609824,0.3323024845205308
2022-10-25 00:00:00,13599.405070608324,0.3320005877918848
2022-10-25 04:00:00,13581.766253124893,0.332867002142351
2022-10-25 08:00:00,13579.452281443548,0.3329806638587996
2022-10-25 12:00:00,13802.625157066692,0.3220184674271886
2022-10-25 16:00:00,14053.826329212474,0.30967952800534326
2022-10-25 20:00:00,14053.826329212474,0.30967952800534326
2022-10-26 00:00:00,14053.826329212474,0.30967952800534326
2022-10-26 04:00:00,14075.594790955258,0.30861026655064316
2022-10-26 08:00:00,14207.117608921903,0.3021498982744195
2022-10-26 12:00:00,14314.011240381195,0.29689930954551097
2022-10-26 16:00:00,14314.011240381195,0.29689930954551097
2022-10-26 20:00:00,14314.011240381195,0.29689930954551097
2022-10-27 00:00:00,14314.011240381195,0.29689930954551097
2022-10-27 04:00:00,14268.394574543392,0.2991399888846685
2022-10-27 08:00:00,14224.80114067268,0.3012812875702047
2022-10-27 12:00:00,14194.9226599186,0.3027489111521019
2022-10-27 16:00:00,14228.16826881868,0.3011158950687917
2022-10-27 20:00:00,14051.536367691793,0.3097920103486408
2022-10-28 00:00:00,14051.536367691793,0.3097920103486408
2022-10-28 04:00:00,14051.536367691793,0.3097920103486408
2022-10-28 08:00:00,14051.536367691793,0.3097920103486408
2022-10-28 12:00:00,14051.536367691793,0.3097920103486408
2022-10-28 16:00:00,14051.536367691793,0.3097920103486408
2022-10-28 20:00:00,14051.536367691793,0.3097920103486408
2022-10-29 00:00:00,14051.536367691793,0.3097920103486408
2022-10-29 04:00:00,14051.536367691793,0.3097920103486408
2022-10-29 08:00:00,14051.536367691793,0.3097920103486408
2022-10-29 12:00:00,14051.536367691793,0.3097920103486408
2022-10-29 16:00:00,14051.536367691793,0.3097920103486408
2022-10-29 20:00:00,14051.536367691793,0.3097920103486408
2022-10-30 00:00:00,14051.536367691793,0.3097920103486408
2022-10-30 04:00:00,14051.536367691793,0.3097920103486408
2022-10-30 08:00:00,14051.536367691793,0.3097920103486408
2022-10-30 12:00:00,14051.536367691793,0.3097920103486408
2022-10-30 16:00:00,14051.536367691793,0.3097920103486408
2022-10-30 20:00:00,14051.536367691793,0.3097920103486408
2022-10-31 00:00:00,14051.536367691793,0.3097920103486408
2022-10-31 04:00:00,14051.536367691793,0.3097920103486408
2022-10-31 08:00:00,14051.536367691793,0.3097920103486408
2022-10-31 12:00:00,14051.536367691793,0.3097920103486408
2022-10-31 16:00:00,14051.536367691793,0.3097920103486408
2022-10-31 20:00:00,14051.536367691793,0.3097920103486408
2022-11-01 00:00:00,14051.536367691793,0.3097920103486408
2022-11-01 04:00:00,14051.536367691793,0.3097920103486408
2022-11-01 08:00:00,14051.536367691793,0.3097920103486408
2022-11-01 12:00:00,14051.536367691793,0.3097920103486408
2022-11-01 16:00:00,14051.536367691793,0.3097920103486408
2022-11-01 20:00:00,14051.536367691793,0.3097920103486408
2022-11-02 00:00:00,14051.536367691793,0.3097920103486408
2022-11-02 04:00:00,14051.536367691793,0.3097920103486408
2022-11-02 08:00:00,14051.536367691793,0.3097920103486408
2022-11-02 12:00:00,14051.536367691793,0.3097920103486408
2022-11-02 16:00:00,14051.536367691793,0.3097920103486408
2022-11-02 20:00:00,14051.536367691793,0.3097920103486408
2022-11-03 00:00:00,14051.536367691793,0.3097920103486408
2022-11-03 04:00:00,14051.536367691793,0.3097920103486408
2022-11-03 08:00:00,14051.536367691793,0.3097920103486408
2022-11-03 12:00:00,14051.536367691793,0.3097920103486408
2022-11-03 16:00:00,14051.536367691793,0.3097920103486408
2022-11-03 20:00:00,14051.536367691793,0.3097920103486408
2022-11-04 00:00:00,14051.536367691793,0.3097920103486408
2022-11-04 04:00:00,14051.536367691793,0.3097920103486408
2022-11-04 08:00:00,14051.536367691793,0.3097920103486408
2022-11-04 12:00:00,14051.536367691793,0.3097920103486408
2022-11-04 16:00:00,14051.536367691793,0.3097920103486408
2022-11-04 20:00:00,14051.536367691793,0.3097920103486408
2022-11-05 00:00:00,14051.536367691793,0.3097920103486408
2022-11-05 04:00:00,14043.098759020182,0.31020646359889803
2022-11-05 08:00:00,14053.19981863798,0.30971030204974676
2022-11-05 12:00:00,14000.490968985665,0.3122993477030753
2022-11-05 16:00:00,14016.431799091377,0.3115163380724747
2022-11-05 20:00:00,14000.557722160089,0.3122960688036642
2022-11-06 00:00:00,13967.808756195484,0.3139046899088668
2022-11-06 04:00:00,13944.713415082217,0.31503912734993916
2022-11-06 08:00:00,14005.294820633284,0.3120633836987469
2022-11-06 12:00:00,13991.306399148407,0.31275049150097073
2022-11-06 16:00:00,13944.698008520965,0.31503988411641587
2022-11-06 20:00:00,13638.22513724256,0.3300937557239442
2022-11-07 00:00:00,13638.22513724256,0.3300937557239442
2022-11-07 04:00:00,13638.22513724256,0.3300937557239442
2022-11-07 08:00:00,13638.22513724256,0.3300937557239442
2022-11-07 12:00:00,13638.22513724256,0.3300937557239442
2022-11-07 16:00:00,13638.22513724256,0.3300937557239442
2022-11-07 20:00:00,13638.22513724256,0.3300937557239442
2022-11-08 00:00:00,13638.22513724256,0.3300937557239442
2022-11-08 04:00:00,13638.22513724256,0.3300937557239442
2022-11-08 08:00:00,13638.22513724256,0.3300937557239442
2022-11-08 12:00:00,13638.22513724256,0.3300937557239442
2022-11-08 16:00:00,13638.22513724256,0.3300937557239442
2022-11-08 20:00:00,13638.22513724256,0.3300937557239442
2022-11-09 00:00:00,13638.22513724256,0.3300937557239442
2022-11-09 04:00:00,13638.22513724256,0.3300937557239442
2022-11-09 08:00:00,13638.22513724256,0.3300937557239442
2022-11-09 12:00:00,13638.22513724256,0.3300937557239442
2022-11-09 16:00:00,13638.22513724256,0.3300937557239442
2022-11-09 20:00:00,13638.22513724256,0.3300937557239442
2022-11-10 00:00:00,13638.22513724256,0.3300937557239442
2022-11-10 04:00:00,13638.22513724256,0.3300937557239442
2022-11-10 08:00:00,13638.22513724256,0.3300937557239442
2022-11-10 12:00:00,13638.22513724256,0.3300937557239442
2022-11-10 16:00:00,13638.22513724256,0.3300937557239442
2022-11-10 20:00:00,13638.22513724256,0.3300937557239442
2022-11-11 00:00:00,13638.22513724256,0.3300937557239442
2022-11-11 04:00:00,13638.22513724256,0.3300937557239442
2022-11-11 08:00:00,13638.22513724256,0.3300937557239442
2022-11-11 12:00:00,13638.22513724256,0.3300937557239442
2022-11-11 16:00:00,13638.22513724256,0.3300937557239442
2022-11-11 20:00:00,13638.22513724256,0.3300937557239442
2022-11-12 00:00:00,13638.22513724256,0.3300937557239442
2022-11-12 04:00:00,13638.22513724256,0.3300937557239442
2022-11-12 08:00:00,13638.22513724256,0.3300937557239442
2022-11-12 12:00:00,13638.22513724256,0.3300937557239442
2022-11-12 16:00:00,13638.22513724256,0.3300937557239442
2022-11-12 20:00:00,13638.22513724256,0.3300937557239442
2022-11-13 00:00:00,13638.22513724256,0.3300937557239442
2022-11-13 04:00:00,13638.22513724256,0.3300937557239442
2022-11-13 08:00:00,13638.22513724256,0.3300937557239442
2022-11-13 12:00:00,13638.22513724256,0.3300937557239442
2022-11-13 16:00:00,13638.22513724256,0.3300937557239442
2022-11-13 20:00:00,13638.22513724256,0.3300937557239442
2022-11-14 00:00:00,13638.22513724256,0.3300937557239442
2022-11-14 04:00:00,13638.22513724256,0.3300937557239442
2022-11-14 08:00:00,13638.22513724256,0.3300937557239442
2022-11-14 12:00:00,13638.22513724256,0.3300937557239442
2022-11-14 16:00:00,13638.22513724256,0.3300937557239442
2022-11-14 20:00:00,13638.22513724256,0.3300937557239442
2022-11-15 00:00:00,13638.22513724256,0.3300937557239442
2022-11-15 04:00:00,13638.22513724256,0.3300937557239442
2022-11-15 08:00:00,13638.22513724256,0.3300937557239442
2022-11-15 12:00:00,13638.22513724256,0.3300937557239442
2022-11-15 16:00:00,13638.22513724256,0.3300937557239442
2022-11-15 20:00:00,13638.22513724256,0.3300937557239442
2022-11-16 00:00:00,13638.22513724256,0.3300937557239442
2022-11-16 04:00:00,13638.22513724256,0.3300937557239442
2022-11-16 08:00:00,13638.22513724256,0.3300937557239442
2022-11-16 12:00:00,13638.22513724256,0.3300937557239442
2022-11-16 16:00:00,13638.22513724256,0.3300937557239442
2022-11-16 20:00:00,13638.22513724256,0.3300937557239442
2022-11-17 00:00:00,13638.22513724256,0.3300937557239442
2022-11-17 04:00:00,13638.22513724256,0.3300937557239442
2022-11-17 08:00:00,13638.22513724256,0.3300937557239442
2022-11-17 12:00:00,13638.22513724256,0.3300937557239442
2022-11-17 16:00:00,13638.22513724256,0.3300937557239442
2022-11-17 20:00:00,13638.22513724256,0.3300937557239442
2022-11-18 00:00:00,13638.22513724256,0.3300937557239442
2022-11-18 04:00:00,13638.22513724256,0.3300937557239442
2022-11-18 08:00:00,13638.22513724256,0.3300937557239442
2022-11-18 12:00:00,13638.22513724256,0.3300937557239442
2022-11-18 16:00:00,13638.22513724256,0.3300937557239442
2022-11-18 20:00:00,13638.22513724256,0.3300937557239442
2022-11-19 00:00:00,13638.22513724256,0.3300937557239442
2022-11-19 04:00:00,13638.22513724256,0.3300937557239442
2022-11-19 08:00:00,13638.22513724256,0.3300937557239442
2022-11-19 12:00:00,13638.22513724256,0.3300937557239442
2022-11-19 16:00:00,13638.22513724256,0.3300937557239442
2022-11-19 20:00:00,13638.22513724256,0.3300937557239442
2022-11-20 00:00:00,13638.22513724256,0.3300937557239442
2022-11-20 04:00:00,13638.22513724256,0.3300937557239442
2022-11-20 08:00:00,13638.22513724256,0.3300937557239442
2022-11-20 12:00:00,13638.22513724256,0.3300937557239442
2022-11-20 16:00:00,13638.22513724256,0.3300937557239442
2022-11-20 20:00:00,13638.22513724256,0.3300937557239442
2022-11-21 00:00:00,13638.22513724256,0.3300937557239442
2022-11-21 04:00:00,13638.22513724256,0.3300937557239442
2022-11-21 08:00:00,13638.22513724256,0.3300937557239442
2022-11-21 12:00:00,13638.22513724256,0.3300937557239442
2022-11-21 16:00:00,13638.22513724256,0.3300937557239442
2022-11-21 20:00:00,13638.22513724256,0.3300937557239442
2022-11-22 00:00:00,13638.22513724256,0.3300937557239442
2022-11-22 04:00:00,13638.22513724256,0.3300937557239442
2022-11-22 08:00:00,13638.22513724256,0.3300937557239442
2022-11-22 12:00:00,13638.22513724256,0.3300937557239442
2022-11-22 16:00:00,13638.22513724256,0.3300937557239442
2022-11-22 20:00:00,13638.22513724256,0.3300937557239442
2022-11-23 00:00:00,13638.22513724256,0.3300937557239442
2022-11-23 04:00:00,13638.22513724256,0.3300937557239442
2022-11-23 08:00:00,13638.22513724256,0.3300937557239442
2022-11-23 12:00:00,13638.22513724256,0.3300937557239442
2022-11-23 16:00:00,13638.22513724256,0.3300937557239442
2022-11-23 20:00:00,13638.22513724256,0.3300937557239442
2022-11-24 00:00:00,13638.22513724256,0.3300937557239442
2022-11-24 04:00:00,13599.670561136332,0.33198754696283855
2022-11-24 08:00:00,13573.772706386375,0.33325964318032764
2022-11-24 12:00:00,13566.769657936627,0.33360363118743586
2022-11-24 16:00:00,13576.416371747298,0.3331297869919133
2022-11-24 20:00:00,13587.18303110897,0.3326009313480303
2022-11-25 00:00:00,13530.43044885441,0.3353886041462525
2022-11-25 04:00:00,13509.573970384063,0.33641306920825975
2022-11-25 08:00:00,13509.573970384063,0.33641306920825975
2022-11-25 12:00:00,13509.573970384063,0.33641306920825975
2022-11-25 16:00:00,13509.573970384063,0.33641306920825975
2022-11-25 20:00:00,13509.573970384063,0.33641306920825975
2022-11-26 00:00:00,13509.573970384063,0.33641306920825975
2022-11-26 04:00:00,13509.573970384063,0.33641306920825975
2022-11-26 08:00:00,13509.573970384063,0.33641306920825975
2022-11-26 12:00:00,13509.573970384063,0.33641306920825975
2022-11-26 16:00:00,13509.573970384063,0.33641306920825975
2022-11-26 20:00:00,13509.573970384063,0.33641306920825975
2022-11-27 00:00:00,13509.573970384063,0.33641306920825975
2022-11-27 04:00:00,13509.573970384063,0.33641306920825975
2022-11-27 08:00:00,13509.573970384063,0.33641306920825975
2022-11-27 12:00:00,13509.573970384063,0.33641306920825975
2022-11-27 16:00:00,13509.573970384063,0.33641306920825975
2022-11-27 20:00:00,13509.573970384063,0.33641306920825975
2022-11-28 00:00:00,13509.573970384063,0.33641306920825975
2022-11-28 04:00:00,13509.573970384063,0.33641306920825975
2022-11-28 08:00:00,13509.573970384063,0.33641306920825975
2022-11-28 12:00:00,13509.573970384063,0.33641306920825975
2022-11-28 16:00:00,13509.573970384063,0.33641306920825975
2022-11-28 20:00:00,13509.573970384063,0.33641306920825975
2022-11-29 00:00:00,13509.573970384063,0.33641306920825975
2022-11-29 04:00:00,13509.573970384063,0.33641306920825975
2022-11-29 08:00:00,13509.573970384063,0.33641306920825975
2022-11-29 12:00:00,13509.573970384063,0.33641306920825975
2022-11-29 16:00:00,13509.573970384063,0.33641306920825975
2022-11-29 20:00:00,13509.573970384063,0.33641306920825975
2022-11-30 00:00:00,13509.573970384063,0.33641306920825975
2022-11-30 04:00:00,13509.573970384063,0.33641306920825975
2022-11-30 08:00:00,13509.573970384063,0.33641306920825975
2022-11-30 12:00:00,13509.573970384063,0.33641306920825975
2022-11-30 16:00:00,13509.573970384063,0.33641306920825975
2022-11-30 20:00:00,13509.573970384063,0.33641306920825975
2022-12-01 00:00:00,13509.573970384063,0.33641306920825975
2022-12-01 04:00:00,13444.16135163712,0.33962612085626076
2022-12-01 08:00:00,13460.288059732151,0.33883398094481604
2022-12-01 12:00:00,13397.885632763491,0.34189917271747056
2022-12-01 16:00:00,13377.427268700296,0.3429040824983028
2022-12-01 20:00:00,13377.427268700296,0.3429040824983028
2022-12-02 00:00:00,13377.427268700296,0.3429040824983028
2022-12-02 04:00:00,13377.427268700296,0.3429040824983028
2022-12-02 08:00:00,13377.427268700296,0.3429040824983028
2022-12-02 12:00:00,13377.427268700296,0.3429040824983028
2022-12-02 16:00:00,13377.427268700296,0.3429040824983028
2022-12-02 20:00:00,13377.427268700296,0.3429040824983028
2022-12-03 00:00:00,13377.427268700296,0.3429040824983028
2022-12-03 04:00:00,13377.427268700296,0.3429040824983028
2022-12-03 08:00:00,13377.427268700296,0.3429040824983028
2022-12-03 12:00:00,13377.427268700296,0.3429040824983028
2022-12-03 16:00:00,13377.427268700296,0.3429040824983028
2022-12-03 20:00:00,13377.427268700296,0.3429040824983028
2022-12-04 00:00:00,13377.427268700296,0.3429040824983028
2022-12-04 04:00:00,13377.427268700296,0.3429040824983028
2022-12-04 08:00:00,13377.427268700296,0.3429040824983028
2022-12-04 12:00:00,13377.427268700296,0.3429040824983028
2022-12-04 16:00:00,13377.427268700296,0.3429040824983028
2022-12-04 20:00:00,13377.427268700296,0.3429040824983028
2022-12-05 00:00:00,13377.427268700296,0.3429040824983028
2022-12-05 04:00:00,13433.87318897282,0.3401314728607618
2022-12-05 08:00:00,13432.16001686341,0.34021562345089096
2022-12-05 12:00:00,13318.8618262248,0.3457808025420267
2022-12-05 16:00:00,13233.890455421877,0.34995457525165385
2022-12-05 20:00:00,13233.890455421877,0.34995457525165385
2022-12-06 00:00:00,13233.890455421877,0.34995457525165385
2022-12-06 04:00:00,13233.890455421877,0.34995457525165385
2022-12-06 08:00:00,13233.890455421877,0.34995457525165385
2022-12-06 12:00:00,13233.890455421877,0.34995457525165385
2022-12-06 16:00:00,13233.890455421877,0.34995457525165385
2022-12-06 20:00:00,13233.890455421877,0.34995457525165385
2022-12-07 00:00:00,13233.890455421877,0.34995457525165385
2022-12-07 04:00:00,13233.890455421877,0.34995457525165385
2022-12-07 08:00:00,13233.890455421877,0.34995457525165385
2022-12-07 12:00:00,13233.890455421877,0.34995457525165385
2022-12-07 16:00:00,13233.890455421877,0.34995457525165385
2022-12-07 20:00:00,13233.890455421877,0.34995457525165385
2022-12-08 00:00:00,13233.890455421877,0.34995457525165385
2022-12-08 04:00:00,13233.890455421877,0.34995457525165385
2022-12-08 08:00:00,13233.890455421877,0.34995457525165385
2022-12-08 12:00:00,13233.890455421877,0.34995457525165385
2022-12-08 16:00:00,13233.890455421877,0.34995457525165385
2022-12-08 20:00:00,13233.890455421877,0.34995457525165385
2022-12-09 00:00:00,13233.890455421877,0.34995457525165385
2022-12-09 04:00:00,13233.890455421877,0.34995457525165385
2022-12-09 08:00:00,13233.890455421877,0.34995457525165385
2022-12-09 12:00:00,13233.890455421877,0.34995457525165385
2022-12-09 16:00:00,13233.890455421877,0.34995457525165385
2022-12-09 20:00:00,13233.890455421877,0.34995457525165385
2022-12-10 00:00:00,13233.890455421877,0.34995457525165385
2022-12-10 04:00:00,13233.890455421877,0.34995457525165385
2022-12-10 08:00:00,13233.890455421877,0.34995457525165385
2022-12-10 12:00:00,13233.890455421877,0.34995457525165385
2022-12-10 16:00:00,13233.890455421877,0.34995457525165385
2022-12-10 20:00:00,13233.890455421877,0.34995457525165385
2022-12-11 00:00:00,13233.890455421877,0.34995457525165385
2022-12-11 04:00:00,13233.890455421877,0.34995457525165385
2022-12-11 08:00:00,13233.890455421877,0.34995457525165385
2022-12-11 12:00:00,13233.890455421877,0.34995457525165385
2022-12-11 16:00:00,13233.890455421877,0.34995457525165385
2022-12-11 20:00:00,13233.890455421877,0.34995457525165385
2022-12-12 00:00:00,13233.890455421877,0.34995457525165385
2022-12-12 04:00:00,13233.890455421877,0.34995457525165385
2022-12-12 08:00:00,13233.890455421877,0.34995457525165385
2022-12-12 12:00:00,13233.890455421877,0.34995457525165385
2022-12-12 16:00:00,13233.890455421877,0.34995457525165385
2022-12-12 20:00:00,13233.890455421877,0.34995457525165385
2022-12-13 00:00:00,13233.890455421877,0.34995457525165385
2022-12-13 04:00:00,13233.890455421877,0.34995457525165385
2022-12-13 08:00:00,13233.890455421877,0.34995457525165385
2022-12-13 12:00:00,13233.890455421877,0.34995457525165385
2022-12-13 16:00:00,13233.890455421877,0.34995457525165385
2022-12-13 20:00:00,13233.890455421877,0.34995457525165385
2022-12-14 00:00:00,13233.890455421877,0.34995457525165385
2022-12-14 04:00:00,13236.358461574899,0.34983334740006883
2022-12-14 08:00:00,13245.815208210606,0.34936883434517746
2022-12-14 12:00:00,13364.263168198147,0.3435506998578143
2022-12-14 16:00:00,13229.79348586181,0.35015581738274343
2022-12-14 20:00:00,13234.91503414385,0.349904248198339
2022-12-15 00:00:00,13198.11661068284,0.35171177765381983
2022-12-15 04:00:00,13179.05815428027,0.35264792431673714
2022-12-15 08:00:00,13193.494395549898,0.3519388197174891
2022-12-15 12:00:00,13041.437379214309,0.35940782273688
2022-12-15 16:00:00,13041.437379214309,0.35940782273688
2022-12-15 20:00:00,13041.437379214309,0.35940782273688
2022-12-16 00:00:00,13041.437379214309,0.35940782273688
2022-12-16 04:00:00,13041.437379214309,0.35940782273688
2022-12-16 08:00:00,13041.437379214309,0.35940782273688
2022-12-16 12:00:00,13041.437379214309,0.35940782273688
2022-12-16 16:00:00,13041.437379214309,0.35940782273688
2022-12-16 20:00:00,13041.437379214309,0.35940782273688
2022-12-17 00:00:00,13041.437379214309,0.35940782273688
2022-12-17 04:00:00,13041.437379214309,0.35940782273688
2022-12-17 08:00:00,13041.437379214309,0.35940782273688
2022-12-17 12:00:00,13041.437379214309,0.35940782273688
2022-12-17 16:00:00,13041.437379214309,0.35940782273688
2022-12-17 20:00:00,13041.437379214309,0.35940782273688
2022-12-18 00:00:00,13041.437379214309,0.35940782273688
2022-12-18 04:00:00,13041.437379214309,0.35940782273688
2022-12-18 08:00:00,13041.437379214309,0.35940782273688
2022-12-18 12:00:00,13041.437379214309,0.35940782273688
2022-12-18 16:00:00,13041.437379214309,0.35940782273688
2022-12-18 20:00:00,13041.437379214309,0.35940782273688
2022-12-19 00:00:00,13041.437379214309,0.35940782273688
2022-12-19 04:00:00,13041.437379214309,0.35940782273688
2022-12-19 08:00:00,13041.437379214309,0.35940782273688
2022-12-19 12:00:00,13041.437379214309,0.35940782273688
2022-12-19 16:00:00,13041.437379214309,0.35940782273688
2022-12-19 20:00:00,13041.437379214309,0.35940782273688
2022-12-20 00:00:00,13041.437379214309,0.35940782273688
2022-12-20 04:00:00,13041.437379214309,0.35940782273688
2022-12-20 08:00:00,13041.437379214309,0.35940782273688
2022-12-20 12:00:00,13041.437379214309,0.35940782273688
2022-12-20 16:00:00,13041.437379214309,0.35940782273688
2022-12-20 20:00:00,13041.437379214309,0.35940782273688
2022-12-21 00:00:00,13041.437379214309,0.35940782273688
2022-12-21 04:00:00,13041.437379214309,0.35940782273688
2022-12-21 08:00:00,13041.437379214309,0.35940782273688
2022-12-21 12:00:00,13041.437379214309,0.35940782273688
2022-12-21 16:00:00,13041.437379214309,0.35940782273688
2022-12-21 20:00:00,13041.437379214309,0.35940782273688
2022-12-22 00:00:00,13041.437379214309,0.35940782273688
2022-12-22 04:00:00,13041.437379214309,0.35940782273688
2022-12-22 08:00:00,13041.437379214309,0.35940782273688
2022-12-22 12:00:00,13041.437379214309,0.35940782273688
2022-12-22 16:00:00,13041.437379214309,0.35940782273688
2022-12-22 20:00:00,13041.437379214309,0.35940782273688
2022-12-23 00:00:00,13041.437379214309,0.35940782273688
2022-12-23 04:00:00,13041.437379214309,0.35940782273688
2022-12-23 08:00:00,13041.437379214309,0.35940782273688
2022-12-23 12:00:00,13041.437379214309,0.35940782273688
2022-12-23 16:00:00,13041.437379214309,0.35940782273688
2022-12-23 20:00:00,13041.437379214309,0.35940782273688
2022-12-24 00:00:00,13041.437379214309,0.35940782273688
2022-12-24 04:00:00,13041.437379214309,0.35940782273688
2022-12-24 08:00:00,13041.437379214309,0.35940782273688
2022-12-24 12:00:00,13041.437379214309,0.35940782273688
2022-12-24 16:00:00,13041.437379214309,0.35940782273688
2022-12-24 20:00:00,13041.437379214309,0.35940782273688
2022-12-25 00:00:00,13041.437379214309,0.35940782273688
2022-12-25 04:00:00,13041.437379214309,0.35940782273688
2022-12-25 08:00:00,13041.437379214309,0.35940782273688
2022-12-25 12:00:00,13041.437379214309,0.35940782273688
2022-12-25 16:00:00,13041.437379214309,0.35940782273688
2022-12-25 20:00:00,13041.437379214309,0.35940782273688
2022-12-26 00:00:00,13041.437379214309,0.35940782273688
2022-12-26 04:00:00,13041.437379214309,0.35940782273688
2022-12-26 08:00:00,13041.437379214309,0.35940782273688
2022-12-26 12:00:00,13041.437379214309,0.35940782273688
2022-12-26 16:00:00,13041.437379214309,0.35940782273688
2022-12-26 20:00:00,13041.437379214309,0.35940782273688
2022-12-27 00:00:00,13041.437379214309,0.35940782273688
2022-12-27 04:00:00,13041.437379214309,0.35940782273688
2022-12-27 08:00:00,13041.437379214309,0.35940782273688
2022-12-27 12:00:00,13041.437379214309,0.35940782273688
2022-12-27 16:00:00,13041.437379214309,0.35940782273688
2022-12-27 20:00:00,13041.437379214309,0.35940782273688
2022-12-28 00:00:00,13041.437379214309,0.35940782273688
2022-12-28 04:00:00,13041.437379214309,0.35940782273688
2022-12-28 08:00:00,13041.437379214309,0.35940782273688
2022-12-28 12:00:00,13041.437379214309,0.35940782273688
2022-12-28 16:00:00,13041.437379214309,0.35940782273688
2022-12-28 20:00:00,13041.437379214309,0.35940782273688
2022-12-29 00:00:00,13041.437379214309,0.35940782273688
2022-12-29 04:00:00,13041.437379214309,0.35940782273688
2022-12-29 08:00:00,13041.437379214309,0.35940782273688
2022-12-29 12:00:00,13041.437379214309,0.35940782273688
2022-12-29 16:00:00,13041.437379214309,0.35940782273688
2022-12-29 20:00:00,13041.437379214309,0.35940782273688
2022-12-30 00:00:00,13041.437379214309,0.35940782273688
2022-12-30 04:00:00,13041.437379214309,0.35940782273688
2022-12-30 08:00:00,13041.437379214309,0.35940782273688
2022-12-30 12:00:00,13041.437379214309,0.35940782273688
2022-12-30 16:00:00,13041.437379214309,0.35940782273688
2022-12-30 20:00:00,13041.437379214309,0.35940782273688
2022-12-31 00:00:00,13041.437379214309,0.35940782273688
2022-12-31 04:00:00,13041.437379214309,0.35940782273688
2022-12-31 08:00:00,13041.437379214309,0.35940782273688
2022-12-31 12:00:00,13041.437379214309,0.35940782273688
2022-12-31 16:00:00,13041.437379214309,0.35940782273688
2022-12-31 20:00:00,13041.437379214309,0.35940782273688
2023-01-01 00:00:00,13041.437379214309,0.35940782273688
2023-01-01 04:00:00,13041.437379214309,0.35940782273688
2023-01-01 08:00:00,13041.437379214309,0.35940782273688
2023-01-01 12:00:00,13041.437379214309,0.35940782273688
2023-01-01 16:00:00,13041.437379214309,0.35940782273688
2023-01-01 20:00:00,13041.437379214309,0.35940782273688
2023-01-02 00:00:00,13041.437379214309,0.35940782273688
2023-01-02 04:00:00,13041.437379214309,0.35940782273688
2023-01-02 08:00:00,13041.437379214309,0.35940782273688
2023-01-02 12:00:00,13041.437379214309,0.35940782273688
2023-01-02 16:00:00,13041.437379214309,0.35940782273688
2023-01-02 20:00:00,13041.437379214309,0.35940782273688
2023-01-03 00:00:00,13041.437379214309,0.35940782273688
2023-01-03 04:00:00,13041.437379214309,0.35940782273688
2023-01-03 08:00:00,13041.437379214309,0.35940782273688
2023-01-03 12:00:00,13041.437379214309,0.35940782273688
2023-01-03 16:00:00,13041.437379214309,0.35940782273688
2023-01-03 20:00:00,13041.437379214309,0.35940782273688
2023-01-04 00:00:00,13041.437379214309,0.35940782273688
2023-01-04 04:00:00,13025.648176364075,0.36018338447420817
2023-01-04 08:00:00,13008.600145334076,0.36102077954025835
2023-01-04 12:00:00,13017.946951439368,0.3605616667370187
2023-01-04 16:00:00,13012.098763849332,0.3608489282644417
2023-01-04 20:00:00,13016.095474304975,0.3606526108357546
2023-01-05 00:00:00,13004.767194043176,0.3612090531592917
2023-01-05 04:00:00,13002.72880611388,0.3613091782700264
2023-01-05 08:00:00,13007.705310976176,0.3610647335825122
2023-01-05 12:00:00,13012.371752077472,0.3608355191502201
2023-01-05 16:00:00,13022.823105910344,0.3603221512358967
2023-01-05 20:00:00,13006.819491041282,0.3611082448385384
2023-01-06 00:00:00,13007.670728766918,0.3610664322520744
2023-01-06 04:00:00,12987.91702741724,0.3620367291747713
2023-01-06 08:00:00,12959.9934060862,0.36340833054549376
2023-01-06 12:00:00,13011.288951466322,0.3608887060483257
2023-01-06 16:00:00,13060.829821868903,0.3584552707519004
2023-01-06 20:00:00,13066.195658342232,0.3581917021919834
2023-01-07 00:00:00,13067.096384470475,0.3581474587474281
2023-01-07 04:00:00,13038.44010041379,0.35955504832995366
2023-01-07 08:00:00,13008.642549452528,0.3610186966604519
2023-01-07 12:00:00,13030.754759573085,0.3599325503704882
2023-01-07 16:00:00,13034.37683372054,0.3597546349845642
2023-01-07 20:00:00,13033.888734194134,0.3597786103125323
2023-01-08 00:00:00,13034.330451406087,0.3597569132723739
2023-01-08 04:00:00,13070.445338217463,0.35798295896799764
2023-01-08 08:00:00,13030.908534232898,0.3599249969972462
2023-01-08 12:00:00,13140.411759120649,0.3545462256848157
2023-01-08 16:00:00,13030.62917486499,0.35993871906027686
2023-01-08 20:00:00,13331.488834025455,0.34516056704312137
2023-01-09 00:00:00,13435.232831174046,0.34006468757224984
2023-01-09 04:00:00,13437.439676001199,0.3399562879003731
2023-01-09 08:00:00,13498.102532413952,0.336976543403008
2023-01-09 12:00:00,13531.887696216238,0.33531702451640183
2023-01-09 16:00:00,13544.48386268211,0.33469830393623007
2023-01-09 20:00:00,13486.763580580684,0.3375335099114951
2023-01-10 00:00:00,13500.489488466665,0.33685929671229614
2023-01-10 04:00:00,13499.225068705751,0.3369214046981006
2023-01-10 08:00:00,13524.066014557906,0.33570122358416377
2023-01-10 12:00:00,13561.467264192133,0.33386408345621
2023-01-10 16:00:00,13608.140088725722,0.3315715258632376
2023-01-10 20:00:00,13608.140088725722,0.3315715258632376
2023-01-11 00:00:00,13608.140088725722,0.3315715258632376
2023-01-11 04:00:00,13630.939175435855,0.3304516403651458
2023-01-11 08:00:00,13626.485963548486,0.33067038103120844
2023-01-11 12:00:00,13573.822768069886,0.3332571841628202
2023-01-11 16:00:00,13682.749800166574,0.327906715297721
2023-01-11 20:00:00,13872.083508137786,0.3186066904084487
2023-01-12 00:00:00,13872.083508137786,0.3186066904084487
2023-01-12 04:00:00,13840.64320607295,0.3201510302666935
2023-01-12 08:00:00,13871.929789561415,0.31861424102688596
2023-01-12 12:00:00,13814.836620344582,0.3214186433724245
2023-01-12 16:00:00,14203.09727252566,0.30234737620346314
2023-01-12 20:00:00,14203.09727252566,0.30234737620346314
2023-01-13 00:00:00,14203.09727252566,0.30234737620346314
2023-01-13 04:00:00,14164.6523212834,0.3042357826961635
2023-01-13 08:00:00,14212.998761522096,0.301861017513854
2023-01-13 12:00:00,14383.117547320751,0.293504824847407
2023-01-13 16:00:00,14421.467726927953,0.2916210735139716
2023-01-13 20:00:00,14421.467726927953,0.2916210735139716
2023-01-14 00:00:00,14421.467726927953,0.2916210735139716
2023-01-14 04:00:00,14369.514699753227,0.2941729933542119
2023-01-14 08:00:00,14281.69692228137,0.2984865808551392
2023-01-14 12:00:00,14314.197490031673,0.29689016100876264
2023-01-14 16:00:00,14312.663517497975,0.29696550936007166
2023-01-14 20:00:00,14398.278731189681,0.2927601112470516
2023-01-15 00:00:00,14280.36081565249,0.2985522100821609
2023-01-15 04:00:00,14305.875761395066,0.29729892226037236
2023-01-15 08:00:00,14292.407751003539,0.29796046759845457
2023-01-15 12:00:00,14478.44907770154,0.28882216366269836
2023-01-15 16:00:00,14440.310545970011,0.2906955189048481
2023-01-15 20:00:00,14441.651949367697,0.2906296295018532
2023-01-16 00:00:00,14645.824826289927,0.2806007083053182
2023-01-16 04:00:00,14683.344936439253,0.27875772977827207
2023-01-16 08:00:00,14245.826044378953,0.3002485495022817
2023-01-16 12:00:00,14510.727338930945,0.2872366634576237
2023-01-16 16:00:00,14964.384997196403,0.26495311153078344
2023-01-16 20:00:00,14841.45415558562,0.27099144405429426
2023-01-17 00:00:00,14780.364256991728,0.2739921647579351
2023-01-17 04:00:00,14789.434612123097,0.2735466311581331
2023-01-17 08:00:00,14875.52540878071,0.2693178725274998
2023-01-17 12:00:00,14831.824875334263,0.2714644319176968
2023-01-17 16:00:00,14992.216645405573,0.26358602785705054
2023-01-17 20:00:00,14790.553668470606,0.2734916633872283
2023-01-18 00:00:00,14914.274003482187,0.2674145511432123
2023-01-18 04:00:00,14963.663660215154,0.26498854342482414
2023-01-18 08:00:00,14860.380952531232,0.2700617644713266
2023-01-18 12:00:00,14698.428568599058,0.2780168254986805
2023-01-18 16:00:00,14562.227317940093,0.28470699723118037
2023-01-18 20:00:00,14307.656300717123,0.29721146260942644
2023-01-19 00:00:00,14307.656300717123,0.29721146260942644
2023-01-19 04:00:00,14307.656300717123,0.29721146260942644
2023-01-19 08:00:00,14307.656300717123,0.29721146260942644
2023-01-19 12:00:00,14307.656300717123,0.29721146260942644
2023-01-19 16:00:00,14307.656300717123,0.29721146260942644
2023-01-19 20:00:00,14307.656300717123,0.29721146260942644
2023-01-20 00:00:00,14307.656300717123,0.29721146260942644
2023-01-20 04:00:00,14307.656300717123,0.29721146260942644
2023-01-20 08:00:00,14307.656300717123,0.29721146260942644
2023-01-20 12:00:00,14307.656300717123,0.29721146260942644
2023-01-20 16:00:00,14307.656300717123,0.29721146260942644
2023-01-20 20:00:00,14307.656300717123,0.29721146260942644
2023-01-21 00:00:00,14307.656300717123,0.29721146260942644
2023-01-21 04:00:00,14376.155673522873,0.29384679036580313
2023-01-21 08:00:00,14509.798716423398,0.28728227716542815
2023-01-21 12:00:00,14539.252217096362,0.28583552849996385
2023-01-21 16:00:00,14539.252217096362,0.28583552849996385
2023-01-21 20:00:00,14539.252217096362,0.28583552849996385
2023-01-22 00:00:00,14539.252217096362,0.28583552849996385
2023-01-22 04:00:00,14586.165065756702,0.2835311809812739
2023-01-22 08:00:00,14530.36575795828,0.2862720291740764
2023-01-22 12:00:00,14535.811499242329,0.2860045357096274
2023-01-22 16:00:00,14499.627253468818,0.2877818969090624
2023-01-22 20:00:00,14492.487872467258,0.28813258153738336
2023-01-23 00:00:00,14469.053530771747,0.28928367060317767
2023-01-23 04:00:00,14486.488816836021,0.2884272536656613
2023-01-23 08:00:00,14590.824139180753,0.2833023284474651
2023-01-23 12:00:00,14565.09924708941,0.2845659287819587
2023-01-23 16:00:00,14534.759337447766,0.28605621763664313
2023-01-23 20:00:00,14596.744568132612,0.2830115184422239
2023-01-24 00:00:00,14678.150446942802,0.2790128818170807
2023-01-24 04:00:00,14665.550070293624,0.2796318092004148
2023-01-24 08:00:00,14597.334033148534,0.28298256406649136
2023-01-24 12:00:00,14604.178679881297,0.2826463567125285
2023-01-24 16:00:00,14647.758607459149,0.2805057214527557
2023-01-24 20:00:00,14454.932669396192,0.28997728382006244
2023-01-25 00:00:00,14460.286844874952,0.28971428804531335
2023-01-25 04:00:00,14494.700691060023,0.2880238884356178
2023-01-25 08:00:00,14437.705133154463,0.29082349613769837
2023-01-25 12:00:00,14427.394074652479,0.2913299727800814
2023-01-25 16:00:00,14512.887048866773,0.2871305790399465
2023-01-25 20:00:00,14668.921523155157,0.2794662042700448
2023-01-26 00:00:00,14706.525532513071,0.27761910463463174
2023-01-26 04:00:00,14621.802453917675,0.2817806812924594
2023-01-26 08:00:00,14634.90059566058,0.281137303810882
2023-01-26 12:00:00,14617.43323420117,0.28199529628387116
2023-01-26 16:00:00,14673.416569105213,0.27924540872517384
2023-01-26 20:00:00,14643.233569767985,0.28072799018452915
2023-01-27 00:00:00,14524.710150737219,0.2865498312014249
2023-01-27 04:00:00,14674.778236378159,0.27917852396564
2023-01-27 08:00:00,14622.119321912076,0.2817651168149761
2023-01-27 12:00:00,14605.355701395809,0.2825885417069626
2023-01-27 16:00:00,14764.899740320048,0.27475177799050887
2023-01-27 20:00:00,14675.438830958397,0.27914607572330763
2023-01-28 00:00:00,14697.0699390507,0.2780835610459342
2023-01-28 04:00:00,14634.09442964963,0.2811769024858726
2023-01-28 08:00:00,14629.084500513083,0.28142298896546797
2023-01-28 12:00:00,14644.589479448257,0.2806613882365228
2023-01-28 16:00:00,14657.98411089851,0.2800034472538801
2023-01-28 20:00:00,14649.598083657702,0.2804153668370189
2023-01-29 00:00:00,14735.003335544687,0.27622028199589654
2023-01-29 04:00:00,14540.6275702444,0.28576797149363176
2023-01-29 08:00:00,14654.779862331234,0.280160839150687
2023-01-29 12:00:00,14701.237069288276,0.27787887263972505
2023-01-29 16:00:00,14860.52997443047,0.27005444455250804
2023-01-29 20:00:00,14860.52997443047,0.27005444455250804
2023-01-30 00:00:00,14860.52997443047,0.27005444455250804
2023-01-30 04:00:00,14831.219253716987,0.27149417990169034
2023-01-30 08:00:00,14538.367268628694,0.28587899694973556
2023-01-30 12:00:00,14538.367268628694,0.28587899694973556
2023-01-30 16:00:00,14538.367268628694,0.28587899694973556
2023-01-30 20:00:00,14538.367268628694,0.28587899694973556
2023-01-31 00:00:00,14538.367268628694,0.28587899694973556
2023-01-31 04:00:00,14538.367268628694,0.28587899694973556
2023-01-31 08:00:00,14538.367268628694,0.28587899694973556
2023-01-31 12:00:00,14538.367268628694,0.28587899694973556
2023-01-31 16:00:00,14538.367268628694,0.28587899694973556
2023-01-31 20:00:00,14538.367268628694,0.28587899694973556
2023-02-01 00:00:00,14538.367268628694,0.28587899694973556
2023-02-01 04:00:00,14538.367268628694,0.28587899694973556
2023-02-01 08:00:00,14538.367268628694,0.28587899694973556
2023-02-01 12:00:00,14538.367268628694,0.28587899694973556
2023-02-01 16:00:00,14538.367268628694,0.28587899694973556
2023-02-01 20:00:00,14538.367268628694,0.28587899694973556
2023-02-02 00:00:00,14538.367268628694,0.28587899694973556
2023-02-02 04:00:00,14528.207062336209,0.2863780637689129
2023-02-02 08:00:00,14547.887685010643,0.2854113564526624
2023-02-02 12:00:00,14557.38824213479,0.28494469143741874
2023-02-02 16:00:00,14538.918677690212,0.2858519118730673
2023-02-02 20:00:00,14382.100421926829,0.29355478579509214
2023-02-03 00:00:00,14404.7153345687,0.2924439468816637
2023-02-03 04:00:00,14353.665360080196,0.2949515089973963
2023-02-03 08:00:00,14353.665360080196,0.2949515089973963
2023-02-03 12:00:00,14353.665360080196,0.2949515089973963
2023-02-03 16:00:00,14353.665360080196,0.2949515089973963
2023-02-03 20:00:00,14353.665360080196,0.2949515089973963
2023-02-04 00:00:00,14353.665360080196,0.2949515089973963
2023-02-04 04:00:00,14353.665360080196,0.2949515089973963
2023-02-04 08:00:00,14353.665360080196,0.2949515089973963
2023-02-04 12:00:00,14353.665360080196,0.2949515089973963
2023-02-04 16:00:00,14353.665360080196,0.2949515089973963
2023-02-04 20:00:00,14353.665360080196,0.2949515089973963
2023-02-05 00:00:00,14353.665360080196,0.2949515089973963
2023-02-05 04:00:00,14353.665360080196,0.2949515089973963
2023-02-05 08:00:00,14353.665360080196,0.2949515089973963
2023-02-05 12:00:00,14353.665360080196,0.2949515089973963
2023-02-05 16:00:00,14353.665360080196,0.2949515089973963
2023-02-05 20:00:00,14353.665360080196,0.2949515089973963
2023-02-06 00:00:00,14353.665360080196,0.2949515089973963
2023-02-06 04:00:00,14353.665360080196,0.2949515089973963
2023-02-06 08:00:00,14353.665360080196,0.2949515089973963
2023-02-06 12:00:00,14353.665360080196,0.2949515089973963
2023-02-06 16:00:00,14353.665360080196,0.2949515089973963
2023-02-06 20:00:00,14353.665360080196,0.2949515089973963
2023-02-07 00:00:00,14353.665360080196,0.2949515089973963
2023-02-07 04:00:00,14353.665360080196,0.2949515089973963
2023-02-07 08:00:00,14353.665360080196,0.2949515089973963
2023-02-07 12:00:00,14353.665360080196,0.2949515089973963
2023-02-07 16:00:00,14353.665360080196,0.2949515089973963
2023-02-07 20:00:00,14353.665360080196,0.2949515089973963
2023-02-08 00:00:00,14353.665360080196,0.2949515089973963
2023-02-08 04:00:00,14353.665360080196,0.2949515089973963
2023-02-08 08:00:00,14353.665360080196,0.2949515089973963
2023-02-08 12:00:00,14353.665360080196,0.2949515089973963
2023-02-08 16:00:00,14353.665360080196,0.2949515089973963
2023-02-08 20:00:00,14353.665360080196,0.2949515089973963
2023-02-09 00:00:00,14353.665360080196,0.2949515089973963
2023-02-09 04:00:00,14353.665360080196,0.2949515089973963
2023-02-09 08:00:00,14353.665360080196,0.2949515089973963
2023-02-09 12:00:00,14353.665360080196,0.2949515089973963
2023-02-09 16:00:00,14353.665360080196,0.2949515089973963
2023-02-09 20:00:00,14353.665360080196,0.2949515089973963
2023-02-10 00:00:00,14353.665360080196,0.2949515089973963
2023-02-10 04:00:00,14353.665360080196,0.2949515089973963
2023-02-10 08:00:00,14353.665360080196,0.2949515089973963
2023-02-10 12:00:00,14353.665360080196,0.2949515089973963
2023-02-10 16:00:00,14353.665360080196,0.2949515089973963
2023-02-10 20:00:00,14353.665360080196,0.2949515089973963
2023-02-11 00:00:00,14353.665360080196,0.2949515089973963
2023-02-11 04:00:00,14353.665360080196,0.2949515089973963
2023-02-11 08:00:00,14353.665360080196,0.2949515089973963
2023-02-11 12:00:00,14353.665360080196,0.2949515089973963
2023-02-11 16:00:00,14353.665360080196,0.2949515089973963
2023-02-11 20:00:00,14353.665360080196,0.2949515089973963
2023-02-12 00:00:00,14353.665360080196,0.2949515089973963
2023-02-12 04:00:00,14353.665360080196,0.2949515089973963
2023-02-12 08:00:00,14353.665360080196,0.2949515089973963
2023-02-12 12:00:00,14353.665360080196,0.2949515089973963
2023-02-12 16:00:00,14353.665360080196,0.2949515089973963
2023-02-12 20:00:00,14353.665360080196,0.2949515089973963
2023-02-13 00:00:00,14353.665360080196,0.2949515089973963
2023-02-13 04:00:00,14353.665360080196,0.2949515089973963
2023-02-13 08:00:00,14353.665360080196,0.2949515089973963
2023-02-13 12:00:00,14353.665360080196,0.2949515089973963
2023-02-13 16:00:00,14353.665360080196,0.2949515089973963
2023-02-13 20:00:00,14353.665360080196,0.2949515089973963
2023-02-14 00:00:00,14353.665360080196,0.2949515089973963
2023-02-14 04:00:00,14353.665360080196,0.2949515089973963
2023-02-14 08:00:00,14353.665360080196,0.2949515089973963
2023-02-14 12:00:00,14353.665360080196,0.2949515089973963
2023-02-14 16:00:00,14353.665360080196,0.2949515089973963
2023-02-14 20:00:00,14353.665360080196,0.2949515089973963
2023-02-15 00:00:00,14353.665360080196,0.2949515089973963
2023-02-15 04:00:00,14353.665360080196,0.2949515089973963
2023-02-15 08:00:00,14353.665360080196,0.2949515089973963
2023-02-15 12:00:00,14353.665360080196,0.2949515089973963
2023-02-15 16:00:00,14353.665360080196,0.2949515089973963
2023-02-15 20:00:00,14353.665360080196,0.2949515089973963
2023-02-16 00:00:00,14353.665360080196,0.2949515089973963
2023-02-16 04:00:00,14309.393561485687,0.29712612879031974
2023-02-16 08:00:00,14287.189153527797,0.298216803815241
2023-02-16 12:00:00,14539.246190344704,0.2858358245325141
2023-02-16 16:00:00,14439.194989295765,0.2907503147726682
2023-02-16 20:00:00,13751.709718448714,0.3245194211742488
2023-02-17 00:00:00,13751.709718448714,0.3245194211742488
2023-02-17 04:00:00,13669.51018447659,0.3285570419445744
2023-02-17 08:00:00,13745.895432957668,0.3248050174389577
2023-02-17 12:00:00,13916.232523298371,0.3164381017074197
2023-02-17 16:00:00,14091.270435181266,0.3078402827848395
2023-02-17 20:00:00,14091.270435181266,0.3078402827848395
2023-02-18 00:00:00,14091.270435181266,0.3078402827848395
2023-02-18 04:00:00,14050.03232962176,0.3098658883265012
2023-02-18 08:00:00,14050.232810766976,0.3098560407422526
2023-02-18 12:00:00,14124.648184282958,0.3062007760075211
2023-02-18 16:00:00,14094.683434023033,0.3076726371262
2023-02-18 20:00:00,14106.483670972088,0.3070930124069598
2023-02-19 00:00:00,14131.348880786143,0.305871639453218
2023-02-19 04:00:00,14022.373649048835,0.31122447587273855
2023-02-19 08:00:00,14109.173944935419,0.3069608668155274
2023-02-19 12:00:00,14361.946186437084,0.29454475685564613
2023-02-19 16:00:00,13963.514627564839,0.31411561644472064
2023-02-19 20:00:00,13697.814349466196,0.32716674836349996
2023-02-20 00:00:00,13771.40283799273,0.3235521000148565
2023-02-20 04:00:00,13813.746916308843,0.3214721693650378
2023-02-20 08:00:00,14006.917222236805,0.31198369173340795
2023-02-20 12:00:00,14033.346837563393,0.3106854755679667
2023-02-20 16:00:00,13998.000270258226,0.31242169020830096
2023-02-20 20:00:00,13982.99895406888,0.3131585511477908
2023-02-21 00:00:00,14025.173368526299,0.31108695434473177
2023-02-21 04:00:00,14061.86271260905,0.30928478284132177
2023-02-21 08:00:00,13848.293995132932,0.31977522540107906
2023-02-21 12:00:00,13840.917318435639,0.320137565935261
2023-02-21 16:00:00,13863.305442605533,0.3190378668154625
2023-02-21 20:00:00,13787.938722314353,0.3227398614684028
2023-02-22 00:00:00,13647.007538666903,0.3296623663389838
2023-02-22 04:00:00,13647.007538666903,0.3296623663389838
2023-02-22 08:00:00,13647.007538666903,0.3296623663389838
2023-02-22 12:00:00,13647.007538666903,0.3296623663389838
2023-02-22 16:00:00,13647.007538666903,0.3296623663389838
2023-02-22 20:00:00,13647.007538666903,0.3296623663389838
2023-02-23 00:00:00,13647.007538666903,0.3296623663389838
2023-02-23 04:00:00,13647.007538666903,0.3296623663389838
2023-02-23 08:00:00,13647.007538666903,0.3296623663389838
2023-02-23 12:00:00,13647.007538666903,0.3296623663389838
2023-02-23 16:00:00,13647.007538666903,0.3296623663389838
2023-02-23 20:00:00,13647.007538666903,0.3296623663389838
2023-02-24 00:00:00,13647.007538666903,0.3296623663389838
2023-02-24 04:00:00,13647.007538666903,0.3296623663389838
2023-02-24 08:00:00,13647.007538666903,0.3296623663389838
2023-02-24 12:00:00,13647.007538666903,0.3296623663389838
2023-02-24 16:00:00,13647.007538666903,0.3296623663389838
2023-02-24 20:00:00,13647.007538666903,0.3296623663389838
2023-02-25 00:00:00,13647.007538666903,0.3296623663389838
2023-02-25 04:00:00,13647.007538666903,0.3296623663389838
2023-02-25 08:00:00,13647.007538666903,0.3296623663389838
2023-02-25 12:00:00,13647.007538666903,0.3296623663389838
2023-02-25 16:00:00,13647.007538666903,0.3296623663389838
2023-02-25 20:00:00,13647.007538666903,0.3296623663389838
2023-02-26 00:00:00,13647.007538666903,0.3296623663389838
2023-02-26 04:00:00,13647.007538666903,0.3296623663389838
2023-02-26 08:00:00,13647.007538666903,0.3296623663389838
2023-02-26 12:00:00,13647.007538666903,0.3296623663389838
2023-02-26 16:00:00,13647.007538666903,0.3296623663389838
2023-02-26 20:00:00,13647.007538666903,0.3296623663389838
2023-02-27 00:00:00,13647.007538666903,0.3296623663389838
2023-02-27 04:00:00,13647.007538666903,0.3296623663389838
2023-02-27 08:00:00,13647.007538666903,0.3296623663389838
2023-02-27 12:00:00,13647.007538666903,0.3296623663389838
2023-02-27 16:00:00,13647.007538666903,0.3296623663389838
2023-02-27 20:00:00,13647.007538666903,0.3296623663389838
2023-02-28 00:00:00,13647.007538666903,0.3296623663389838
2023-02-28 04:00:00,13647.007538666903,0.3296623663389838
2023-02-28 08:00:00,13647.007538666903,0.3296623663389838
2023-02-28 12:00:00,13647.007538666903,0.3296623663389838
2023-02-28 16:00:00,13647.007538666903,0.3296623663389838
2023-02-28 20:00:00,13647.007538666903,0.3296623663389838
2023-03-01 00:00:00,13647.007538666903,0.3296623663389838
2023-03-01 04:00:00,13647.007538666903,0.3296623663389838
2023-03-01 08:00:00,13647.007538666903,0.3296623663389838
2023-03-01 12:00:00,13647.007538666903,0.3296623663389838
2023-03-01 16:00:00,13647.007538666903,0.3296623663389838
2023-03-01 20:00:00,13647.007538666903,0.3296623663389838
2023-03-02 00:00:00,13647.007538666903,0.3296623663389838
2023-03-02 04:00:00,13647.007538666903,0.3296623663389838
2023-03-02 08:00:00,13647.007538666903,0.3296623663389838
2023-03-02 12:00:00,13647.007538666903,0.3296623663389838
2023-03-02 16:00:00,13647.007538666903,0.3296623663389838
2023-03-02 20:00:00,13647.007538666903,0.3296623663389838
2023-03-03 00:00:00,13647.007538666903,0.3296623663389838
2023-03-03 04:00:00,13647.007538666903,0.3296623663389838
2023-03-03 08:00:00,13647.007538666903,0.3296623663389838
2023-03-03 12:00:00,13647.007538666903,0.3296623663389838
2023-03-03 16:00:00,13647.007538666903,0.3296623663389838
2023-03-03 20:00:00,13647.007538666903,0.3296623663389838
2023-03-04 00:00:00,13647.007538666903,0.3296623663389838
2023-03-04 04:00:00,13647.007538666903,0.3296623663389838
2023-03-04 08:00:00,13647.007538666903,0.3296623663389838
2023-03-04 12:00:00,13647.007538666903,0.3296623663389838
2023-03-04 16:00:00,13647.007538666903,0.3296623663389838
2023-03-04 20:00:00,13647.007538666903,0.3296623663389838
2023-03-05 00:00:00,13647.007538666903,0.3296623663389838
2023-03-05 04:00:00,13647.007538666903,0.3296623663389838
2023-03-05 08:00:00,13647.007538666903,0.3296623663389838
2023-03-05 12:00:00,13647.007538666903,0.3296623663389838
2023-03-05 16:00:00,13647.007538666903,0.3296623663389838
2023-03-05 20:00:00,13647.007538666903,0.3296623663389838
2023-03-06 00:00:00,13647.007538666903,0.3296623663389838
2023-03-06 04:00:00,13647.007538666903,0.3296623663389838
2023-03-06 08:00:00,13647.007538666903,0.3296623663389838
2023-03-06 12:00:00,13647.007538666903,0.3296623663389838
2023-03-06 16:00:00,13647.007538666903,0.3296623663389838
2023-03-06 20:00:00,13647.007538666903,0.3296623663389838
2023-03-07 00:00:00,13647.007538666903,0.3296623663389838
2023-03-07 04:00:00,13647.007538666903,0.3296623663389838
2023-03-07 08:00:00,13647.007538666903,0.3296623663389838
2023-03-07 12:00:00,13647.007538666903,0.3296623663389838
2023-03-07 16:00:00,13647.007538666903,0.3296623663389838
2023-03-07 20:00:00,13647.007538666903,0.3296623663389838
2023-03-08 00:00:00,13647.007538666903,0.3296623663389838
2023-03-08 04:00:00,13647.007538666903,0.3296623663389838
2023-03-08 08:00:00,13647.007538666903,0.3296623663389838
2023-03-08 12:00:00,13647.007538666903,0.3296623663389838
2023-03-08 16:00:00,13647.007538666903,0.3296623663389838
2023-03-08 20:00:00,13647.007538666903,0.3296623663389838
2023-03-09 00:00:00,13647.007538666903,0.3296623663389838
2023-03-09 04:00:00,13647.007538666903,0.3296623663389838
2023-03-09 08:00:00,13647.007538666903,0.3296623663389838
2023-03-09 12:00:00,13647.007538666903,0.3296623663389838
2023-03-09 16:00:00,13647.007538666903,0.3296623663389838
2023-03-09 20:00:00,13647.007538666903,0.3296623663389838
2023-03-10 00:00:00,13647.007538666903,0.3296623663389838
2023-03-10 04:00:00,13647.007538666903,0.3296623663389838
2023-03-10 08:00:00,13647.007538666903,0.3296623663389838
2023-03-10 12:00:00,13647.007538666903,0.3296623663389838
2023-03-10 16:00:00,13647.007538666903,0.3296623663389838
2023-03-10 20:00:00,13647.007538666903,0.3296623663389838
2023-03-11 00:00:00,13647.007538666903,0.3296623663389838
2023-03-11 04:00:00,13647.007538666903,0.3296623663389838
2023-03-11 08:00:00,13647.007538666903,0.3296623663389838
2023-03-11 12:00:00,13647.007538666903,0.3296623663389838
2023-03-11 16:00:00,13647.007538666903,0.3296623663389838
2023-03-11 20:00:00,13647.007538666903,0.3296623663389838
2023-03-12 00:00:00,13647.007538666903,0.3296623663389838
2023-03-12 04:00:00,13647.007538666903,0.3296623663389838
2023-03-12 08:00:00,13647.007538666903,0.3296623663389838
2023-03-12 12:00:00,13647.007538666903,0.3296623663389838
2023-03-12 16:00:00,13647.007538666903,0.3296623663389838
2023-03-12 20:00:00,13647.007538666903,0.3296623663389838
2023-03-13 00:00:00,13647.007538666903,0.3296623663389838
2023-03-13 04:00:00,13775.697176439013,0.3233411631729104
2023-03-13 08:00:00,13599.652210116092,0.33198844836041225
2023-03-13 12:00:00,14504.79245738976,0.28752818337047675
2023-03-13 16:00:00,14504.79245738976,0.28752818337047675
2023-03-13 20:00:00,14504.79245738976,0.28752818337047675
2023-03-14 00:00:00,14504.79245738976,0.28752818337047675
2023-03-14 04:00:00,14427.876693520173,0.2913062666607132
2023-03-14 08:00:00,14675.57352195113,0.2791394597350708
2023-03-14 12:00:00,15216.753992228296,0.2525568089377233
2023-03-14 16:00:00,15216.753992228296,0.2525568089377233
2023-03-14 20:00:00,15216.753992228296,0.2525568089377233
2023-03-15 00:00:00,15216.753992228296,0.2525568089377233
2023-03-15 04:00:00,15301.647936670692,0.24838683939176784
2023-03-15 08:00:00,15243.25303894645,0.2512551823195075
2023-03-15 12:00:00,15101.504092712521,0.25821785548599985
2023-03-15 16:00:00,15049.350185413205,0.2607796425082568
2023-03-15 20:00:00,14983.76315820845,0.26400126105655214
2023-03-16 00:00:00,14983.76315820845,0.26400126105655214
2023-03-16 04:00:00,14983.76315820845,0.26400126105655214
2023-03-16 08:00:00,14983.76315820845,0.26400126105655214
2023-03-16 12:00:00,14983.76315820845,0.26400126105655214
2023-03-16 16:00:00,14983.76315820845,0.26400126105655214
2023-03-16 20:00:00,14983.76315820845,0.26400126105655214
2023-03-17 00:00:00,14983.76315820845,0.26400126105655214
2023-03-17 04:00:00,15112.210441552628,0.2576919622800137
2023-03-17 08:00:00,15509.396069567078,0.23818230250639721
2023-03-17 12:00:00,15509.396069567078,0.23818230250639721
2023-03-17 16:00:00,15509.396069567078,0.23818230250639721
2023-03-17 20:00:00,15509.396069567078,0.23818230250639721
2023-03-18 00:00:00,15509.396069567078,0.23818230250639721
2023-03-18 04:00:00,15538.516444887991,0.23675191687580138
2023-03-18 08:00:00,15580.111640161213,0.23470877117575564
2023-03-18 12:00:00,15471.676348776838,0.24003508585873592
2023-03-18 16:00:00,15523.471091352394,0.23749094091884304
2023-03-18 20:00:00,15288.63174790357,0.24902619136345217
2023-03-19 00:00:00,15288.63174790357,0.24902619136345217
2023-03-19 04:00:00,15175.21599372087,0.25459714514678516
2023-03-19 08:00:00,15268.295391140886,0.2500251081758712
2023-03-19 12:00:00,15461.111775174184,0.24055401510013744
2023-03-19 16:00:00,15784.856156207417,0.22465177120688995
2023-03-19 20:00:00,15784.856156207417,0.22465177120688995
2023-03-20 00:00:00,15784.856156207417,0.22465177120688995
2023-03-20 04:00:00,15784.856156207417,0.22465177120688995
2023-03-20 08:00:00,15784.856156207417,0.22465177120688995
2023-03-20 12:00:00,15784.856156207417,0.22465177120688995
2023-03-20 16:00:00,15784.856156207417,0.22465177120688995
2023-03-20 20:00:00,15784.856156207417,0.22465177120688995
2023-03-21 00:00:00,15784.856156207417,0.22465177120688995
2023-03-21 04:00:00,15784.856156207417,0.22465177120688995
2023-03-21 08:00:00,15784.856156207417,0.22465177120688995
2023-03-21 12:00:00,15784.856156207417,0.22465177120688995
2023-03-21 16:00:00,15784.856156207417,0.22465177120688995
2023-03-21 20:00:00,15784.856156207417,0.22465177120688995
2023-03-22 00:00:00,15784.856156207417,0.22465177120688995
2023-03-22 04:00:00,15735.851031159751,0.22705889082403966
2023-03-22 08:00:00,15745.370823060737,0.22659128100131687
2023-03-22 12:00:00,15981.532349750434,0.21499108524305993
2023-03-22 16:00:00,15003.920403363229,0.2630111421619964
2023-03-22 20:00:00,15003.920403363229,0.2630111421619964
2023-03-23 00:00:00,15003.920403363229,0.2630111421619964
2023-03-23 04:00:00,15003.920403363229,0.2630111421619964
2023-03-23 08:00:00,15003.920403363229,0.2630111421619964
2023-03-23 12:00:00,15003.920403363229,0.2630111421619964
2023-03-23 16:00:00,15003.920403363229,0.2630111421619964
2023-03-23 20:00:00,15003.920403363229,0.2630111421619964
2023-03-24 00:00:00,15003.920403363229,0.2630111421619964
2023-03-24 04:00:00,15003.920403363229,0.2630111421619964
2023-03-24 08:00:00,15003.920403363229,0.2630111421619964
2023-03-24 12:00:00,15003.920403363229,0.2630111421619964
2023-03-24 16:00:00,15003.920403363229,0.2630111421619964
2023-03-24 20:00:00,15003.920403363229,0.2630111421619964
2023-03-25 00:00:00,15003.920403363229,0.2630111421619964
2023-03-25 04:00:00,15003.920403363229,0.2630111421619964
2023-03-25 08:00:00,15003.920403363229,0.2630111421619964
2023-03-25 12:00:00,15003.920403363229,0.2630111421619964
2023-03-25 16:00:00,15003.920403363229,0.2630111421619964
2023-03-25 20:00:00,15003.920403363229,0.2630111421619964
2023-03-26 00:00:00,15003.920403363229,0.2630111421619964
2023-03-26 04:00:00,15003.920403363229,0.2630111421619964
2023-03-26 08:00:00,15003.920403363229,0.2630111421619964
2023-03-26 12:00:00,15003.920403363229,0.2630111421619964
2023-03-26 16:00:00,15003.920403363229,0.2630111421619964
2023-03-26 20:00:00,15003.920403363229,0.2630111421619964
2023-03-27 00:00:00,15003.920403363229,0.2630111421619964
2023-03-27 04:00:00,15003.920403363229,0.2630111421619964
2023-03-27 08:00:00,15003.920403363229,0.2630111421619964
2023-03-27 12:00:00,15003.920403363229,0.2630111421619964
2023-03-27 16:00:00,15003.920403363229,0.2630111421619964
2023-03-27 20:00:00,15003.920403363229,0.2630111421619964
2023-03-28 00:00:00,15003.920403363229,0.2630111421619964
2023-03-28 04:00:00,15003.920403363229,0.2630111421619964
2023-03-28 08:00:00,15003.920403363229,0.2630111421619964
2023-03-28 12:00:00,15003.920403363229,0.2630111421619964
2023-03-28 16:00:00,15003.920403363229,0.2630111421619964
2023-03-28 20:00:00,15003.920403363229,0.2630111421619964
2023-03-29 00:00:00,15003.920403363229,0.2630111421619964
2023-03-29 04:00:00,15003.920403363229,0.2630111421619964
2023-03-29 08:00:00,15003.920403363229,0.2630111421619964
2023-03-29 12:00:00,15003.920403363229,0.2630111421619964
2023-03-29 16:00:00,15003.920403363229,0.2630111421619964
2023-03-29 20:00:00,15003.920403363229,0.2630111421619964
2023-03-30 00:00:00,15003.920403363229,0.2630111421619964
2023-03-30 04:00:00,15115.565648061174,0.25752715536648263
2023-03-30 08:00:00,15075.450067291671,0.2594976227682023
2023-03-30 12:00:00,14903.214963993056,0.2679577684266133
2023-03-30 16:00:00,14729.417018600941,0.27649468050196757
2023-03-30 20:00:00,14729.417018600941,0.27649468050196757
2023-03-31 00:00:00,14729.417018600941,0.27649468050196757
2023-03-31 04:00:00,14729.417018600941,0.27649468050196757
2023-03-31 08:00:00,14729.417018600941,0.27649468050196757
2023-03-31 12:00:00,14729.417018600941,0.27649468050196757
2023-03-31 16:00:00,14729.417018600941,0.27649468050196757
2023-03-31 20:00:00,14729.417018600941,0.27649468050196757
2023-04-01 00:00:00,14729.417018600941,0.27649468050196757
2023-04-01 04:00:00,14691.050163591985,0.2783792509270112
2023-04-01 08:00:00,14664.975048702703,0.27966005411868494
2023-04-01 12:00:00,14678.579639088679,0.27899180000506896
2023-04-01 16:00:00,14669.529249595973,0.27943635289763985
2023-04-01 20:00:00,14704.898572062079,0.2776990205294306
2023-04-02 00:00:00,14716.822906842002,0.2771133001554432
2023-04-02 04:00:00,14644.042337406596,0.2806882637182315
2023-04-02 08:00:00,14585.581553504393,0.28355984295873066
2023-04-02 12:00:00,14352.453096347434,0.29501105509200287
2023-04-02 16:00:00,14144.821107661563,0.30520988700249024
2023-04-02 20:00:00,14144.821107661563,0.30520988700249024
2023-04-03 00:00:00,14144.821107661563,0.30520988700249024
2023-04-03 04:00:00,14144.821107661563,0.30520988700249024
2023-04-03 08:00:00,14144.821107661563,0.30520988700249024
2023-04-03 12:00:00,14144.821107661563,0.30520988700249024
2023-04-03 16:00:00,14144.821107661563,0.30520988700249024
2023-04-03 20:00:00,14144.821107661563,0.30520988700249024
2023-04-04 00:00:00,14144.821107661563,0.30520988700249024
2023-04-04 04:00:00,14144.821107661563,0.30520988700249024
2023-04-04 08:00:00,14144.821107661563,0.30520988700249024
2023-04-04 12:00:00,14144.821107661563,0.30520988700249024
2023-04-04 16:00:00,14144.821107661563,0.30520988700249024
2023-04-04 20:00:00,14144.821107661563,0.30520988700249024
2023-04-05 00:00:00,14144.821107661563,0.30520988700249024
2023-04-05 04:00:00,14144.821107661563,0.30520988700249024
2023-04-05 08:00:00,14144.821107661563,0.30520988700249024
2023-04-05 12:00:00,14144.821107661563,0.30520988700249024
2023-04-05 16:00:00,14144.821107661563,0.30520988700249024
2023-04-05 20:00:00,14144.821107661563,0.30520988700249024
2023-04-06 00:00:00,14144.821107661563,0.30520988700249024
2023-04-06 04:00:00,14144.821107661563,0.30520988700249024
2023-04-06 08:00:00,14144.821107661563,0.30520988700249024
2023-04-06 12:00:00,14144.821107661563,0.30520988700249024
2023-04-06 16:00:00,14144.821107661563,0.30520988700249024
2023-04-06 20:00:00,14144.821107661563,0.30520988700249024
2023-04-07 00:00:00,14144.821107661563,0.30520988700249024
2023-04-07 04:00:00,14144.821107661563,0.30520988700249024
2023-04-07 08:00:00,14144.821107661563,0.30520988700249024
2023-04-07 12:00:00,14144.821107661563,0.30520988700249024
2023-04-07 16:00:00,14144.821107661563,0.30520988700249024
2023-04-07 20:00:00,14144.821107661563,0.30520988700249024
2023-04-08 00:00:00,14144.821107661563,0.30520988700249024
2023-04-08 04:00:00,14144.821107661563,0.30520988700249024
2023-04-08 08:00:00,14144.821107661563,0.30520988700249024
2023-04-08 12:00:00,14144.821107661563,0.30520988700249024
2023-04-08 16:00:00,14144.821107661563,0.30520988700249024
2023-04-08 20:00:00,14144.821107661563,0.30520988700249024
2023-04-09 00:00:00,14144.821107661563,0.30520988700249024
2023-04-09 04:00:00,14144.821107661563,0.30520988700249024
2023-04-09 08:00:00,14144.821107661563,0.30520988700249024
2023-04-09 12:00:00,14144.821107661563,0.30520988700249024
2023-04-09 16:00:00,14144.821107661563,0.30520988700249024
2023-04-09 20:00:00,14144.821107661563,0.30520988700249024
2023-04-10 00:00:00,14144.821107661563,0.30520988700249024
2023-04-10 04:00:00,14136.252120715531,0.3056307935210804
2023-04-10 08:00:00,14146.761926780928,0.3051145544475581
2023-04-10 12:00:00,14213.646870223489,0.3018291825748012
2023-04-10 16:00:00,14566.364102536689,0.2845037993953478
2023-04-10 20:00:00,14566.364102536689,0.2845037993953478
2023-04-11 00:00:00,14566.364102536689,0.2845037993953478
2023-04-11 04:00:00,14568.899622051029,0.2843792553041594
2023-04-11 08:00:00,14543.02411523887,0.28565025379647335
2023-04-11 12:00:00,14612.553561258765,0.2822349846114392
2023-04-11 16:00:00,14580.447735784926,0.2838120148148657
2023-04-11 20:00:00,14615.641993933872,0.2820832815625996
2023-04-12 00:00:00,14476.446278959778,0.2889205406413472
2023-04-12 04:00:00,14551.516455137484,0.28523311216188774
2023-04-12 08:00:00,14580.804772677246,0.2837944772510555
2023-04-12 12:00:00,14528.51288506762,0.28636304183201483
2023-04-12 16:00:00,14363.071623192896,0.2944894756806641
2023-04-12 20:00:00,14452.538612426513,0.29009487930605865
2023-04-13 00:00:00,14636.625821007812,0.2810525611686933
2023-04-13 04:00:00,14616.434775852113,0.2820443403109313
2023-04-13 08:00:00,14753.246602906776,0.2753241772169478
2023-04-13 12:00:00,15175.647629207531,0.25457594331847866
2023-04-13 16:00:00,15016.17564960602,0.2624091674988294
2023-04-13 20:00:00,15074.221648058865,0.25955796241697365
2023-04-14 00:00:00,15532.350457030276,0.2370547886737404
2023-04-14 04:00:00,15574.355486006054,0.234991512043629
2023-04-14 08:00:00,15625.843470929889,0.2324624349636885
2023-04-14 12:00:00,15330.59813907012,0.24696481261297
2023-04-14 16:00:00,15330.59813907012,0.24696481261297
2023-04-14 20:00:00,15330.59813907012,0.24696481261297
2023-04-15 00:00:00,15330.59813907012,0.24696481261297
2023-04-15 04:00:00,15330.59813907012,0.24696481261297
2023-04-15 08:00:00,15330.59813907012,0.24696481261297
2023-04-15 12:00:00,15330.59813907012,0.24696481261297
2023-04-15 16:00:00,15330.59813907012,0.24696481261297
2023-04-15 20:00:00,15330.59813907012,0.24696481261297
2023-04-16 00:00:00,15330.59813907012,0.24696481261297
2023-04-16 04:00:00,15330.59813907012,0.24696481261297
2023-04-16 08:00:00,15330.59813907012,0.24696481261297
2023-04-16 12:00:00,15330.59813907012,0.24696481261297
2023-04-16 16:00:00,15330.59813907012,0.24696481261297
2023-04-16 20:00:00,15330.59813907012,0.24696481261297
2023-04-17 00:00:00,15330.59813907012,0.24696481261297
2023-04-17 04:00:00,15330.59813907012,0.24696481261297
2023-04-17 08:00:00,15330.59813907012,0.24696481261297
2023-04-17 12:00:00,15330.59813907012,0.24696481261297
2023-04-17 16:00:00,15330.59813907012,0.24696481261297
2023-04-17 20:00:00,15330.59813907012,0.24696481261297
2023-04-18 00:00:00,15330.59813907012,0.24696481261297
2023-04-18 04:00:00,15330.59813907012,0.24696481261297
2023-04-18 08:00:00,15330.59813907012,0.24696481261297
2023-04-18 12:00:00,15330.59813907012,0.24696481261297
2023-04-18 16:00:00,15330.59813907012,0.24696481261297
2023-04-18 20:00:00,15330.59813907012,0.24696481261297
2023-04-19 00:00:00,15330.59813907012,0.24696481261297
2023-04-19 04:00:00,15330.59813907012,0.24696481261297
2023-04-19 08:00:00,15330.59813907012,0.24696481261297
2023-04-19 12:00:00,15330.59813907012,0.24696481261297
2023-04-19 16:00:00,15330.59813907012,0.24696481261297
2023-04-19 20:00:00,15330.59813907012,0.24696481261297
2023-04-20 00:00:00,15330.59813907012,0.24696481261297
2023-04-20 04:00:00,15330.59813907012,0.24696481261297
2023-04-20 08:00:00,15330.59813907012,0.24696481261297
2023-04-20 12:00:00,15330.59813907012,0.24696481261297
2023-04-20 16:00:00,15330.59813907012,0.24696481261297
2023-04-20 20:00:00,15330.59813907012,0.24696481261297
2023-04-21 00:00:00,15330.59813907012,0.24696481261297
2023-04-21 04:00:00,15330.59813907012,0.24696481261297
2023-04-21 08:00:00,15330.59813907012,0.24696481261297
2023-04-21 12:00:00,15330.59813907012,0.24696481261297
2023-04-21 16:00:00,15330.59813907012,0.24696481261297
2023-04-21 20:00:00,15330.59813907012,0.24696481261297
2023-04-22 00:00:00,15330.59813907012,0.24696481261297
2023-04-22 04:00:00,15330.59813907012,0.24696481261297
2023-04-22 08:00:00,15330.59813907012,0.24696481261297
2023-04-22 12:00:00,15330.59813907012,0.24696481261297
2023-04-22 16:00:00,15330.59813907012,0.24696481261297
2023-04-22 20:00:00,15330.59813907012,0.24696481261297
2023-04-23 00:00:00,15330.59813907012,0.24696481261297
2023-04-23 04:00:00,15330.59813907012,0.24696481261297
2023-04-23 08:00:00,15330.59813907012,0.24696481261297
2023-04-23 12:00:00,15330.59813907012,0.24696481261297
2023-04-23 16:00:00,15330.59813907012,0.24696481261297
2023-04-23 20:00:00,15330.59813907012,0.24696481261297
2023-04-24 00:00:00,15330.59813907012,0.24696481261297
2023-04-24 04:00:00,15330.59813907012,0.24696481261297
2023-04-24 08:00:00,15330.59813907012,0.24696481261297
2023-04-24 12:00:00,15330.59813907012,0.24696481261297
2023-04-24 16:00:00,15330.59813907012,0.24696481261297
2023-04-24 20:00:00,15330.59813907012,0.24696481261297
2023-04-25 00:00:00,15330.59813907012,0.24696481261297
2023-04-25 04:00:00,15330.59813907012,0.24696481261297
2023-04-25 08:00:00,15330.59813907012,0.24696481261297
2023-04-25 12:00:00,15330.59813907012,0.24696481261297
2023-04-25 16:00:00,15330.59813907012,0.24696481261297
2023-04-25 20:00:00,15330.59813907012,0.24696481261297
2023-04-26 00:00:00,15330.59813907012,0.24696481261297
2023-04-26 04:00:00,15330.59813907012,0.24696481261297
2023-04-26 08:00:00,15330.59813907012,0.24696481261297
2023-04-26 12:00:00,15330.59813907012,0.24696481261297
2023-04-26 16:00:00,15330.59813907012,0.24696481261297
2023-04-26 20:00:00,15330.59813907012,0.24696481261297
2023-04-27 00:00:00,15330.59813907012,0.24696481261297
2023-04-27 04:00:00,15330.59813907012,0.24696481261297
2023-04-27 08:00:00,15330.59813907012,0.24696481261297
2023-04-27 12:00:00,15330.59813907012,0.24696481261297
2023-04-27 16:00:00,15330.59813907012,0.24696481261297
2023-04-27 20:00:00,15330.59813907012,0.24696481261297
2023-04-28 00:00:00,15330.59813907012,0.24696481261297
2023-04-28 04:00:00,15374.124750063078,0.24482679625065523
2023-04-28 08:00:00,15247.384569311384,0.2510522425702342
2023-04-28 12:00:00,15203.144492342288,0.25322530420476613
2023-04-28 16:00:00,15293.95821247197,0.24876455674176362
2023-04-28 20:00:00,15285.537533569805,0.2491781784059345
2023-04-29 00:00:00,15302.551658716067,0.24834244878850423
2023-04-29 04:00:00,15324.329529457093,0.24727272516613857
2023-04-29 08:00:00,15310.888099985526,0.24793296485600916
2023-04-29 12:00:00,15249.976578688647,0.25092492371095615
2023-04-29 16:00:00,15219.424827063925,0.25242561819143383
2023-04-29 20:00:00,15209.192762554572,0.2529282146684441
2023-04-30 00:00:00,15157.600746203652,0.2554624017463428
2023-04-30 04:00:00,15245.14762247361,0.25116212084542455
2023-04-30 08:00:00,15175.715128790114,0.2545726277556834
2023-04-30 12:00:00,15633.873594722592,0.23206799726986047
2023-04-30 16:00:00,15339.808038098658,0.24651242465146606
2023-04-30 20:00:00,15211.874643298604,0.252796481349867
2023-05-01 00:00:00,14506.728795534971,0.28743307091988635
2023-05-01 04:00:00,14506.728795534971,0.28743307091988635
2023-05-01 08:00:00,14506.728795534971,0.28743307091988635
2023-05-01 12:00:00,14506.728795534971,0.28743307091988635
2023-05-01 16:00:00,14506.728795534971,0.28743307091988635
2023-05-01 20:00:00,14506.728795534971,0.28743307091988635
2023-05-02 00:00:00,14506.728795534971,0.28743307091988635
2023-05-02 04:00:00,14506.728795534971,0.28743307091988635
2023-05-02 08:00:00,14506.728795534971,0.28743307091988635
2023-05-02 12:00:00,14506.728795534971,0.28743307091988635
2023-05-02 16:00:00,14506.728795534971,0.28743307091988635
2023-05-02 20:00:00,14506.728795534971,0.28743307091988635
2023-05-03 00:00:00,14506.728795534971,0.28743307091988635
2023-05-03 04:00:00,14506.728795534971,0.28743307091988635
2023-05-03 08:00:00,14506.728795534971,0.28743307091988635
2023-05-03 12:00:00,14506.728795534971,0.28743307091988635
2023-05-03 16:00:00,14506.728795534971,0.28743307091988635
2023-05-03 20:00:00,14506.728795534971,0.28743307091988635
2023-05-04 00:00:00,14506.728795534971,0.28743307091988635
2023-05-04 04:00:00,14484.945110575665,0.28850308013521536
2023-05-04 08:00:00,14533.174783206347,0.2861340505489201
2023-05-04 12:00:00,14388.934941221853,0.29321907589836527
2023-05-04 16:00:00,14403.394252248814,0.29250883811834505
2023-05-04 20:00:00,14374.908913120062,0.29390803092830703
2023-05-05 00:00:00,14554.937475856606,0.28506507247061735
2023-05-05 04:00:00,14417.224965995387,0.2918294768812056
2023-05-05 08:00:00,14504.283445822344,0.287553185892725
2023-05-05 12:00:00,14711.362871027311,0.27738149576370047
2023-05-05 16:00:00,14916.56401788261,0.2673020662024749
2023-05-05 20:00:00,14860.50100454838,0.2700558675459484
2023-05-06 00:00:00,14708.48677949225,0.27752276866827996
2023-05-06 04:00:00,14718.214365304575,0.27704495206004603
2023-05-06 08:00:00,14621.000859236286,0.28182005542487304
2023-05-06 12:00:00,13902.383257454481,0.3171183742189891
2023-05-06 16:00:00,13902.383257454481,0.3171183742189891
2023-05-06 20:00:00,13902.383257454481,0.3171183742189891
2023-05-07 00:00:00,13902.383257454481,0.3171183742189891
2023-05-07 04:00:00,13902.383257454481,0.3171183742189891
2023-05-07 08:00:00,13902.383257454481,0.3171183742189891
2023-05-07 12:00:00,13902.383257454481,0.3171183742189891
2023-05-07 16:00:00,13902.383257454481,0.3171183742189891
2023-05-07 20:00:00,13902.383257454481,0.3171183742189891
2023-05-08 00:00:00,13902.383257454481,0.3171183742189891
2023-05-08 04:00:00,13902.383257454481,0.3171183742189891
2023-05-08 08:00:00,13902.383257454481,0.3171183742189891
2023-05-08 12:00:00,13902.383257454481,0.3171183742189891
2023-05-08 16:00:00,13902.383257454481,0.3171183742189891
2023-05-08 20:00:00,13902.383257454481,0.3171183742189891
2023-05-09 00:00:00,13902.383257454481,0.3171183742189891
2023-05-09 04:00:00,13902.383257454481,0.3171183742189891
2023-05-09 08:00:00,13902.383257454481,0.3171183742189891
2023-05-09 12:00:00,13902.383257454481,0.3171183742189891
2023-05-09 16:00:00,13902.383257454481,0.3171183742189891
2023-05-09 20:00:00,13902.383257454481,0.3171183742189891
2023-05-10 00:00:00,13902.383257454481,0.3171183742189891
2023-05-10 04:00:00,13902.383257454481,0.3171183742189891
2023-05-10 08:00:00,13902.383257454481,0.3171183742189891
2023-05-10 12:00:00,13902.383257454481,0.3171183742189891
2023-05-10 16:00:00,13902.383257454481,0.3171183742189891
2023-05-10 20:00:00,13902.383257454481,0.3171183742189891
2023-05-11 00:00:00,13902.383257454481,0.3171183742189891
2023-05-11 04:00:00,13902.383257454481,0.3171183742189891
2023-05-11 08:00:00,13902.383257454481,0.3171183742189891
2023-05-11 12:00:00,13902.383257454481,0.3171183742189891
2023-05-11 16:00:00,13902.383257454481,0.3171183742189891
2023-05-11 20:00:00,13902.383257454481,0.3171183742189891
2023-05-12 00:00:00,13902.383257454481,0.3171183742189891
2023-05-12 04:00:00,13902.383257454481,0.3171183742189891
2023-05-12 08:00:00,13902.383257454481,0.3171183742189891
2023-05-12 12:00:00,13902.383257454481,0.3171183742189891
2023-05-12 16:00:00,13902.383257454481,0.3171183742189891
2023-05-12 20:00:00,13902.383257454481,0.3171183742189891
2023-05-13 00:00:00,13902.383257454481,0.3171183742189891
2023-05-13 04:00:00,13902.383257454481,0.3171183742189891
2023-05-13 08:00:00,13902.383257454481,0.3171183742189891
2023-05-13 12:00:00,13902.383257454481,0.3171183742189891
2023-05-13 16:00:00,13902.383257454481,0.3171183742189891
2023-05-13 20:00:00,13902.383257454481,0.3171183742189891
2023-05-14 00:00:00,13902.383257454481,0.3171183742189891
2023-05-14 04:00:00,13902.383257454481,0.3171183742189891
2023-05-14 08:00:00,13902.383257454481,0.3171183742189891
2023-05-14 12:00:00,13902.383257454481,0.3171183742189891
2023-05-14 16:00:00,13902.383257454481,0.3171183742189891
2023-05-14 20:00:00,13902.383257454481,0.3171183742189891
2023-05-15 00:00:00,13902.383257454481,0.3171183742189891
2023-05-15 04:00:00,14005.301379523406,0.312063061527687
2023-05-15 08:00:00,13969.616075893648,0.3138159148124727
2023-05-15 12:00:00,13999.951234649014,0.3123258593201468
2023-05-15 16:00:00,14010.666158033067,0.31179954493468354
2023-05-15 20:00:00,13882.610299896083,0.3180896170018938
2023-05-16 00:00:00,13866.534956414831,0.3188792338962187
2023-05-16 04:00:00,13927.819438857272,0.3158689552820824
2023-05-16 08:00:00,13831.039051955677,0.3206227839406068
2023-05-16 12:00:00,13820.528420195013,0.3211390635720764
2023-05-16 16:00:00,13768.038152572379,0.32371737253019006
2023-05-16 20:00:00,13818.4266657456,0.32124230123060077
2023-05-17 00:00:00,13831.520497446225,0.3205991354572337
2023-05-17 04:00:00,13724.065619782486,0.3258772924608372
2023-05-17 08:00:00,13609.007481067614,0.33152891976602017
2023-05-17 12:00:00,13609.007481067614,0.33152891976602017
2023-05-17 16:00:00,13609.007481067614,0.33152891976602017
2023-05-17 20:00:00,13609.007481067614,0.33152891976602017
2023-05-18 00:00:00,13609.007481067614,0.33152891976602017
2023-05-18 04:00:00,13609.007481067614,0.33152891976602017
2023-05-18 08:00:00,13609.007481067614,0.33152891976602017
2023-05-18 12:00:00,13609.007481067614,0.33152891976602017
2023-05-18 16:00:00,13609.007481067614,0.33152891976602017
2023-05-18 20:00:00,13609.007481067614,0.33152891976602017
2023-05-19 00:00:00,13609.007481067614,0.33152891976602017
2023-05-19 04:00:00,13609.007481067614,0.33152891976602017
2023-05-19 08:00:00,13609.007481067614,0.33152891976602017
2023-05-19 12:00:00,13609.007481067614,0.33152891976602017
2023-05-19 16:00:00,13609.007481067614,0.33152891976602017
2023-05-19 20:00:00,13609.007481067614,0.33152891976602017
2023-05-20 00:00:00,13609.007481067614,0.33152891976602017
2023-05-20 04:00:00,13609.007481067614,0.33152891976602017
2023-05-20 08:00:00,13609.007481067614,0.33152891976602017
2023-05-20 12:00:00,13609.007481067614,0.33152891976602017
2023-05-20 16:00:00,13609.007481067614,0.33152891976602017
2023-05-20 20:00:00,13609.007481067614,0.33152891976602017
2023-05-21 00:00:00,13609.007481067614,0.33152891976602017
2023-05-21 04:00:00,13609.007481067614,0.33152891976602017
2023-05-21 08:00:00,13609.007481067614,0.33152891976602017
2023-05-21 12:00:00,13609.007481067614,0.33152891976602017
2023-05-21 16:00:00,13609.007481067614,0.33152891976602017
2023-05-21 20:00:00,13609.007481067614,0.33152891976602017
2023-05-22 00:00:00,13609.007481067614,0.33152891976602017
2023-05-22 04:00:00,13609.007481067614,0.33152891976602017
2023-05-22 08:00:00,13609.007481067614,0.33152891976602017
2023-05-22 12:00:00,13609.007481067614,0.33152891976602017
2023-05-22 16:00:00,13609.007481067614,0.33152891976602017
2023-05-22 20:00:00,13609.007481067614,0.33152891976602017
2023-05-23 00:00:00,13609.007481067614,0.33152891976602017
2023-05-23 04:00:00,13609.007481067614,0.33152891976602017
2023-05-23 08:00:00,13609.007481067614,0.33152891976602017
2023-05-23 12:00:00,13609.007481067614,0.33152891976602017
2023-05-23 16:00:00,13609.007481067614,0.33152891976602017
2023-05-23 20:00:00,13609.007481067614,0.33152891976602017
2023-05-24 00:00:00,13609.007481067614,0.33152891976602017
2023-05-24 04:00:00,13609.007481067614,0.33152891976602017
2023-05-24 08:00:00,13609.007481067614,0.33152891976602017
2023-05-24 12:00:00,13609.007481067614,0.33152891976602017
2023-05-24 16:00:00,13609.007481067614,0.33152891976602017
2023-05-24 20:00:00,13609.007481067614,0.33152891976602017
2023-05-25 00:00:00,13609.007481067614,0.33152891976602017
2023-05-25 04:00:00,13609.007481067614,0.33152891976602017
2023-05-25 08:00:00,13609.007481067614,0.33152891976602017
2023-05-25 12:00:00,13609.007481067614,0.33152891976602017
2023-05-25 16:00:00,13609.007481067614,0.33152891976602017
2023-05-25 20:00:00,13609.007481067614,0.33152891976602017
2023-05-26 00:00:00,13609.007481067614,0.33152891976602017
2023-05-26 04:00:00,13609.007481067614,0.33152891976602017
2023-05-26 08:00:00,13609.007481067614,0.33152891976602017
2023-05-26 12:00:00,13609.007481067614,0.33152891976602017
2023-05-26 16:00:00,13609.007481067614,0.33152891976602017
2023-05-26 20:00:00,13609.007481067614,0.33152891976602017
2023-05-27 00:00:00,13609.007481067614,0.33152891976602017
2023-05-27 04:00:00,13609.007481067614,0.33152891976602017
2023-05-27 08:00:00,13609.007481067614,0.33152891976602017
2023-05-27 12:00:00,13609.007481067614,0.33152891976602017
2023-05-27 16:00:00,13609.007481067614,0.33152891976602017
2023-05-27 20:00:00,13609.007481067614,0.33152891976602017
2023-05-28 00:00:00,13609.007481067614,0.33152891976602017
2023-05-28 04:00:00,13621.371453994376,0.33092160447503854
2023-05-28 08:00:00,13585.061480715029,0.33270514137845186
2023-05-28 12:00:00,13644.261435443954,0.32979725424983497
2023-05-28 16:00:00,13771.167508526769,0.3235636593399976
2023-05-28 20:00:00,14026.719990432892,0.31101098465935595
2023-05-29 00:00:00,14026.719990432892,0.31101098465935595
2023-05-29 04:00:00,13979.81087090701,0.313315149003884
2023-05-29 08:00:00,13982.805725963293,0.31316804246452734
2023-05-29 12:00:00,13841.122050317397,0.3201275095558852
2023-05-29 16:00:00,13844.831660470429,0.31994529442302605
2023-05-29 20:00:00,13894.055494992608,0.31752743185060295
2023-05-30 00:00:00,13940.464481192186,0.31524783393131645
2023-05-30 04:00:00,13892.454349243144,0.3176060797336499
2023-05-30 08:00:00,14036.537752038266,0.31052873863847935
2023-05-30 12:00:00,13862.373168512762,0.31908365988822956
2023-05-30 16:00:00,13950.926173423857,0.314733958197402
2023-05-30 20:00:00,13873.020922855185,0.31856064482947183
2023-05-31 00:00:00,13854.464982079267,0.3194721080491439
2023-05-31 04:00:00,13599.63344215828,0.33198937023785624
2023-05-31 08:00:00,13599.63344215828,0.33198937023785624
2023-05-31 12:00:00,13599.63344215828,0.33198937023785624
2023-05-31 16:00:00,13599.63344215828,0.33198937023785624
2023-05-31 20:00:00,13599.63344215828,0.33198937023785624
2023-06-01 00:00:00,13599.63344215828,0.33198937023785624
2023-06-01 04:00:00,13599.63344215828,0.33198937023785624
2023-06-01 08:00:00,13599.63344215828,0.33198937023785624
2023-06-01 12:00:00,13599.63344215828,0.33198937023785624
2023-06-01 16:00:00,13599.63344215828,0.33198937023785624
2023-06-01 20:00:00,13599.63344215828,0.33198937023785624
2023-06-02 00:00:00,13599.63344215828,0.33198937023785624
2023-06-02 04:00:00,13599.63344215828,0.33198937023785624
2023-06-02 08:00:00,13599.63344215828,0.33198937023785624
2023-06-02 12:00:00,13599.63344215828,0.33198937023785624
2023-06-02 16:00:00,13599.63344215828,0.33198937023785624
2023-06-02 20:00:00,13599.63344215828,0.33198937023785624
2023-06-03 00:00:00,13599.63344215828,0.33198937023785624
2023-06-03 04:00:00,13599.63344215828,0.33198937023785624
2023-06-03 08:00:00,13599.63344215828,0.33198937023785624
2023-06-03 12:00:00,13599.63344215828,0.33198937023785624
2023-06-03 16:00:00,13599.63344215828,0.33198937023785624
2023-06-03 20:00:00,13599.63344215828,0.33198937023785624
2023-06-04 00:00:00,13599.63344215828,0.33198937023785624
2023-06-04 04:00:00,13599.63344215828,0.33198937023785624
2023-06-04 08:00:00,13599.63344215828,0.33198937023785624
2023-06-04 12:00:00,13599.63344215828,0.33198937023785624
2023-06-04 16:00:00,13599.63344215828,0.33198937023785624
2023-06-04 20:00:00,13599.63344215828,0.33198937023785624
2023-06-05 00:00:00,13599.63344215828,0.33198937023785624
2023-06-05 04:00:00,13599.63344215828,0.33198937023785624
2023-06-05 08:00:00,13599.63344215828,0.33198937023785624
2023-06-05 12:00:00,13599.63344215828,0.33198937023785624
2023-06-05 16:00:00,13599.63344215828,0.33198937023785624
2023-06-05 20:00:00,13599.63344215828,0.33198937023785624
2023-06-06 00:00:00,13599.63344215828,0.33198937023785624
2023-06-06 04:00:00,13599.63344215828,0.33198937023785624
2023-06-06 08:00:00,13599.63344215828,0.33198937023785624
2023-06-06 12:00:00,13599.63344215828,0.33198937023785624
2023-06-06 16:00:00,13599.63344215828,0.33198937023785624
2023-06-06 20:00:00,13599.63344215828,0.33198937023785624
2023-06-07 00:00:00,13599.63344215828,0.33198937023785624
2023-06-07 04:00:00,13599.63344215828,0.33198937023785624
2023-06-07 08:00:00,13599.63344215828,0.33198937023785624
2023-06-07 12:00:00,13599.63344215828,0.33198937023785624
2023-06-07 16:00:00,13599.63344215828,0.33198937023785624
2023-06-07 20:00:00,13599.63344215828,0.33198937023785624
2023-06-08 00:00:00,13599.63344215828,0.33198937023785624
2023-06-08 04:00:00,13599.63344215828,0.33198937023785624
2023-06-08 08:00:00,13599.63344215828,0.33198937023785624
2023-06-08 12:00:00,13599.63344215828,0.33198937023785624
2023-06-08 16:00:00,13599.63344215828,0.33198937023785624
2023-06-08 20:00:00,13599.63344215828,0.33198937023785624
2023-06-09 00:00:00,13599.63344215828,0.33198937023785624
2023-06-09 04:00:00,13599.63344215828,0.33198937023785624
2023-06-09 08:00:00,13599.63344215828,0.33198937023785624
2023-06-09 12:00:00,13599.63344215828,0.33198937023785624
2023-06-09 16:00:00,13599.63344215828,0.33198937023785624
2023-06-09 20:00:00,13599.63344215828,0.33198937023785624
2023-06-10 00:00:00,13599.63344215828,0.33198937023785624
2023-06-10 04:00:00,13599.63344215828,0.33198937023785624
2023-06-10 08:00:00,13599.63344215828,0.33198937023785624
2023-06-10 12:00:00,13599.63344215828,0.33198937023785624
2023-06-10 16:00:00,13599.63344215828,0.33198937023785624
2023-06-10 20:00:00,13599.63344215828,0.33198937023785624
2023-06-11 00:00:00,13599.63344215828,0.33198937023785624
2023-06-11 04:00:00,13599.63344215828,0.33198937023785624
2023-06-11 08:00:00,13599.63344215828,0.33198937023785624
2023-06-11 12:00:00,13599.63344215828,0.33198937023785624
2023-06-11 16:00:00,13599.63344215828,0.33198937023785624
2023-06-11 20:00:00,13599.63344215828,0.33198937023785624
2023-06-12 00:00:00,13599.63344215828,0.33198937023785624
2023-06-12 04:00:00,13599.63344215828,0.33198937023785624
2023-06-12 08:00:00,13599.63344215828,0.33198937023785624
2023-06-12 12:00:00,13599.63344215828,0.33198937023785624
2023-06-12 16:00:00,13599.63344215828,0.33198937023785624
2023-06-12 20:00:00,13599.63344215828,0.33198937023785624
2023-06-13 00:00:00,13599.63344215828,0.33198937023785624
2023-06-13 04:00:00,13599.63344215828,0.33198937023785624
2023-06-13 08:00:00,13599.63344215828,0.33198937023785624
2023-06-13 12:00:00,13599.63344215828,0.33198937023785624
2023-06-13 16:00:00,13599.63344215828,0.33198937023785624
2023-06-13 20:00:00,13599.63344215828,0.33198937023785624
2023-06-14 00:00:00,13599.63344215828,0.33198937023785624
2023-06-14 04:00:00,13599.63344215828,0.33198937023785624
2023-06-14 08:00:00,13599.63344215828,0.33198937023785624
2023-06-14 12:00:00,13599.63344215828,0.33198937023785624
2023-06-14 16:00:00,13599.63344215828,0.33198937023785624
2023-06-14 20:00:00,13599.63344215828,0.33198937023785624
2023-06-15 00:00:00,13599.63344215828,0.33198937023785624
2023-06-15 04:00:00,13599.63344215828,0.33198937023785624
2023-06-15 08:00:00,13599.63344215828,0.33198937023785624
2023-06-15 12:00:00,13599.63344215828,0.33198937023785624
2023-06-15 16:00:00,13599.63344215828,0.33198937023785624
2023-06-15 20:00:00,13599.63344215828,0.33198937023785624
2023-06-16 00:00:00,13599.63344215828,0.33198937023785624
2023-06-16 04:00:00,13599.63344215828,0.33198937023785624
2023-06-16 08:00:00,13599.63344215828,0.33198937023785624
2023-06-16 12:00:00,13599.63344215828,0.33198937023785624
2023-06-16 16:00:00,13599.63344215828,0.33198937023785624
2023-06-16 20:00:00,13599.63344215828,0.33198937023785624
2023-06-17 00:00:00,13599.63344215828,0.33198937023785624
2023-06-17 04:00:00,13745.626445568887,0.32481823003293986
2023-06-17 08:00:00,13702.716073873167,0.32692597687344854
2023-06-17 12:00:00,13654.240768432877,0.32930707188257563
2023-06-17 16:00:00,13686.476002356787,0.3277236851681008
2023-06-17 20:00:00,13707.316114805972,0.3267000240010036
2023-06-18 00:00:00,13723.041107650657,0.32592761624326066
2023-06-18 04:00:00,13782.989408624462,0.32298297053225633
2023-06-18 08:00:00,13697.998515944775,0.3271577021516399
2023-06-18 12:00:00,13760.078461105577,0.3241083506055967
2023-06-18 16:00:00,13847.978711978683,0.31979071203160614
2023-06-18 20:00:00,13537.936318958848,0.3350199176638775
2023-06-19 00:00:00,13601.31512430252,0.3319067664270247
2023-06-19 04:00:00,13625.95381550627,0.33069652001137434
2023-06-19 08:00:00,13645.662292140816,0.3297284445154949
2023-06-19 12:00:00,13641.920480633906,0.3299122413708891
2023-06-19 16:00:00,13880.190416069001,0.31820848109673544
2023-06-19 20:00:00,14042.251114002891,0.31024809971241707
2023-06-20 00:00:00,14079.87106901132,0.3084002168305961
2023-06-20 04:00:00,14013.23223381514,0.31167349992718457
2023-06-20 08:00:00,14088.77178241574,0.3079630159904479
2023-06-20 12:00:00,14238.593962747927,0.3006037875625853
2023-06-20 16:00:00,14677.05178775698,0.27906684768445034
2023-06-20 20:00:00,14677.05178775698,0.27906684768445034
2023-06-21 00:00:00,14677.05178775698,0.27906684768445034
2023-06-21 04:00:00,14762.325079344035,0.27487824470060995
2023-06-21 08:00:00,14791.180081156099,0.2734608941511083
2023-06-21 12:00:00,15230.409561359553,0.2518860507607526
2023-06-21 16:00:00,15230.409561359553,0.2518860507607526
2023-06-21 20:00:00,15230.409561359553,0.2518860507607526
2023-06-22 00:00:00,15230.409561359553,0.2518860507607526
2023-06-22 04:00:00,15129.870084100789,0.2568245250075206
2023-06-22 08:00:00,15043.49061953578,0.261067462934341
2023-06-22 12:00:00,14987.479031961748,0.2638187382571977
2023-06-22 16:00:00,14987.479031961748,0.2638187382571977
2023-06-22 20:00:00,14987.479031961748,0.2638187382571977
2023-06-23 00:00:00,14987.479031961748,0.2638187382571977
2023-06-23 04:00:00,14952.567864134477,0.26553356618290735
2023-06-23 08:00:00,15057.002526135284,0.2604037614253841
2023-06-23 12:00:00,15580.868105754087,0.23467161377300366
2023-06-23 16:00:00,15580.868105754087,0.23467161377300366
2023-06-23 20:00:00,15580.868105754087,0.23467161377300366
2023-06-24 00:00:00,15580.868105754087,0.23467161377300366
2023-06-24 04:00:00,15513.730273198815,0.23796940749640533
2023-06-24 08:00:00,15572.124441684216,0.23510110038869705
2023-06-24 12:00:00,15429.284690633838,0.24211735361787878
2023-06-24 16:00:00,15543.842897422706,0.23649028284520443
2023-06-24 20:00:00,15493.632203523279,0.23895661970606233
2023-06-25 00:00:00,15604.140823930358,0.23352846361448437
2023-06-25 04:00:00,15602.756031943178,0.23359648425425972
2023-06-25 08:00:00,15594.994062106258,0.23397775029212822
2023-06-25 12:00:00,15464.112153119495,0.24040663727783831
2023-06-25 16:00:00,15308.721037333407,0.2480394104372914
2023-06-25 20:00:00,15341.587994172569,0.24642499364952475
2023-06-26 00:00:00,15175.277407104622,0.2545941285365706
2023-06-26 04:00:00,15283.19255573556,0.2492933631369417
2023-06-26 08:00:00,15201.780295954224,0.25329231319380874
2023-06-26 12:00:00,15298.495153757036,0.24854170330840294
2023-06-26 16:00:00,15090.655703246226,0.25875072569239965
2023-06-26 20:00:00,15090.655703246226,0.25875072569239965
2023-06-27 00:00:00,15090.655703246226,0.25875072569239965
2023-06-27 04:00:00,15090.655703246226,0.25875072569239965
2023-06-27 08:00:00,15090.655703246226,0.25875072569239965
2023-06-27 12:00:00,15090.655703246226,0.25875072569239965
2023-06-27 16:00:00,15090.655703246226,0.25875072569239965
2023-06-27 20:00:00,15090.655703246226,0.25875072569239965
2023-06-28 00:00:00,15090.655703246226,0.25875072569239965
2023-06-28 04:00:00,15090.655703246226,0.25875072569239965
2023-06-28 08:00:00,15090.655703246226,0.25875072569239965
2023-06-28 12:00:00,15090.655703246226,0.25875072569239965
2023-06-28 16:00:00,15090.655703246226,0.25875072569239965
2023-06-28 20:00:00,15090.655703246226,0.25875072569239965
2023-06-29 00:00:00,15090.655703246226,0.25875072569239965
2023-06-29 04:00:00,15090.655703246226,0.25875072569239965
2023-06-29 08:00:00,15090.655703246226,0.25875072569239965
2023-06-29 12:00:00,15090.655703246226,0.25875072569239965
2023-06-29 16:00:00,15090.655703246226,0.25875072569239965
2023-06-29 20:00:00,15090.655703246226,0.25875072569239965
2023-06-30 00:00:00,15090.655703246226,0.25875072569239965
2023-06-30 04:00:00,15090.655703246226,0.25875072569239965
2023-06-30 08:00:00,15090.655703246226,0.25875072569239965
2023-06-30 12:00:00,15090.655703246226,0.25875072569239965
2023-06-30 16:00:00,15090.655703246226,0.25875072569239965
2023-06-30 20:00:00,15090.655703246226,0.25875072569239965
2023-07-01 00:00:00,15090.655703246226,0.25875072569239965
2023-07-01 04:00:00,15090.655703246226,0.25875072569239965
2023-07-01 08:00:00,15090.655703246226,0.25875072569239965
2023-07-01 12:00:00,15090.655703246226,0.25875072569239965
2023-07-01 16:00:00,15090.655703246226,0.25875072569239965
2023-07-01 20:00:00,15090.655703246226,0.25875072569239965
2023-07-02 00:00:00,15090.655703246226,0.25875072569239965
2023-07-02 04:00:00,15090.655703246226,0.25875072569239965
2023-07-02 08:00:00,15090.655703246226,0.25875072569239965
2023-07-02 12:00:00,15090.655703246226,0.25875072569239965
2023-07-02 16:00:00,15090.655703246226,0.25875072569239965
2023-07-02 20:00:00,15090.655703246226,0.25875072569239965
2023-07-03 00:00:00,15090.655703246226,0.25875072569239965
2023-07-03 04:00:00,15023.322066228282,0.26205813728256044
2023-07-03 08:00:00,15002.33156083119,0.2630891857140476
2023-07-03 12:00:00,15224.036264844202,0.2521991055086609
2023-07-03 16:00:00,15317.6318883468,0.24760171164029884
2023-07-03 20:00:00,15267.80503534141,0.25004919433141426
2023-07-04 00:00:00,15287.544276252098,0.2490796077019026
2023-07-04 04:00:00,15000.160310655048,0.2631958369854737
2023-07-04 08:00:00,15156.72819786154,0.2555052611050154
2023-07-04 12:00:00,15053.095837359526,0.260595657011429
2023-07-04 16:00:00,14773.315959335472,0.27433837539487116
2023-07-04 20:00:00,14808.144140624132,0.27262762374740507
2023-07-05 00:00:00,14859.237325838572,0.2701179391315059
2023-07-05 04:00:00,14812.00028309541,0.27243821098332965
2023-07-05 08:00:00,14627.01983861815,0.28152440464689404
2023-07-05 12:00:00,14591.248005619107,0.2832815082328892
2023-07-05 16:00:00,14591.248005619107,0.2832815082328892
2023-07-05 20:00:00,14591.248005619107,0.2832815082328892
2023-07-06 00:00:00,14591.248005619107,0.2832815082328892
2023-07-06 04:00:00,14591.248005619107,0.2832815082328892
2023-07-06 08:00:00,14591.248005619107,0.2832815082328892
2023-07-06 12:00:00,14591.248005619107,0.2832815082328892
2023-07-06 16:00:00,14591.248005619107,0.2832815082328892
2023-07-06 20:00:00,14591.248005619107,0.2832815082328892
2023-07-07 00:00:00,14591.248005619107,0.2832815082328892
2023-07-07 04:00:00,14591.248005619107,0.2832815082328892
2023-07-07 08:00:00,14591.248005619107,0.2832815082328892
2023-07-07 12:00:00,14591.248005619107,0.2832815082328892
2023-07-07 16:00:00,14591.248005619107,0.2832815082328892
2023-07-07 20:00:00,14591.248005619107,0.2832815082328892
2023-07-08 00:00:00,14591.248005619107,0.2832815082328892
2023-07-08 04:00:00,14591.248005619107,0.2832815082328892
2023-07-08 08:00:00,14591.248005619107,0.2832815082328892
2023-07-08 12:00:00,14591.248005619107,0.2832815082328892
2023-07-08 16:00:00,14591.248005619107,0.2832815082328892
2023-07-08 20:00:00,14591.248005619107,0.2832815082328892
2023-07-09 00:00:00,14591.248005619107,0.2832815082328892
2023-07-09 04:00:00,14591.248005619107,0.2832815082328892
2023-07-09 08:00:00,14591.248005619107,0.2832815082328892
2023-07-09 12:00:00,14591.248005619107,0.2832815082328892
2023-07-09 16:00:00,14591.248005619107,0.2832815082328892
2023-07-09 20:00:00,14591.248005619107,0.2832815082328892
2023-07-10 00:00:00,14591.248005619107,0.2832815082328892
2023-07-10 04:00:00,14591.248005619107,0.2832815082328892
2023-07-10 08:00:00,14591.248005619107,0.2832815082328892
2023-07-10 12:00:00,14591.248005619107,0.2832815082328892
2023-07-10 16:00:00,14591.248005619107,0.2832815082328892
2023-07-10 20:00:00,14591.248005619107,0.2832815082328892
2023-07-11 00:00:00,14591.248005619107,0.2832815082328892
2023-07-11 04:00:00,14591.248005619107,0.2832815082328892
2023-07-11 08:00:00,14591.248005619107,0.2832815082328892
2023-07-11 12:00:00,14591.248005619107,0.2832815082328892
2023-07-11 16:00:00,14591.248005619107,0.2832815082328892
2023-07-11 20:00:00,14591.248005619107,0.2832815082328892
2023-07-12 00:00:00,14591.248005619107,0.2832815082328892
2023-07-12 04:00:00,14660.324475101872,0.27988848914328024
2023-07-12 08:00:00,14678.44398576368,0.2789984632628286
2023-07-12 12:00:00,14552.627987148371,0.285178513984536
2023-07-12 16:00:00,14434.043173683698,0.2910033706808346
2023-07-12 20:00:00,14480.301694900516,0.2887311635642722
2023-07-13 00:00:00,14439.301115825681,0.29074510186377733
2023-07-13 04:00:00,14473.299546921451,0.2890751073404833
2023-07-13 08:00:00,14562.277689827903,0.2847045229765145
2023-07-13 12:00:00,14749.017350437047,0.2755319170518296
2023-07-13 16:00:00,15076.482236664353,0.2594469228640028
2023-07-13 20:00:00,15076.482236664353,0.2594469228640028
2023-07-14 00:00:00,15076.482236664353,0.2594469228640028
2023-07-14 04:00:00,14874.903886428492,0.26934840155165934
2023-07-14 08:00:00,14930.32229173912,0.26662626319481175
2023-07-14 12:00:00,14945.761228067957,0.26586790646234915
2023-07-14 16:00:00,14372.287995881135,0.29403676973459736
2023-07-14 20:00:00,14372.287995881135,0.29403676973459736
2023-07-15 00:00:00,14372.287995881135,0.29403676973459736
2023-07-15 04:00:00,14372.287995881135,0.29403676973459736
2023-07-15 08:00:00,14372.287995881135,0.29403676973459736
2023-07-15 12:00:00,14372.287995881135,0.29403676973459736
2023-07-15 16:00:00,14372.287995881135,0.29403676973459736
2023-07-15 20:00:00,14372.287995881135,0.29403676973459736
2023-07-16 00:00:00,14372.287995881135,0.29403676973459736
2023-07-16 04:00:00,14372.287995881135,0.29403676973459736
2023-07-16 08:00:00,14372.287995881135,0.29403676973459736
2023-07-16 12:00:00,14372.287995881135,0.29403676973459736
2023-07-16 16:00:00,14372.287995881135,0.29403676973459736
2023-07-16 20:00:00,14372.287995881135,0.29403676973459736
2023-07-17 00:00:00,14372.287995881135,0.29403676973459736
2023-07-17 04:00:00,14372.287995881135,0.29403676973459736
2023-07-17 08:00:00,14372.287995881135,0.29403676973459736
2023-07-17 12:00:00,14372.287995881135,0.29403676973459736
2023-07-17 16:00:00,14372.287995881135,0.29403676973459736
2023-07-17 20:00:00,14372.287995881135,0.29403676973459736
2023-07-18 00:00:00,14372.287995881135,0.29403676973459736
2023-07-18 04:00:00,14372.287995881135,0.29403676973459736
2023-07-18 08:00:00,14372.287995881135,0.29403676973459736
2023-07-18 12:00:00,14372.287995881135,0.29403676973459736
2023-07-18 16:00:00,14372.287995881135,0.29403676973459736
2023-07-18 20:00:00,14372.287995881135,0.29403676973459736
2023-07-19 00:00:00,14372.287995881135,0.29403676973459736
2023-07-19 04:00:00,14372.287995881135,0.29403676973459736
2023-07-19 08:00:00,14372.287995881135,0.29403676973459736
2023-07-19 12:00:00,14372.287995881135,0.29403676973459736
2023-07-19 16:00:00,14372.287995881135,0.29403676973459736
2023-07-19 20:00:00,14372.287995881135,0.29403676973459736
2023-07-20 00:00:00,14372.287995881135,0.29403676973459736
2023-07-20 04:00:00,14372.287995881135,0.29403676973459736
2023-07-20 08:00:00,14372.287995881135,0.29403676973459736
2023-07-20 12:00:00,14372.287995881135,0.29403676973459736
2023-07-20 16:00:00,14372.287995881135,0.29403676973459736
2023-07-20 20:00:00,14372.287995881135,0.29403676973459736
2023-07-21 00:00:00,14372.287995881135,0.29403676973459736
2023-07-21 04:00:00,14372.287995881135,0.29403676973459736
2023-07-21 08:00:00,14372.287995881135,0.29403676973459736
2023-07-21 12:00:00,14372.287995881135,0.29403676973459736
2023-07-21 16:00:00,14372.287995881135,0.29403676973459736
2023-07-21 20:00:00,14372.287995881135,0.29403676973459736
2023-07-22 00:00:00,14372.287995881135,0.29403676973459736
2023-07-22 04:00:00,14372.287995881135,0.29403676973459736
2023-07-22 08:00:00,14372.287995881135,0.29403676973459736
2023-07-22 12:00:00,14372.287995881135,0.29403676973459736
2023-07-22 16:00:00,14372.287995881135,0.29403676973459736
2023-07-22 20:00:00,14372.287995881135,0.29403676973459736
2023-07-23 00:00:00,14372.287995881135,0.29403676973459736
2023-07-23 04:00:00,14372.287995881135,0.29403676973459736
2023-07-23 08:00:00,14372.287995881135,0.29403676973459736
2023-07-23 12:00:00,14372.287995881135,0.29403676973459736
2023-07-23 16:00:00,14372.287995881135,0.29403676973459736
2023-07-23 20:00:00,14372.287995881135,0.29403676973459736
2023-07-24 00:00:00,14372.287995881135,0.29403676973459736
2023-07-24 04:00:00,14372.287995881135,0.29403676973459736
2023-07-24 08:00:00,14372.287995881135,0.29403676973459736
2023-07-24 12:00:00,14372.287995881135,0.29403676973459736
2023-07-24 16:00:00,14372.287995881135,0.29403676973459736
2023-07-24 20:00:00,14372.287995881135,0.29403676973459736
2023-07-25 00:00:00,14372.287995881135,0.29403676973459736
2023-07-25 04:00:00,14372.287995881135,0.29403676973459736
2023-07-25 08:00:00,14372.287995881135,0.29403676973459736
2023-07-25 12:00:00,14372.287995881135,0.29403676973459736
2023-07-25 16:00:00,14372.287995881135,0.29403676973459736
2023-07-25 20:00:00,14372.287995881135,0.29403676973459736
2023-07-26 00:00:00,14372.287995881135,0.29403676973459736
2023-07-26 04:00:00,14372.287995881135,0.29403676973459736
2023-07-26 08:00:00,14372.287995881135,0.29403676973459736
2023-07-26 12:00:00,14372.287995881135,0.29403676973459736
2023-07-26 16:00:00,14372.287995881135,0.29403676973459736
2023-07-26 20:00:00,14372.287995881135,0.29403676973459736
2023-07-27 00:00:00,14372.287995881135,0.29403676973459736
2023-07-27 04:00:00,14372.287995881135,0.29403676973459736
2023-07-27 08:00:00,14372.287995881135,0.29403676973459736
2023-07-27 12:00:00,14372.287995881135,0.29403676973459736
2023-07-27 16:00:00,14372.287995881135,0.29403676973459736
2023-07-27 20:00:00,14372.287995881135,0.29403676973459736
2023-07-28 00:00:00,14372.287995881135,0.29403676973459736
2023-07-28 04:00:00,14372.287995881135,0.29403676973459736
2023-07-28 08:00:00,14372.287995881135,0.29403676973459736
2023-07-28 12:00:00,14372.287995881135,0.29403676973459736
2023-07-28 16:00:00,14372.287995881135,0.29403676973459736
2023-07-28 20:00:00,14372.287995881135,0.29403676973459736
2023-07-29 00:00:00,14372.287995881135,0.29403676973459736
2023-07-29 04:00:00,14372.287995881135,0.29403676973459736
2023-07-29 08:00:00,14372.287995881135,0.29403676973459736
2023-07-29 12:00:00,14372.287995881135,0.29403676973459736
2023-07-29 16:00:00,14372.287995881135,0.29403676973459736
2023-07-29 20:00:00,14372.287995881135,0.29403676973459736
2023-07-30 00:00:00,14372.287995881135,0.29403676973459736
2023-07-30 04:00:00,14372.287995881135,0.29403676973459736
2023-07-30 08:00:00,14372.287995881135,0.29403676973459736
2023-07-30 12:00:00,14372.287995881135,0.29403676973459736
2023-07-30 16:00:00,14372.287995881135,0.29403676973459736
2023-07-30 20:00:00,14372.287995881135,0.29403676973459736
2023-07-31 00:00:00,14372.287995881135,0.29403676973459736
2023-07-31 04:00:00,14358.204479967395,0.294728548551638
2023-07-31 08:00:00,14374.389070980083,0.29393356544559973
2023-07-31 12:00:00,14295.378834507777,0.29781452871185266
2023-07-31 16:00:00,14250.123640092772,0.3000374526641602
2023-07-31 20:00:00,14287.502578216185,0.29820140847209714
2023-08-01 00:00:00,14081.512467237995,0.30831959175582807
2023-08-01 04:00:00,14081.512467237995,0.30831959175582807
2023-08-01 08:00:00,14081.512467237995,0.30831959175582807
2023-08-01 12:00:00,14081.512467237995,0.30831959175582807
2023-08-01 16:00:00,14081.512467237995,0.30831959175582807
2023-08-01 20:00:00,14081.512467237995,0.30831959175582807
2023-08-02 00:00:00,14081.512467237995,0.30831959175582807
2023-08-02 04:00:00,14081.512467237995,0.30831959175582807
2023-08-02 08:00:00,14081.512467237995,0.30831959175582807
2023-08-02 12:00:00,14081.512467237995,0.30831959175582807
2023-08-02 16:00:00,14081.512467237995,0.30831959175582807
2023-08-02 20:00:00,14081.512467237995,0.30831959175582807
2023-08-03 00:00:00,14081.512467237995,0.30831959175582807
2023-08-03 04:00:00,14081.512467237995,0.30831959175582807
2023-08-03 08:00:00,14081.512467237995,0.30831959175582807
2023-08-03 12:00:00,14081.512467237995,0.30831959175582807
2023-08-03 16:00:00,14081.512467237995,0.30831959175582807
2023-08-03 20:00:00,14081.512467237995,0.30831959175582807
2023-08-04 00:00:00,14081.512467237995,0.30831959175582807
2023-08-04 04:00:00,14081.512467237995,0.30831959175582807
2023-08-04 08:00:00,14081.512467237995,0.30831959175582807
2023-08-04 12:00:00,14081.512467237995,0.30831959175582807
2023-08-04 16:00:00,14081.512467237995,0.30831959175582807
2023-08-04 20:00:00,14081.512467237995,0.30831959175582807
2023-08-05 00:00:00,14081.512467237995,0.30831959175582807
2023-08-05 04:00:00,14081.512467237995,0.30831959175582807
2023-08-05 08:00:00,14081.512467237995,0.30831959175582807
2023-08-05 12:00:00,14081.512467237995,0.30831959175582807
2023-08-05 16:00:00,14081.512467237995,0.30831959175582807
2023-08-05 20:00:00,14081.512467237995,0.30831959175582807
2023-08-06 00:00:00,14081.512467237995,0.30831959175582807
2023-08-06 04:00:00,14081.512467237995,0.30831959175582807
2023-08-06 08:00:00,14081.512467237995,0.30831959175582807
2023-08-06 12:00:00,14081.512467237995,0.30831959175582807
2023-08-06 16:00:00,14081.512467237995,0.30831959175582807
2023-08-06 20:00:00,14081.512467237995,0.30831959175582807
2023-08-07 00:00:00,14081.512467237995,0.30831959175582807
2023-08-07 04:00:00,14081.512467237995,0.30831959175582807
2023-08-07 08:00:00,14081.512467237995,0.30831959175582807
2023-08-07 12:00:00,14081.512467237995,0.30831959175582807
2023-08-07 16:00:00,14081.512467237995,0.30831959175582807
2023-08-07 20:00:00,14081.512467237995,0.30831959175582807
2023-08-08 00:00:00,14081.512467237995,0.30831959175582807
2023-08-08 04:00:00,14074.440797630843,0.3086669504172093
2023-08-08 08:00:00,14199.941093124495,0.3025024069547243
2023-08-08 12:00:00,14248.316275258374,0.30012622997763494
2023-08-08 16:00:00,14412.024855981355,0.29208490499844714
2023-08-08 20:00:00,14412.024855981355,0.29208490499844714
2023-08-09 00:00:00,14412.024855981355,0.29208490499844714
2023-08-09 04:00:00,14470.127610937945,0.2892309120511705
2023-08-09 08:00:00,14505.282400069214,0.287504117507287
2023-08-09 12:00:00,14441.966484598994,0.29061417960911645
2023-08-09 16:00:00,14269.221695587157,0.2990993609036508
2023-08-09 20:00:00,14352.100172423874,0.29502839062780517
2023-08-10 00:00:00,14352.414293071624,0.29501296109930963
2023-08-10 04:00:00,14317.093546134276,0.2967479074495653
2023-08-10 08:00:00,14313.09247131589,0.29694443925467046
2023-08-10 12:00:00,14294.081425411126,0.2978782571256661
2023-08-10 16:00:00,14283.335187437508,0.2984061096760207
2023-08-10 20:00:00,14288.943636220412,0.29813062405948615
2023-08-11 00:00:00,14267.062278351003,0.29920543094399255
2023-08-11 04:00:00,14269.695482522817,0.2990760886065989
2023-08-11 08:00:00,14284.02840177189,0.2983720591594358
2023-08-11 12:00:00,14258.98666341982,0.29960210315128694
2023-08-11 16:00:00,14259.414446758265,0.29958109053954773
2023-08-11 20:00:00,14274.041883472997,0.29886259446734303
2023-08-12 00:00:00,14262.054500616148,0.29945141174726914
2023-08-12 04:00:00,14271.756661834028,0.2989748439888236
2023-08-12 08:00:00,14275.92871801556,0.29876991362146615
2023-08-12 12:00:00,14280.40058506085,0.29855025661866225
2023-08-12 16:00:00,14269.06745160688,0.29910693732979793
2023-08-12 20:00:00,14276.063887339527,0.29876327413771747
2023-08-13 00:00:00,14270.250272747404,0.2990488374480373
2023-08-13 04:00:00,14259.141513009332,0.29959449697776414
2023-08-13 08:00:00,14252.64246784257,0.29991372846831615
2023-08-13 12:00:00,14248.04315883601,0.3001396453887251
2023-08-13 16:00:00,14282.388078212314,0.2984526314468218
2023-08-13 20:00:00,14212.844222148622,0.30186860844964186
2023-08-14 00:00:00,14260.86830212514,0.29950967752364993
2023-08-14 04:00:00,14271.90771014793,0.29896742453301817
2023-08-14 08:00:00,14265.887040772664,0.299263158323055
2023-08-14 12:00:00,14360.875138139407,0.29459736648302176
2023-08-14 16:00:00,14241.139941049292,0.3004787297383661
2023-08-14 20:00:00,14276.322716201767,0.2987505605280455
2023-08-15 00:00:00,14261.850798809344,0.299461417529618
2023-08-15 04:00:00,14265.253265321513,0.2992942892164024
2023-08-15 08:00:00,14243.820676500578,0.3003470526762853
2023-08-15 12:00:00,14227.13762168499,0.3011665202009886
2023-08-15 16:00:00,14143.332096052487,0.3052830268843063
2023-08-15 20:00:00,14143.332096052487,0.3052830268843063
2023-08-16 00:00:00,14143.332096052487,0.3052830268843063
2023-08-16 04:00:00,14143.332096052487,0.3052830268843063
2023-08-16 08:00:00,14143.332096052487,0.3052830268843063
2023-08-16 12:00:00,14143.332096052487,0.3052830268843063
2023-08-16 16:00:00,14143.332096052487,0.3052830268843063
2023-08-16 20:00:00,14143.332096052487,0.3052830268843063
2023-08-17 00:00:00,14143.332096052487,0.3052830268843063
2023-08-17 04:00:00,14143.332096052487,0.3052830268843063
2023-08-17 08:00:00,14143.332096052487,0.3052830268843063
2023-08-17 12:00:00,14143.332096052487,0.3052830268843063
2023-08-17 16:00:00,14143.332096052487,0.3052830268843063
2023-08-17 20:00:00,14143.332096052487,0.3052830268843063
2023-08-18 00:00:00,14143.332096052487,0.3052830268843063
2023-08-18 04:00:00,14143.332096052487,0.3052830268843063
2023-08-18 08:00:00,14143.332096052487,0.3052830268843063
2023-08-18 12:00:00,14143.332096052487,0.3052830268843063
2023-08-18 16:00:00,14143.332096052487,0.3052830268843063
2023-08-18 20:00:00,14143.332096052487,0.3052830268843063
2023-08-19 00:00:00,14143.332096052487,0.3052830268843063
2023-08-19 04:00:00,14143.332096052487,0.3052830268843063
2023-08-19 08:00:00,14143.332096052487,0.3052830268843063
2023-08-19 12:00:00,14143.332096052487,0.3052830268843063
2023-08-19 16:00:00,14143.332096052487,0.3052830268843063
2023-08-19 20:00:00,14143.332096052487,0.3052830268843063
2023-08-20 00:00:00,14143.332096052487,0.3052830268843063
2023-08-20 04:00:00,14143.332096052487,0.3052830268843063
2023-08-20 08:00:00,14143.332096052487,0.3052830268843063
2023-08-20 12:00:00,14143.332096052487,0.3052830268843063
2023-08-20 16:00:00,14143.332096052487,0.3052830268843063
2023-08-20 20:00:00,14143.332096052487,0.3052830268843063
2023-08-21 00:00:00,14143.332096052487,0.3052830268843063
2023-08-21 04:00:00,14143.332096052487,0.3052830268843063
2023-08-21 08:00:00,14143.332096052487,0.3052830268843063
2023-08-21 12:00:00,14143.332096052487,0.3052830268843063
2023-08-21 16:00:00,14143.332096052487,0.3052830268843063
2023-08-21 20:00:00,14143.332096052487,0.3052830268843063
2023-08-22 00:00:00,14143.332096052487,0.3052830268843063
2023-08-22 04:00:00,14143.332096052487,0.3052830268843063
2023-08-22 08:00:00,14143.332096052487,0.3052830268843063
2023-08-22 12:00:00,14143.332096052487,0.3052830268843063
2023-08-22 16:00:00,14143.332096052487,0.3052830268843063
2023-08-22 20:00:00,14143.332096052487,0.3052830268843063
2023-08-23 00:00:00,14143.332096052487,0.3052830268843063
2023-08-23 04:00:00,14143.332096052487,0.3052830268843063
2023-08-23 08:00:00,14143.332096052487,0.3052830268843063
2023-08-23 12:00:00,14143.332096052487,0.3052830268843063
2023-08-23 16:00:00,14143.332096052487,0.3052830268843063
2023-08-23 20:00:00,14143.332096052487,0.3052830268843063
2023-08-24 00:00:00,14143.332096052487,0.3052830268843063
2023-08-24 04:00:00,14143.332096052487,0.3052830268843063
2023-08-24 08:00:00,14143.332096052487,0.3052830268843063
2023-08-24 12:00:00,14143.332096052487,0.3052830268843063
2023-08-24 16:00:00,14143.332096052487,0.3052830268843063
2023-08-24 20:00:00,14143.332096052487,0.3052830268843063
2023-08-25 00:00:00,14143.332096052487,0.3052830268843063
2023-08-25 04:00:00,14143.332096052487,0.3052830268843063
2023-08-25 08:00:00,14143.332096052487,0.3052830268843063
2023-08-25 12:00:00,14143.332096052487,0.3052830268843063
2023-08-25 16:00:00,14143.332096052487,0.3052830268843063
2023-08-25 20:00:00,14143.332096052487,0.3052830268843063
2023-08-26 00:00:00,14143.332096052487,0.3052830268843063
2023-08-26 04:00:00,14143.332096052487,0.3052830268843063
2023-08-26 08:00:00,14143.332096052487,0.3052830268843063
2023-08-26 12:00:00,14143.332096052487,0.3052830268843063
2023-08-26 16:00:00,14143.332096052487,0.3052830268843063
2023-08-26 20:00:00,14143.332096052487,0.3052830268843063
2023-08-27 00:00:00,14143.332096052487,0.3052830268843063
2023-08-27 04:00:00,14143.332096052487,0.3052830268843063
2023-08-27 08:00:00,14143.332096052487,0.3052830268843063
2023-08-27 12:00:00,14143.332096052487,0.3052830268843063
2023-08-27 16:00:00,14143.332096052487,0.3052830268843063
2023-08-27 20:00:00,14143.332096052487,0.3052830268843063
2023-08-28 00:00:00,14143.332096052487,0.3052830268843063
2023-08-28 04:00:00,14143.332096052487,0.3052830268843063
2023-08-28 08:00:00,14143.332096052487,0.3052830268843063
2023-08-28 12:00:00,14143.332096052487,0.3052830268843063
2023-08-28 16:00:00,14143.332096052487,0.3052830268843063
2023-08-28 20:00:00,14143.332096052487,0.3052830268843063
2023-08-29 00:00:00,14143.332096052487,0.3052830268843063
2023-08-29 04:00:00,14143.332096052487,0.3052830268843063
2023-08-29 08:00:00,14143.332096052487,0.3052830268843063
2023-08-29 12:00:00,14143.332096052487,0.3052830268843063
2023-08-29 16:00:00,14143.332096052487,0.3052830268843063
2023-08-29 20:00:00,14143.332096052487,0.3052830268843063
2023-08-30 00:00:00,14143.332096052487,0.3052830268843063
2023-08-30 04:00:00,14160.629918883684,0.30443336210678656
2023-08-30 08:00:00,14111.754920635114,0.3068340899277615
2023-08-30 12:00:00,14043.310236511692,0.3101960758768403
2023-08-30 16:00:00,14031.630139961273,0.3107697993294255
2023-08-30 20:00:00,14092.479342667133,0.30778090154825005
2023-08-31 00:00:00,14051.114212405191,0.3098127465118661
2023-08-31 04:00:00,14072.98851633922,0.30873828611492027
2023-08-31 08:00:00,14094.447760657906,0.3076842133435831
2023-08-31 12:00:00,13892.106041488212,0.3176231885243914
2023-08-31 16:00:00,13892.106041488212,0.3176231885243914
2023-08-31 20:00:00,13892.106041488212,0.3176231885243914
2023-09-01 00:00:00,13892.106041488212,0.3176231885243914
2023-09-01 04:00:00,13892.106041488212,0.3176231885243914
2023-09-01 08:00:00,13892.106041488212,0.3176231885243914
2023-09-01 12:00:00,13892.106041488212,0.3176231885243914
2023-09-01 16:00:00,13892.106041488212,0.3176231885243914
2023-09-01 20:00:00,13892.106041488212,0.3176231885243914
2023-09-02 00:00:00,13892.106041488212,0.3176231885243914
2023-09-02 04:00:00,13892.106041488212,0.3176231885243914
2023-09-02 08:00:00,13892.106041488212,0.3176231885243914
2023-09-02 12:00:00,13892.106041488212,0.3176231885243914
2023-09-02 16:00:00,13892.106041488212,0.3176231885243914
2023-09-02 20:00:00,13892.106041488212,0.3176231885243914
2023-09-03 00:00:00,13892.106041488212,0.3176231885243914
2023-09-03 04:00:00,13892.106041488212,0.3176231885243914
2023-09-03 08:00:00,13892.106041488212,0.3176231885243914
2023-09-03 12:00:00,13892.106041488212,0.3176231885243914
2023-09-03 16:00:00,13892.106041488212,0.3176231885243914
2023-09-03 20:00:00,13892.106041488212,0.3176231885243914
2023-09-04 00:00:00,13892.106041488212,0.3176231885243914
2023-09-04 04:00:00,13892.106041488212,0.3176231885243914
2023-09-04 08:00:00,13892.106041488212,0.3176231885243914
2023-09-04 12:00:00,13892.106041488212,0.3176231885243914
2023-09-04 16:00:00,13892.106041488212,0.3176231885243914
2023-09-04 20:00:00,13892.106041488212,0.3176231885243914
2023-09-05 00:00:00,13892.106041488212,0.3176231885243914
2023-09-05 04:00:00,13892.106041488212,0.3176231885243914
2023-09-05 08:00:00,13892.106041488212,0.3176231885243914
2023-09-05 12:00:00,13892.106041488212,0.3176231885243914
2023-09-05 16:00:00,13892.106041488212,0.3176231885243914
2023-09-05 20:00:00,13892.106041488212,0.3176231885243914
2023-09-06 00:00:00,13892.106041488212,0.3176231885243914
2023-09-06 04:00:00,13892.106041488212,0.3176231885243914
2023-09-06 08:00:00,13892.106041488212,0.3176231885243914
2023-09-06 12:00:00,13892.106041488212,0.3176231885243914
2023-09-06 16:00:00,13892.106041488212,0.3176231885243914
2023-09-06 20:00:00,13892.106041488212,0.3176231885243914
2023-09-07 00:00:00,13892.106041488212,0.3176231885243914
2023-09-07 04:00:00,13892.106041488212,0.3176231885243914
2023-09-07 08:00:00,13892.106041488212,0.3176231885243914
2023-09-07 12:00:00,13892.106041488212,0.3176231885243914
2023-09-07 16:00:00,13892.106041488212,0.3176231885243914
2023-09-07 20:00:00,13892.106041488212,0.3176231885243914
2023-09-08 00:00:00,13892.106041488212,0.3176231885243914
2023-09-08 04:00:00,13869.423249462086,0.3187373616563792
2023-09-08 08:00:00,13652.1727196431,0.32940865392743834
2023-09-08 12:00:00,13652.1727196431,0.32940865392743834
2023-09-08 16:00:00,13652.1727196431,0.32940865392743834
2023-09-08 20:00:00,13652.1727196431,0.32940865392743834
2023-09-09 00:00:00,13652.1727196431,0.32940865392743834
2023-09-09 04:00:00,13652.1727196431,0.32940865392743834
2023-09-09 08:00:00,13652.1727196431,0.32940865392743834
2023-09-09 12:00:00,13652.1727196431,0.32940865392743834
2023-09-09 16:00:00,13652.1727196431,0.32940865392743834
2023-09-09 20:00:00,13652.1727196431,0.32940865392743834
2023-09-10 00:00:00,13652.1727196431,0.32940865392743834
2023-09-10 04:00:00,13652.1727196431,0.32940865392743834
2023-09-10 08:00:00,13652.1727196431,0.32940865392743834
2023-09-10 12:00:00,13652.1727196431,0.32940865392743834
2023-09-10 16:00:00,13652.1727196431,0.32940865392743834
2023-09-10 20:00:00,13652.1727196431,0.32940865392743834
2023-09-11 00:00:00,13652.1727196431,0.32940865392743834
2023-09-11 04:00:00,13652.1727196431,0.32940865392743834
2023-09-11 08:00:00,13652.1727196431,0.32940865392743834
2023-09-11 12:00:00,13652.1727196431,0.32940865392743834
2023-09-11 16:00:00,13652.1727196431,0.32940865392743834
2023-09-11 20:00:00,13652.1727196431,0.32940865392743834
2023-09-12 00:00:00,13652.1727196431,0.32940865392743834
2023-09-12 04:00:00,13652.1727196431,0.32940865392743834
2023-09-12 08:00:00,13652.1727196431,0.32940865392743834
2023-09-12 12:00:00,13652.1727196431,0.32940865392743834
2023-09-12 16:00:00,13652.1727196431,0.32940865392743834
2023-09-12 20:00:00,13652.1727196431,0.32940865392743834
2023-09-13 00:00:00,13652.1727196431,0.32940865392743834
2023-09-13 04:00:00,13652.1727196431,0.32940865392743834
2023-09-13 08:00:00,13652.1727196431,0.32940865392743834
2023-09-13 12:00:00,13652.1727196431,0.32940865392743834
2023-09-13 16:00:00,13652.1727196431,0.32940865392743834
2023-09-13 20:00:00,13652.1727196431,0.32940865392743834
2023-09-14 00:00:00,13652.1727196431,0.32940865392743834
2023-09-14 04:00:00,13673.60453941824,0.3283559282428946
2023-09-14 08:00:00,13724.449965485017,0.32585841349502637
2023-09-14 12:00:00,13848.35676721701,0.3197721420518406
2023-09-14 16:00:00,13840.436608043206,0.32016117831079655
2023-09-14 20:00:00,13762.72531570787,0.32397833776243534
2023-09-15 00:00:00,13809.05075853369,0.321702843472997
2023-09-15 04:00:00,13766.236341347394,0.3238058770517445
2023-09-15 08:00:00,13625.695724663818,0.33070919736969695
2023-09-15 12:00:00,13521.735643396001,0.3358156908390398
2023-09-15 16:00:00,13597.894605630776,0.33207478145785213
2023-09-15 20:00:00,13800.504215930183,0.32212264753103576
2023-09-16 00:00:00,13816.923231287059,0.32131614955921395
2023-09-16 04:00:00,13694.981228699848,0.3273059105545524
2023-09-16 08:00:00,13724.559742848769,0.32585302125808074
2023-09-16 12:00:00,13707.577867918897,0.32668716675286147
2023-09-16 16:00:00,13733.24589294334,0.32542635971462364
2023-09-16 20:00:00,13760.103699452473,0.3241071109042418
2023-09-17 00:00:00,13729.67095762335,0.325601959653006
2023-09-17 04:00:00,13696.337977780422,0.3272392673754109
2023-09-17 08:00:00,13767.065112453507,0.32376516802007266
2023-09-17 12:00:00,13750.361559483967,0.32458564240902626
2023-09-17 16:00:00,13705.517609496901,0.32678836613678636
2023-09-17 20:00:00,13727.863591474075,0.3256907370310671
2023-09-18 00:00:00,13859.000121753545,0.31924934311045944
2023-09-18 04:00:00,13910.995965346021,0.31669532013837326
2023-09-18 08:00:00,14370.255449658645,0.29413660790213925
2023-09-18 12:00:00,14370.255449658645,0.29413660790213925
2023-09-18 16:00:00,14370.255449658645,0.29413660790213925
2023-09-18 20:00:00,14370.255449658645,0.29413660790213925
2023-09-19 00:00:00,14370.255449658645,0.29413660790213925
2023-09-19 04:00:00,14370.255449658645,0.29413660790213925
2023-09-19 08:00:00,14370.255449658645,0.29413660790213925
2023-09-19 12:00:00,14370.255449658645,0.29413660790213925
2023-09-19 16:00:00,14370.255449658645,0.29413660790213925
2023-09-19 20:00:00,14370.255449658645,0.29413660790213925
2023-09-20 00:00:00,14370.255449658645,0.29413660790213925
2023-09-20 04:00:00,14370.255449658645,0.29413660790213925
2023-09-20 08:00:00,14370.255449658645,0.29413660790213925
2023-09-20 12:00:00,14370.255449658645,0.29413660790213925
2023-09-20 16:00:00,14370.255449658645,0.29413660790213925
2023-09-20 20:00:00,14370.255449658645,0.29413660790213925
2023-09-21 00:00:00,14370.255449658645,0.29413660790213925
2023-09-21 04:00:00,14370.255449658645,0.29413660790213925
2023-09-21 08:00:00,14370.255449658645,0.29413660790213925
2023-09-21 12:00:00,14370.255449658645,0.29413660790213925
2023-09-21 16:00:00,14370.255449658645,0.29413660790213925
2023-09-21 20:00:00,14370.255449658645,0.29413660790213925
2023-09-22 00:00:00,14370.255449658645,0.29413660790213925
2023-09-22 04:00:00,14370.255449658645,0.29413660790213925
2023-09-22 08:00:00,14370.255449658645,0.29413660790213925
2023-09-22 12:00:00,14370.255449658645,0.29413660790213925
2023-09-22 16:00:00,14370.255449658645,0.29413660790213925
2023-09-22 20:00:00,14370.255449658645,0.29413660790213925
2023-09-23 00:00:00,14370.255449658645,0.29413660790213925
2023-09-23 04:00:00,14370.255449658645,0.29413660790213925
2023-09-23 08:00:00,14370.255449658645,0.29413660790213925
2023-09-23 12:00:00,14370.255449658645,0.29413660790213925
2023-09-23 16:00:00,14370.255449658645,0.29413660790213925
2023-09-23 20:00:00,14370.255449658645,0.29413660790213925
2023-09-24 00:00:00,14370.255449658645,0.29413660790213925
2023-09-24 04:00:00,14370.255449658645,0.29413660790213925
2023-09-24 08:00:00,14370.255449658645,0.29413660790213925
2023-09-24 12:00:00,14370.255449658645,0.29413660790213925
2023-09-24 16:00:00,14370.255449658645,0.29413660790213925
2023-09-24 20:00:00,14370.255449658645,0.29413660790213925
2023-09-25 00:00:00,14370.255449658645,0.29413660790213925
2023-09-25 04:00:00,14370.255449658645,0.29413660790213925
2023-09-25 08:00:00,14370.255449658645,0.29413660790213925
2023-09-25 12:00:00,14370.255449658645,0.29413660790213925
2023-09-25 16:00:00,14370.255449658645,0.29413660790213925
2023-09-25 20:00:00,14370.255449658645,0.29413660790213925
2023-09-26 00:00:00,14370.255449658645,0.29413660790213925
2023-09-26 04:00:00,14370.255449658645,0.29413660790213925
2023-09-26 08:00:00,14370.255449658645,0.29413660790213925
2023-09-26 12:00:00,14370.255449658645,0.29413660790213925
2023-09-26 16:00:00,14370.255449658645,0.29413660790213925
2023-09-26 20:00:00,14370.255449658645,0.29413660790213925
2023-09-27 00:00:00,14370.255449658645,0.29413660790213925
2023-09-27 04:00:00,14370.255449658645,0.29413660790213925
2023-09-27 08:00:00,14370.255449658645,0.29413660790213925
2023-09-27 12:00:00,14370.255449658645,0.29413660790213925
2023-09-27 16:00:00,14370.255449658645,0.29413660790213925
2023-09-27 20:00:00,14370.255449658645,0.29413660790213925
2023-09-28 00:00:00,14370.255449658645,0.29413660790213925
2023-09-28 04:00:00,14370.255449658645,0.29413660790213925
2023-09-28 08:00:00,14370.255449658645,0.29413660790213925
2023-09-28 12:00:00,14370.255449658645,0.29413660790213925
2023-09-28 16:00:00,14370.255449658645,0.29413660790213925
2023-09-28 20:00:00,14370.255449658645,0.29413660790213925
2023-09-29 00:00:00,14370.255449658645,0.29413660790213925
2023-09-29 04:00:00,14459.431740501837,0.28975629056054486
2023-09-29 08:00:00,14354.82639844504,0.29489447908018745
2023-09-29 12:00:00,14313.716502097635,0.29691378701707316
2023-09-29 16:00:00,14332.686280013553,0.29598199621947874
2023-09-29 20:00:00,14322.901088769018,0.29646264239228964
2023-09-30 00:00:00,14327.065738174935,0.2962580758439178
2023-09-30 04:00:00,14335.285271162391,0.29585433441730846
2023-09-30 08:00:00,14337.414721532747,0.29574973634200014
2023-09-30 12:00:00,14367.544017617525,0.2942697927731175
2023-09-30 16:00:00,14379.743255499841,0.2936705692267591
2023-09-30 20:00:00,14350.667382238238,0.29509876892721265
2023-10-01 00:00:00,14391.761382156325,0.29308024181900183
2023-10-01 04:00:00,14476.508780827877,0.28891747056505085
2023-10-01 08:00:00,14556.258139439571,0.28500020180218993
2023-10-01 12:00:00,14521.716388223755,0.28669688407534855
2023-10-01 16:00:00,14471.544374850868,0.2891613209583134
2023-10-01 20:00:00,15334.848524840416,0.24675603471559332
2023-10-02 00:00:00,15334.848524840416,0.24675603471559332
2023-10-02 04:00:00,15439.954661638885,0.24159324728214993
2023-10-02 08:00:00,15383.01407442243,0.24439015483758283
2023-10-02 12:00:00,15297.143765314864,0.24860808317431243
2023-10-02 16:00:00,15266.478561706419,0.25011435038815955
2023-10-02 20:00:00,15020.865189447297,0.26217881846214475
2023-10-03 00:00:00,15020.865189447297,0.26217881846214475
2023-10-03 04:00:00,15020.865189447297,0.26217881846214475
2023-10-03 08:00:00,15020.865189447297,0.26217881846214475
2023-10-03 12:00:00,15020.865189447297,0.26217881846214475
2023-10-03 16:00:00,15020.865189447297,0.26217881846214475
2023-10-03 20:00:00,15020.865189447297,0.26217881846214475
2023-10-04 00:00:00,15020.865189447297,0.26217881846214475
2023-10-04 04:00:00,15020.865189447297,0.26217881846214475
2023-10-04 08:00:00,15020.865189447297,0.26217881846214475
2023-10-04 12:00:00,15020.865189447297,0.26217881846214475
2023-10-04 16:00:00,15020.865189447297,0.26217881846214475
2023-10-04 20:00:00,15020.865189447297,0.26217881846214475
2023-10-05 00:00:00,15020.865189447297,0.26217881846214475
2023-10-05 04:00:00,15020.865189447297,0.26217881846214475
2023-10-05 08:00:00,15020.865189447297,0.26217881846214475
2023-10-05 12:00:00,15020.865189447297,0.26217881846214475
2023-10-05 16:00:00,15020.865189447297,0.26217881846214475
2023-10-05 20:00:00,15020.865189447297,0.26217881846214475
2023-10-06 00:00:00,15020.865189447297,0.26217881846214475
2023-10-06 04:00:00,15020.865189447297,0.26217881846214475
2023-10-06 08:00:00,15020.865189447297,0.26217881846214475
2023-10-06 12:00:00,15020.865189447297,0.26217881846214475
2023-10-06 16:00:00,15020.865189447297,0.26217881846214475
2023-10-06 20:00:00,15020.865189447297,0.26217881846214475
2023-10-07 00:00:00,15020.865189447297,0.26217881846214475
2023-10-07 04:00:00,15015.42261723935,0.26244615626235973
2023-10-07 08:00:00,15041.077515571164,0.2611859940040159
2023-10-07 12:00:00,15039.912296640028,0.26124322926960664
2023-10-07 16:00:00,15002.746977756136,0.26306878053747956
2023-10-07 20:00:00,15048.336587422044,0.26082943019079113
2023-10-08 00:00:00,15102.431358404094,0.2581723084246604
2023-10-08 04:00:00,14924.753317556124,0.2668998098287659
2023-10-08 08:00:00,14830.76306624596,0.27151658771739406
2023-10-08 12:00:00,14911.861393010258,0.2675330579726484
2023-10-08 16:00:00,14914.100067195317,0.2674230948505868
2023-10-08 20:00:00,14936.14843012087,0.2663400847190442
2023-10-09 00:00:00,14940.816643411848,0.2661107832372334
2023-10-09 04:00:00,14788.137199079092,0.27361035976583964
2023-10-09 08:00:00,14243.677360363927,0.30035409232945737
2023-10-09 12:00:00,14243.677360363927,0.30035409232945737
2023-10-09 16:00:00,14243.677360363927,0.30035409232945737
2023-10-09 20:00:00,14243.677360363927,0.30035409232945737
2023-10-10 00:00:00,14243.677360363927,0.30035409232945737
2023-10-10 04:00:00,14243.677360363927,0.30035409232945737
2023-10-10 08:00:00,14243.677360363927,0.30035409232945737
2023-10-10 12:00:00,14243.677360363927,0.30035409232945737
2023-10-10 16:00:00,14243.677360363927,0.30035409232945737
2023-10-10 20:00:00,14243.677360363927,0.30035409232945737
2023-10-11 00:00:00,14243.677360363927,0.30035409232945737
2023-10-11 04:00:00,14243.677360363927,0.30035409232945737
2023-10-11 08:00:00,14243.677360363927,0.30035409232945737
2023-10-11 12:00:00,14243.677360363927,0.30035409232945737
2023-10-11 16:00:00,14243.677360363927,0.30035409232945737
2023-10-11 20:00:00,14243.677360363927,0.30035409232945737
2023-10-12 00:00:00,14243.677360363927,0.30035409232945737
2023-10-12 04:00:00,14243.677360363927,0.30035409232945737
2023-10-12 08:00:00,14243.677360363927,0.30035409232945737
2023-10-12 12:00:00,14243.677360363927,0.30035409232945737
2023-10-12 16:00:00,14243.677360363927,0.30035409232945737
2023-10-12 20:00:00,14243.677360363927,0.30035409232945737
2023-10-13 00:00:00,14243.677360363927,0.30035409232945737
2023-10-13 04:00:00,14243.677360363927,0.30035409232945737
2023-10-13 08:00:00,14243.677360363927,0.30035409232945737
2023-10-13 12:00:00,14243.677360363927,0.30035409232945737
2023-10-13 16:00:00,14243.677360363927,0.30035409232945737
2023-10-13 20:00:00,14243.677360363927,0.30035409232945737
2023-10-14 00:00:00,14243.677360363927,0.30035409232945737
2023-10-14 04:00:00,14243.677360363927,0.30035409232945737
2023-10-14 08:00:00,14243.677360363927,0.30035409232945737
2023-10-14 12:00:00,14243.677360363927,0.30035409232945737
2023-10-14 16:00:00,14243.677360363927,0.30035409232945737
2023-10-14 20:00:00,14243.677360363927,0.30035409232945737
2023-10-15 00:00:00,14243.677360363927,0.30035409232945737
2023-10-15 04:00:00,14243.677360363927,0.30035409232945737
2023-10-15 08:00:00,14243.677360363927,0.30035409232945737
2023-10-15 12:00:00,14243.677360363927,0.30035409232945737
2023-10-15 16:00:00,14243.677360363927,0.30035409232945737
2023-10-15 20:00:00,14243.677360363927,0.30035409232945737
2023-10-16 00:00:00,14243.677360363927,0.30035409232945737
2023-10-16 04:00:00,14557.033812544207,0.2849621009312127
2023-10-16 08:00:00,14557.033812544207,0.2849621009312127
2023-10-16 12:00:00,14557.033812544207,0.2849621009312127
2023-10-16 16:00:00,14557.033812544207,0.2849621009312127
2023-10-16 20:00:00,14557.033812544207,0.2849621009312127
2023-10-17 00:00:00,14557.033812544207,0.2849621009312127
2023-10-17 04:00:00,14621.495281216337,0.28179576953954627
2023-10-17 08:00:00,14617.490067195855,0.28199250466123427
2023-10-17 12:00:00,14637.029913665183,0.28103271223734666
2023-10-17 16:00:00,14664.399775407152,0.2796883114006243
2023-10-17 20:00:00,14604.113841010978,0.2826495415817957
2023-10-18 00:00:00,14663.363686817313,0.27973920381580086
2023-10-18 04:00:00,14649.83677439744,0.28040364240694154
2023-10-18 08:00:00,14495.915596771809,0.2879642125676554
2023-10-18 12:00:00,14402.714804403891,0.2925422124283739
2023-10-18 16:00:00,14400.873338641655,0.2926326647709866
2023-10-18 20:00:00,14475.241220319707,0.2889797328235834
2023-10-19 00:00:00,14415.229592755886,0.2919274891210206
2023-10-19 04:00:00,14486.037060151273,0.2884494438422393
2023-10-19 08:00:00,14605.894576584653,0.2825620722910189
2023-10-19 12:00:00,14835.283687999092,0.27129453589540414
2023-10-19 16:00:00,14905.931786346768,0.2678243187848142
2023-10-19 20:00:00,14868.877964017294,0.2696443933695214
2023-10-20 00:00:00,15355.083947974868,0.2457620757380193
2023-10-20 04:00:00,15374.456078527512,0.24481052147846186
2023-10-20 08:00:00,15656.394080044396,0.23096179660302987
2023-10-20 12:00:00,15656.394080044396,0.23096179660302987
2023-10-20 16:00:00,15656.394080044396,0.23096179660302987
2023-10-20 20:00:00,15656.394080044396,0.23096179660302987
2023-10-21 00:00:00,15656.394080044396,0.23096179660302987
2023-10-21 04:00:00,15703.400151072614,0.22865287002469553
2023-10-21 08:00:00,15757.99009010812,0.22597142572629697
2023-10-21 12:00:00,15824.170372246359,0.22272066664245616
2023-10-21 16:00:00,15928.00682002472,0.2176202460195251
2023-10-21 20:00:00,15810.37878503557,0.22339810599383894
2023-10-22 00:00:00,15809.162912457983,0.22345782935401023
2023-10-22 04:00:00,15720.823296631072,0.22779704942582094
2023-10-22 08:00:00,15814.22220075309,0.22320931836475913
2023-10-22 12:00:00,15730.139949820463,0.2273394177263497
2023-10-22 16:00:00,15747.277985957806,0.2264976016316965
2023-10-22 20:00:00,15896.97686073446,0.2191444299422126
2023-10-23 00:00:00,16604.14887069771,0.18440831578627528
2023-10-23 04:00:00,16512.231007681352,0.18892329847467662
2023-10-23 08:00:00,16581.735021270557,0.1855092785243453
2023-10-23 12:00:00,16694.874623387146,0.17995188926217215
2023-10-23 16:00:00,16911.81068598493,0.1692960435432109
2023-10-23 20:00:00,16911.81068598493,0.1692960435432109
2023-10-24 00:00:00,16911.81068598493,0.1692960435432109
2023-10-24 04:00:00,16860.772147790212,0.17180304391102236
2023-10-24 08:00:00,17132.232732160064,0.15846896717345657
2023-10-24 12:00:00,16695.221261661827,0.1799348624758875
2023-10-24 16:00:00,16759.01384879723,0.1768013863798058
2023-10-24 20:00:00,16822.12163932902,0.1737015473234563
2023-10-25 00:00:00,16860.444691892488,0.17181912846369715
2023-10-25 04:00:00,16717.24674720826,0.17885297607554676
2023-10-25 08:00:00,17058.903211278986,0.16207089509543085
2023-10-25 12:00:00,17663.906197413555,0.13235329811058213
2023-10-25 16:00:00,17613.26753278083,0.13484065678796817
2023-10-25 20:00:00,17492.012620270205,0.14079666808874927
2023-10-26 00:00:00,17640.628225667882,0.13349670632313057
2023-10-26 04:00:00,17490.26318014004,0.1408826001550843
2023-10-26 08:00:00,16921.360441405737,0.16882696191980823
2023-10-26 12:00:00,16892.237384433207,0.17025747927246795
2023-10-26 16:00:00,16892.024119753063,0.17026795478078918
2023-10-26 20:00:00,16945.8356656751,0.16762474495952884
2023-10-27 00:00:00,16928.53700141089,0.16847445106803
2023-10-27 04:00:00,16840.988405492204,0.17277481643766826
2023-10-27 08:00:00,16893.484140982117,0.17019623889926677
2023-10-27 12:00:00,16869.709952650217,0.17136402114775326
2023-10-27 16:00:00,16719.231960244917,0.17875546290238153
2023-10-27 20:00:00,16815.96108062101,0.17400415244290504
2023-10-28 00:00:00,16899.940711814554,0.16987909373750748
2023-10-28 04:00:00,16892.42551614605,0.17024823828928198
2023-10-28 08:00:00,16957.840070384424,0.16703509157042076
2023-10-28 12:00:00,16966.399351879172,0.16661466178119616
2023-10-28 16:00:00,16925.93323432017,0.16860234746328373
2023-10-28 20:00:00,16910.3869032149,0.16936597940059234
2023-10-29 00:00:00,16855.310417634766,0.1720713227448783
2023-10-29 04:00:00,16908.168283761148,0.1694749574392143
2023-10-29 08:00:00,16996.756193400233,0.16512354123678424
2023-10-29 12:00:00,17094.83448992687,0.1603059595786157
2023-10-29 16:00:00,17150.812329862518,0.1575563419314064
2023-10-29 20:00:00,17132.75855844376,0.15844313871650514
2023-10-30 00:00:00,17005.008181238656,0.16471820563592562
2023-10-30 04:00:00,16966.513666793082,0.1666090466609095
2023-10-30 08:00:00,17174.026354654095,0.1564160747774209
2023-10-30 12:00:00,17197.91658899,0.1552425923779306
2023-10-30 16:00:00,17085.79383708466,0.16075003420932335
2023-10-30 20:00:00,17107.087801167723,0.1597040799622652
2023-10-31 00:00:00,16974.36961992976,0.16622316418661096
2023-10-31 04:00:00,16942.93936488815,0.16776701053756074
2023-10-31 08:00:00,17114.465634519616,0.1593416826134955
2023-10-31 12:00:00,17006.41968892858,0.1646488727274416
2023-10-31 16:00:00,17140.47089917097,0.15806431044822591
2023-10-31 20:00:00,17190.201488658677,0.15562155619728096
2023-11-01 00:00:00,17079.5097152681,0.16105870871809125
2023-11-01 04:00:00,17095.944510980742,0.16025143561909874
2023-11-01 08:00:00,17082.333883999952,0.16091998624875836
2023-11-01 12:00:00,17016.262756771575,0.16416538367043462
2023-11-01 16:00:00,17149.123415348404,0.1576393009944566
2023-11-01 20:00:00,17540.011355704468,0.13843898208040198
2023-11-02 00:00:00,17540.011355704468,0.13843898208040198
2023-11-02 04:00:00,17378.863084764045,0.1463545452765603
2023-11-02 08:00:00,17425.711069934583,0.1440533838364405
2023-11-02 12:00:00,17043.577362402008,0.16282369700023905
2023-11-02 16:00:00,17043.577362402008,0.16282369700023905
2023-11-02 20:00:00,17043.577362402008,0.16282369700023905
2023-11-03 00:00:00,17043.577362402008,0.16282369700023905
2023-11-03 04:00:00,17043.577362402008,0.16282369700023905
2023-11-03 08:00:00,17043.577362402008,0.16282369700023905
2023-11-03 12:00:00,17043.577362402008,0.16282369700023905
2023-11-03 16:00:00,17043.577362402008,0.16282369700023905
2023-11-03 20:00:00,17043.577362402008,0.16282369700023905
2023-11-04 00:00:00,17043.577362402008,0.16282369700023905
2023-11-04 04:00:00,17043.577362402008,0.16282369700023905
2023-11-04 08:00:00,17043.577362402008,0.16282369700023905
2023-11-04 12:00:00,17043.577362402008,0.16282369700023905
2023-11-04 16:00:00,17043.577362402008,0.16282369700023905
2023-11-04 20:00:00,17043.577362402008,0.16282369700023905
2023-11-05 00:00:00,17043.577362402008,0.16282369700023905
2023-11-05 04:00:00,17043.577362402008,0.16282369700023905
2023-11-05 08:00:00,17043.577362402008,0.16282369700023905
2023-11-05 12:00:00,17043.577362402008,0.16282369700023905
2023-11-05 16:00:00,17043.577362402008,0.16282369700023905
2023-11-05 20:00:00,17043.577362402008,0.16282369700023905
2023-11-06 00:00:00,17043.577362402008,0.16282369700023905
2023-11-06 04:00:00,16994.881126683536,0.16521564404996625
2023-11-06 08:00:00,17158.74013774201,0.15716692996991954
2023-11-06 12:00:00,17082.98314088139,0.16088809491138575
2023-11-06 16:00:00,17069.84144432617,0.16153361179456743
2023-11-06 20:00:00,17065.53964762211,0.16174491498429022
2023-11-07 00:00:00,17001.992771788304,0.16486632180203317
2023-11-07 04:00:00,17011.33569316037,0.1644073998159284
2023-11-07 08:00:00,16856.38979691947,0.17201830390148126
2023-11-07 12:00:00,16903.08187699777,0.16972480048091698
2023-11-07 16:00:00,17269.4506291267,0.15172885802586975
2023-11-07 20:00:00,17242.012542450488,0.15307661005448145
2023-11-08 00:00:00,17177.28391459646,0.15625606423906024
2023-11-08 04:00:00,17155.635748990484,0.1573194167772849
2023-11-08 08:00:00,17207.82317965389,0.15475598309567845
2023-11-08 12:00:00,17155.259311825892,0.15733790727766891
2023-11-08 16:00:00,17353.40905650213,0.14760484084677147
2023-11-08 20:00:00,17354.765412340166,0.14753821698360617
2023-11-09 00:00:00,17738.470250497954,0.12869073027223732
2023-11-09 04:00:00,17803.89000075861,0.12547732832604733
2023-11-09 08:00:00,17940.21967257896,0.11878084857787496
2023-11-09 12:00:00,18079.370670084732,0.11194578601010709
2023-11-09 16:00:00,17728.449396802705,0.12918295212631806
2023-11-09 20:00:00,17887.888162244963,0.12135135941725175
2023-11-10 00:00:00,17903.971144134972,0.12056136732617866
2023-11-10 04:00:00,17626.19908423344,0.13420546218023094
2023-11-10 08:00:00,18257.299651680354,0.10320595845856646
2023-11-10 12:00:00,18268.33535748268,0.10266388732008795
2023-11-10 16:00:00,18388.101541424934,0.09678100199823347
2023-11-10 20:00:00,18425.930196594785,0.09492286781612153
2023-11-11 00:00:00,18295.090666791475,0.10134967314682616
2023-11-11 04:00:00,18278.29806068892,0.10217452180363924
2023-11-11 08:00:00,18269.350410531755,0.1026140281654689
2023-11-11 12:00:00,18300.468073297896,0.1010855362697464
2023-11-11 16:00:00,18349.470934964054,0.09867852782933635
2023-11-11 20:00:00,18340.067763717187,0.09914040927438393
2023-11-12 00:00:00,18269.44364483887,0.10260944851937213
2023-11-12 04:00:00,18339.02620321856,0.09919157046836626
2023-11-12 08:00:00,18302.7921447815,0.1009713784535099
2023-11-12 12:00:00,18351.089140075987,0.09859904199462591
2023-11-12 16:00:00,18327.529855658922,0.09975626821598874
2023-11-12 20:00:00,18307.0804544713,0.10076073774259055
2023-11-13 00:00:00,18232.01033832394,0.10444816327337426
2023-11-13 04:00:00,18255.14100726684,0.10331199053805132
2023-11-13 08:00:00,18179.995740542123,0.10700310744660062
2023-11-13 12:00:00,18195.93082767509,0.10622037990940032
2023-11-13 16:00:00,18197.45560842048,0.10614548305645859
2023-11-13 20:00:00,18006.42045392626,0.11552908257795717
2023-11-14 00:00:00,17998.979782017625,0.11589456654108618
2023-11-14 04:00:00,18116.863190581833,0.11010416267995184
2023-11-14 08:00:00,17904.51367988067,0.12053471810458793
2023-11-14 12:00:00,17829.961989363066,0.12419667869671062
2023-11-14 16:00:00,17829.961989363066,0.12419667869671062
2023-11-14 20:00:00,17829.961989363066,0.12419667869671062
2023-11-15 00:00:00,17829.961989363066,0.12419667869671062
2023-11-15 04:00:00,17829.961989363066,0.12419667869671062
2023-11-15 08:00:00,17829.961989363066,0.12419667869671062
2023-11-15 12:00:00,17829.961989363066,0.12419667869671062
2023-11-15 16:00:00,17829.961989363066,0.12419667869671062
2023-11-15 20:00:00,17829.961989363066,0.12419667869671062
2023-11-16 00:00:00,17829.961989363066,0.12419667869671062
2023-11-16 04:00:00,17829.961989363066,0.12419667869671062
2023-11-16 08:00:00,17829.961989363066,0.12419667869671062
2023-11-16 12:00:00,17829.961989363066,0.12419667869671062
2023-11-16 16:00:00,17829.961989363066,0.12419667869671062
2023-11-16 20:00:00,17829.961989363066,0.12419667869671062
2023-11-17 00:00:00,17829.961989363066,0.12419667869671062
2023-11-17 04:00:00,17829.961989363066,0.12419667869671062
2023-11-17 08:00:00,17829.961989363066,0.12419667869671062
2023-11-17 12:00:00,17829.961989363066,0.12419667869671062
2023-11-17 16:00:00,17829.961989363066,0.12419667869671062
2023-11-17 20:00:00,17829.961989363066,0.12419667869671062
2023-11-18 00:00:00,17829.961989363066,0.12419667869671062
2023-11-18 04:00:00,17829.961989363066,0.12419667869671062
2023-11-18 08:00:00,17829.961989363066,0.12419667869671062
2023-11-18 12:00:00,17829.961989363066,0.12419667869671062
2023-11-18 16:00:00,17829.961989363066,0.12419667869671062
2023-11-18 20:00:00,17829.961989363066,0.12419667869671062
2023-11-19 00:00:00,17829.961989363066,0.12419667869671062
2023-11-19 04:00:00,17829.961989363066,0.12419667869671062
2023-11-19 08:00:00,17829.961989363066,0.12419667869671062
2023-11-19 12:00:00,17829.961989363066,0.12419667869671062
2023-11-19 16:00:00,17829.961989363066,0.12419667869671062
2023-11-19 20:00:00,17829.961989363066,0.12419667869671062
2023-11-20 00:00:00,17829.961989363066,0.12419667869671062
2023-11-20 04:00:00,17901.076351412088,0.12070355882847679
2023-11-20 08:00:00,17852.5843686677,0.12308547302265474
2023-11-20 12:00:00,18009.63359688102,0.11537125379103777
2023-11-20 16:00:00,18063.437340204866,0.11272842723146992
2023-11-20 20:00:00,18003.20424205288,0.11568706210939989
2023-11-21 00:00:00,18011.23700533253,0.11529249476462623
2023-11-21 04:00:00,17807.57762813233,0.12529619298186873
2023-11-21 08:00:00,17702.62338994341,0.130451519193195
2023-11-21 12:00:00,17485.74183080355,0.1411046877157887
2023-11-21 16:00:00,17488.213879669285,0.1409832612871554
2023-11-21 20:00:00,16854.929732372708,0.17209002191075878
2023-11-22 00:00:00,16854.929732372708,0.17209002191075878
2023-11-22 04:00:00,16854.929732372708,0.17209002191075878
2023-11-22 08:00:00,16854.929732372708,0.17209002191075878
2023-11-22 12:00:00,16854.929732372708,0.17209002191075878
2023-11-22 16:00:00,16854.929732372708,0.17209002191075878
2023-11-22 20:00:00,16854.929732372708,0.17209002191075878
2023-11-23 00:00:00,16854.929732372708,0.17209002191075878
2023-11-23 04:00:00,16854.929732372708,0.17209002191075878
2023-11-23 08:00:00,16854.929732372708,0.17209002191075878
2023-11-23 12:00:00,16854.929732372708,0.17209002191075878
2023-11-23 16:00:00,16854.929732372708,0.17209002191075878
2023-11-23 20:00:00,16854.929732372708,0.17209002191075878
2023-11-24 00:00:00,16854.929732372708,0.17209002191075878
2023-11-24 04:00:00,16965.29827475,0.16666874641734492
2023-11-24 08:00:00,17074.792740345616,0.16129040535917671
2023-11-24 12:00:00,17291.061282382696,0.15066734808499455
2023-11-24 16:00:00,17291.061282382696,0.15066734808499455
2023-11-24 20:00:00,17291.061282382696,0.15066734808499455
2023-11-25 00:00:00,17291.061282382696,0.15066734808499455
2023-11-25 04:00:00,17291.061282382696,0.15066734808499455
2023-11-25 08:00:00,17291.061282382696,0.15066734808499455
2023-11-25 12:00:00,17291.061282382696,0.15066734808499455
2023-11-25 16:00:00,17291.061282382696,0.15066734808499455
2023-11-25 20:00:00,17291.061282382696,0.15066734808499455
2023-11-26 00:00:00,17291.061282382696,0.15066734808499455
2023-11-26 04:00:00,17291.061282382696,0.15066734808499455
2023-11-26 08:00:00,17291.061282382696,0.15066734808499455
2023-11-26 12:00:00,17291.061282382696,0.15066734808499455
2023-11-26 16:00:00,17291.061282382696,0.15066734808499455
2023-11-26 20:00:00,17291.061282382696,0.15066734808499455
2023-11-27 00:00:00,17291.061282382696,0.15066734808499455
2023-11-27 04:00:00,17291.061282382696,0.15066734808499455
2023-11-27 08:00:00,17291.061282382696,0.15066734808499455
2023-11-27 12:00:00,17291.061282382696,0.15066734808499455
2023-11-27 16:00:00,17291.061282382696,0.15066734808499455
2023-11-27 20:00:00,17291.061282382696,0.15066734808499455
2023-11-28 00:00:00,17291.061282382696,0.15066734808499455
2023-11-28 04:00:00,17291.061282382696,0.15066734808499455
2023-11-28 08:00:00,17291.061282382696,0.15066734808499455
2023-11-28 12:00:00,17291.061282382696,0.15066734808499455
2023-11-28 16:00:00,17291.061282382696,0.15066734808499455
2023-11-28 20:00:00,17291.061282382696,0.15066734808499455
2023-11-29 00:00:00,17291.061282382696,0.15066734808499455
2023-11-29 04:00:00,17291.061282382696,0.15066734808499455
2023-11-29 08:00:00,17291.061282382696,0.15066734808499455
2023-11-29 12:00:00,17291.061282382696,0.15066734808499455
2023-11-29 16:00:00,17291.061282382696,0.15066734808499455
2023-11-29 20:00:00,17291.061282382696,0.15066734808499455
2023-11-30 00:00:00,17291.061282382696,0.15066734808499455
2023-11-30 04:00:00,17136.40297554319,0.15826412585030825
2023-11-30 08:00:00,17182.48056495547,0.15600080605921743
2023-11-30 12:00:00,17049.820079013312,0.16251705630490848
2023-11-30 16:00:00,17114.561880991616,0.15933695501060485
2023-11-30 20:00:00,17101.864659051513,0.15996063941066702
2023-12-01 00:00:00,17261.400912244262,0.15212425812741764
2023-12-01 04:00:00,17482.800049276953,0.14124918729649885
2023-12-01 08:00:00,17818.8795541306,0.12474104517323557
2023-12-01 12:00:00,17652.19182295491,0.13292870528553818
2023-12-01 16:00:00,18001.083086033792,0.11579125276822626
2023-12-01 20:00:00,17921.185492491135,0.11971580279421871
2023-12-02 00:00:00,18020.921899479697,0.11481677516042173
2023-12-02 04:00:00,17891.182497771908,0.1211895424712758
2023-12-02 08:00:00,17947.67955770154,0.11841442086643102
2023-12-02 12:00:00,18037.08285713328,0.11402295291913528
2023-12-02 16:00:00,18624.510733871368,0.08516864095928482
2023-12-02 20:00:00,18639.678541944708,0.0844236019796478
2023-12-03 00:00:00,18605.050130887008,0.08612454096279773
2023-12-03 04:00:00,18692.019149000796,0.08185264431153275
2023-12-03 08:00:00,18692.983958456876,0.08180525310977003
2023-12-03 12:00:00,18955.04183927834,0.06893303484401826
2023-12-03 16:00:00,18857.818463511514,0.07370862300599533
2023-12-03 20:00:00,19060.94838454978,0.06373093154442509
2023-12-04 00:00:00,19408.64456011106,0.04665218143028097
2023-12-04 04:00:00,19777.969701260812,0.028511021878021427
2023-12-04 08:00:00,19833.385121297808,0.02578903015707601
2023-12-04 12:00:00,19833.385121297808,0.02578903015707601
2023-12-04 16:00:00,19833.385121297808,0.02578903015707601
2023-12-04 20:00:00,19833.385121297808,0.02578903015707601
2023-12-05 00:00:00,19833.385121297808,0.02578903015707601
2023-12-05 04:00:00,19696.122481148992,0.0325313370787009
2023-12-05 08:00:00,19795.159249058426,0.02766667554336108
2023-12-05 12:00:00,20066.253152970083,0.014350610059175208
2023-12-05 16:00:00,20807.603451666633,0.0
2023-12-05 20:00:00,20807.603451666633,0.0
2023-12-06 00:00:00,20807.603451666633,0.0
2023-12-06 04:00:00,20800.717653632546,0.00033092701185324
2023-12-06 08:00:00,20875.879772983884,0.0
2023-12-06 12:00:00,20848.866501967,0.001293994375836671
2023-12-06 16:00:00,20948.613741166202,0.0
2023-12-06 20:00:00,20837.59465793336,0.005299590923034528
2023-12-07 00:00:00,20919.661373981664,0.0013820660184136076
2023-12-07 04:00:00,20888.91586103429,0.0028497293839830694
2023-12-07 08:00:00,20171.287737034207,0.03710632186627553
2023-12-07 12:00:00,20407.256555178734,0.02584214844362924
2023-12-07 16:00:00,20179.044087871844,0.036736065822917635
2023-12-07 20:00:00,20213.814043920705,0.03507629222269438
2023-12-08 00:00:00,20260.238752056666,0.03286016906010384
2023-12-08 04:00:00,20160.230139965734,0.03763416572291907
2023-12-08 08:00:00,20404.122791646292,0.025991741327013377
2023-12-08 12:00:00,20457.67241941887,0.02343550402968112
2023-12-08 16:00:00,20549.747241736135,0.019040233609647066
2023-12-08 20:00:00,20662.677640627986,0.013649404398359877
2023-12-09 00:00:00,20646.86132351785,0.014404409827623971
2023-12-09 04:00:00,20667.270263248873,0.013430171628228568
2023-12-09 08:00:00,20485.82197476583,0.02209176092119827
2023-12-09 12:00:00,20599.685897009997,0.016656369173991024
2023-12-09 16:00:00,20539.31818942791,0.01953807334439426
2023-12-09 20:00:00,20433.910326987225,0.024569807842107067
2023-12-10 00:00:00,20499.75770263185,0.021426527028483175
2023-12-10 04:00:00,20560.304977904085,0.018536251040757425
2023-12-10 08:00:00,20446.080994016538,0.023988830638570362
2023-12-10 12:00:00,20528.92250363205,0.020034320300126387
2023-12-10 16:00:00,20475.593088546928,0.022580045556415004
2023-12-10 20:00:00,20471.78352542727,0.022761898311290763
2023-12-11 00:00:00,19711.771744404236,0.05904171092388054
2023-12-11 04:00:00,19711.771744404236,0.05904171092388054
2023-12-11 08:00:00,19711.771744404236,0.05904171092388054
2023-12-11 12:00:00,19711.771744404236,0.05904171092388054
2023-12-11 16:00:00,19711.771744404236,0.05904171092388054
2023-12-11 20:00:00,19711.771744404236,0.05904171092388054
2023-12-12 00:00:00,19711.771744404236,0.05904171092388054
2023-12-12 04:00:00,19711.771744404236,0.05904171092388054
2023-12-12 08:00:00,19711.771744404236,0.05904171092388054
2023-12-12 12:00:00,19711.771744404236,0.05904171092388054
2023-12-12 16:00:00,19711.771744404236,0.05904171092388054
2023-12-12 20:00:00,19711.771744404236,0.05904171092388054
2023-12-13 00:00:00,19711.771744404236,0.05904171092388054
2023-12-13 04:00:00,19711.771744404236,0.05904171092388054
2023-12-13 08:00:00,19711.771744404236,0.05904171092388054
2023-12-13 12:00:00,19711.771744404236,0.05904171092388054
2023-12-13 16:00:00,19711.771744404236,0.05904171092388054
2023-12-13 20:00:00,19711.771744404236,0.05904171092388054
2023-12-14 00:00:00,19711.771744404236,0.05904171092388054
2023-12-14 04:00:00,19711.771744404236,0.05904171092388054
2023-12-14 08:00:00,19711.771744404236,0.05904171092388054
2023-12-14 12:00:00,19711.771744404236,0.05904171092388054
2023-12-14 16:00:00,19711.771744404236,0.05904171092388054
2023-12-14 20:00:00,19711.771744404236,0.05904171092388054
2023-12-15 00:00:00,19711.771744404236,0.05904171092388054
2023-12-15 04:00:00,19660.4744151307,0.06149043282535569
2023-12-15 08:00:00,19698.486484259876,0.05967589418337958
2023-12-15 12:00:00,19240.66665739701,0.08153031531689842
2023-12-15 16:00:00,19240.66665739701,0.08153031531689842
2023-12-15 20:00:00,19240.66665739701,0.08153031531689842
2023-12-16 00:00:00,19240.66665739701,0.08153031531689842
2023-12-16 04:00:00,19240.66665739701,0.08153031531689842
2023-12-16 08:00:00,19240.66665739701,0.08153031531689842
2023-12-16 12:00:00,19240.66665739701,0.08153031531689842
2023-12-16 16:00:00,19240.66665739701,0.08153031531689842
2023-12-16 20:00:00,19240.66665739701,0.08153031531689842
2023-12-17 00:00:00,19240.66665739701,0.08153031531689842
2023-12-17 04:00:00,19240.66665739701,0.08153031531689842
2023-12-17 08:00:00,19240.66665739701,0.08153031531689842
2023-12-17 12:00:00,19240.66665739701,0.08153031531689842
2023-12-17 16:00:00,19240.66665739701,0.08153031531689842
2023-12-17 20:00:00,19240.66665739701,0.08153031531689842
2023-12-18 00:00:00,19240.66665739701,0.08153031531689842
2023-12-18 04:00:00,19240.66665739701,0.08153031531689842
2023-12-18 08:00:00,19240.66665739701,0.08153031531689842
2023-12-18 12:00:00,19240.66665739701,0.08153031531689842
2023-12-18 16:00:00,19240.66665739701,0.08153031531689842
2023-12-18 20:00:00,19240.66665739701,0.08153031531689842
2023-12-19 00:00:00,19240.66665739701,0.08153031531689842
2023-12-19 04:00:00,19240.66665739701,0.08153031531689842
2023-12-19 08:00:00,19240.66665739701,0.08153031531689842
2023-12-19 12:00:00,19240.66665739701,0.08153031531689842
2023-12-19 16:00:00,19240.66665739701,0.08153031531689842
2023-12-19 20:00:00,19240.66665739701,0.08153031531689842
2023-12-20 00:00:00,19240.66665739701,0.08153031531689842
2023-12-20 04:00:00,19240.66665739701,0.08153031531689842
2023-12-20 08:00:00,19240.66665739701,0.08153031531689842
2023-12-20 12:00:00,19240.66665739701,0.08153031531689842
2023-12-20 16:00:00,19240.66665739701,0.08153031531689842
2023-12-20 20:00:00,19240.66665739701,0.08153031531689842
2023-12-21 00:00:00,19240.66665739701,0.08153031531689842
2023-12-21 04:00:00,19321.59868575741,0.07766695569986756
2023-12-21 08:00:00,19405.141313830296,0.07367897687200287
2023-12-21 12:00:00,19351.3276899699,0.07624781624845504
2023-12-21 16:00:00,19233.72398892817,0.08186172953621726
2023-12-21 20:00:00,19370.21604707839,0.0753461643615156
2023-12-22 00:00:00,19443.308171172685,0.07185704928223655
2023-12-22 04:00:00,19022.34039566691,0.09195230621460956
2023-12-22 08:00:00,19191.892664166033,0.08385858361348417
2023-12-22 12:00:00,19109.03550316907,0.08781384108401259
2023-12-22 16:00:00,19078.707916379768,0.08926155438686022
2023-12-22 20:00:00,19406.939906064792,0.07359311953286249
2023-12-23 00:00:00,18964.312172918333,0.09472233307488553
2023-12-23 04:00:00,19000.1830859506,0.09301000435111048
2023-12-23 08:00:00,18985.62400296448,0.09370499463380928
2023-12-23 12:00:00,19194.063467143063,0.08375495847609549
2023-12-23 16:00:00,19141.61357196646,0.08625869909705763
2023-12-23 20:00:00,19139.943141269785,0.08633843853553859
2023-12-24 00:00:00,19272.242136081903,0.08002303282675241
2023-12-24 04:00:00,19088.911111890968,0.0887744961195559
2023-12-24 08:00:00,19071.919374047706,0.0895856112631738
2023-12-24 12:00:00,19117.92685710759,0.08738940469655615
2023-12-24 16:00:00,19055.74431233305,0.09035774167306682
2023-12-24 20:00:00,18389.613923576046,0.1221560457034661
2023-12-25 00:00:00,18389.613923576046,0.1221560457034661
2023-12-25 04:00:00,18389.613923576046,0.1221560457034661
2023-12-25 08:00:00,18389.613923576046,0.1221560457034661
2023-12-25 12:00:00,18389.613923576046,0.1221560457034661
2023-12-25 16:00:00,18389.613923576046,0.1221560457034661
2023-12-25 20:00:00,18389.613923576046,0.1221560457034661
2023-12-26 00:00:00,18389.613923576046,0.1221560457034661
2023-12-26 04:00:00,18389.613923576046,0.1221560457034661
2023-12-26 08:00:00,18389.613923576046,0.1221560457034661
2023-12-26 12:00:00,18389.613923576046,0.1221560457034661
2023-12-26 16:00:00,18389.613923576046,0.1221560457034661
2023-12-26 20:00:00,18389.613923576046,0.1221560457034661
2023-12-27 00:00:00,18389.613923576046,0.1221560457034661
2023-12-27 04:00:00,18389.613923576046,0.1221560457034661
2023-12-27 08:00:00,18389.613923576046,0.1221560457034661
2023-12-27 12:00:00,18389.613923576046,0.1221560457034661
2023-12-27 16:00:00,18389.613923576046,0.1221560457034661
2023-12-27 20:00:00,18389.613923576046,0.1221560457034661
2023-12-28 00:00:00,18389.613923576046,0.1221560457034661
2023-12-28 04:00:00,18389.613923576046,0.1221560457034661
2023-12-28 08:00:00,18389.613923576046,0.1221560457034661
2023-12-28 12:00:00,18389.613923576046,0.1221560457034661
2023-12-28 16:00:00,18389.613923576046,0.1221560457034661
2023-12-28 20:00:00,18389.613923576046,0.1221560457034661
2023-12-29 00:00:00,18389.613923576046,0.1221560457034661
2023-12-29 04:00:00,18389.613923576046,0.1221560457034661
2023-12-29 08:00:00,18389.613923576046,0.1221560457034661
2023-12-29 12:00:00,18389.613923576046,0.1221560457034661
2023-12-29 16:00:00,18389.613923576046,0.1221560457034661
2023-12-29 20:00:00,18389.613923576046,0.1221560457034661
2023-12-30 00:00:00,18389.613923576046,0.1221560457034661
2023-12-30 04:00:00,18389.613923576046,0.1221560457034661
2023-12-30 08:00:00,18389.613923576046,0.1221560457034661
2023-12-30 12:00:00,18389.613923576046,0.1221560457034661
2023-12-30 16:00:00,18389.613923576046,0.1221560457034661
2023-12-30 20:00:00,18389.613923576046,0.1221560457034661
2023-12-31 00:00:00,18389.613923576046,0.1221560457034661
2023-12-31 04:00:00,18389.613923576046,0.1221560457034661
2023-12-31 08:00:00,18389.613923576046,0.1221560457034661
2023-12-31 12:00:00,18389.613923576046,0.1221560457034661
2023-12-31 16:00:00,18389.613923576046,0.1221560457034661
2023-12-31 20:00:00,18389.613923576046,0.1221560457034661
2024-01-01 00:00:00,18389.613923576046,0.1221560457034661
2024-01-01 04:00:00,18389.613923576046,0.1221560457034661
2024-01-01 08:00:00,18389.613923576046,0.1221560457034661
2024-01-01 12:00:00,18389.613923576046,0.1221560457034661
2024-01-01 16:00:00,18389.613923576046,0.1221560457034661
2024-01-01 20:00:00,18389.613923576046,0.1221560457034661
2024-01-02 00:00:00,18389.613923576046,0.1221560457034661
2024-01-02 04:00:00,18416.007825753593,0.1208961102011144
2024-01-02 08:00:00,18405.229476284047,0.12141062393470654
2024-01-02 12:00:00,18280.63632234799,0.12735818473636562
2024-01-02 16:00:00,18207.963295633966,0.13082729384362904
2024-01-02 20:00:00,18161.66504332027,0.1330373805293516
2024-01-03 00:00:00,18319.544679191433,0.1255008610335096
2024-01-03 04:00:00,18048.595218580263,0.13843486535278948
2024-01-03 08:00:00,16702.72293670297,0.2026812302200034
2024-01-03 12:00:00,16702.72293670297,0.2026812302200034
2024-01-03 16:00:00,16702.72293670297,0.2026812302200034
2024-01-03 20:00:00,16702.72293670297,0.2026812302200034
2024-01-04 00:00:00,16702.72293670297,0.2026812302200034
2024-01-04 04:00:00,16702.72293670297,0.2026812302200034
2024-01-04 08:00:00,16702.72293670297,0.2026812302200034
2024-01-04 12:00:00,16702.72293670297,0.2026812302200034
2024-01-04 16:00:00,16702.72293670297,0.2026812302200034
2024-01-04 20:00:00,16702.72293670297,0.2026812302200034
2024-01-05 00:00:00,16702.72293670297,0.2026812302200034
2024-01-05 04:00:00,16702.72293670297,0.2026812302200034
2024-01-05 08:00:00,16702.72293670297,0.2026812302200034
2024-01-05 12:00:00,16702.72293670297,0.2026812302200034
2024-01-05 16:00:00,16702.72293670297,0.2026812302200034
2024-01-05 20:00:00,16702.72293670297,0.2026812302200034
2024-01-06 00:00:00,16702.72293670297,0.2026812302200034
2024-01-06 04:00:00,16577.996715497895,0.20863514310159773
2024-01-06 08:00:00,16587.368582021056,0.20818776903479996
2024-01-06 12:00:00,16684.964976915144,0.2035289216237037
2024-01-06 16:00:00,16704.551601463823,0.20259393734308803
2024-01-06 20:00:00,16735.523111144794,0.2011154858300837
2024-01-07 00:00:00,16721.559398536534,0.20178205559841256
2024-01-07 04:00:00,16880.01905553742,0.19421784829769284
2024-01-07 08:00:00,16861.10185744196,0.19512087693382094
2024-01-07 12:00:00,16847.554365253945,0.19576757806428255
2024-01-07 16:00:00,17044.738089222414,0.1863548442956045
2024-01-07 20:00:00,16728.968157336996,0.20142839215833952
2024-01-08 00:00:00,16318.131902837502,0.2210400122672233
2024-01-08 04:00:00,16774.460892569135,0.19925675751968364
2024-01-08 08:00:00,17435.88988571892,0.16768287863098144
2024-01-08 12:00:00,17696.758634799186,0.15523008570141247
2024-01-08 16:00:00,17696.758634799186,0.15523008570141247
2024-01-08 20:00:00,17696.758634799186,0.15523008570141247
2024-01-09 00:00:00,17696.758634799186,0.15523008570141247
2024-01-09 04:00:00,17658.096512708576,0.1570756551776702
2024-01-09 08:00:00,17553.32843763713,0.1620768488779276
2024-01-09 12:00:00,17679.3690909984,0.15606019045276476
2024-01-09 16:00:00,17683.32014971602,0.15587158328446057
2024-01-09 20:00:00,17270.516839047537,0.17557710250253086
2024-01-10 00:00:00,17270.516839047537,0.17557710250253086
2024-01-10 04:00:00,17270.516839047537,0.17557710250253086
2024-01-10 08:00:00,17270.516839047537,0.17557710250253086
2024-01-10 12:00:00,17270.516839047537,0.17557710250253086
2024-01-10 16:00:00,17270.516839047537,0.17557710250253086
2024-01-10 20:00:00,17270.516839047537,0.17557710250253086
2024-01-11 00:00:00,17270.516839047537,0.17557710250253086
2024-01-11 04:00:00,17069.81365712914,0.18515784060760151
2024-01-11 08:00:00,17549.10624128753,0.16227839903307242
2024-01-11 12:00:00,17410.98585760431,0.16887169372024288
2024-01-11 16:00:00,17365.236684802443,0.17105556962569082
2024-01-11 20:00:00,17188.65757945611,0.1794847242956887
2024-01-12 00:00:00,17016.0700495986,0.18772333769464405
2024-01-12 04:00:00,17023.155570550778,0.1873851042898123
2024-01-12 08:00:00,16996.226414438548,0.1886705905966848
2024-01-12 12:00:00,16222.381065379703,0.22561076041508948
2024-01-12 16:00:00,16222.381065379703,0.22561076041508948
2024-01-12 20:00:00,16222.381065379703,0.22561076041508948
2024-01-13 00:00:00,16222.381065379703,0.22561076041508948
2024-01-13 04:00:00,16222.381065379703,0.22561076041508948
2024-01-13 08:00:00,16222.381065379703,0.22561076041508948
2024-01-13 12:00:00,16222.381065379703,0.22561076041508948
2024-01-13 16:00:00,16222.381065379703,0.22561076041508948
2024-01-13 20:00:00,16222.381065379703,0.22561076041508948
2024-01-14 00:00:00,16222.381065379703,0.22561076041508948
2024-01-14 04:00:00,16222.381065379703,0.22561076041508948
2024-01-14 08:00:00,16222.381065379703,0.22561076041508948
2024-01-14 12:00:00,16222.381065379703,0.22561076041508948
2024-01-14 16:00:00,16222.381065379703,0.22561076041508948
2024-01-14 20:00:00,16222.381065379703,0.22561076041508948
2024-01-15 00:00:00,16222.381065379703,0.22561076041508948
2024-01-15 04:00:00,16222.381065379703,0.22561076041508948
2024-01-15 08:00:00,16222.381065379703,0.22561076041508948
2024-01-15 12:00:00,16222.381065379703,0.22561076041508948
2024-01-15 16:00:00,16222.381065379703,0.22561076041508948
2024-01-15 20:00:00,16222.381065379703,0.22561076041508948
2024-01-16 00:00:00,16222.381065379703,0.22561076041508948
2024-01-16 04:00:00,16222.381065379703,0.22561076041508948
2024-01-16 08:00:00,16222.381065379703,0.22561076041508948
2024-01-16 12:00:00,16222.381065379703,0.22561076041508948
2024-01-16 16:00:00,16222.381065379703,0.22561076041508948
2024-01-16 20:00:00,16222.381065379703,0.22561076041508948
2024-01-17 00:00:00,16222.381065379703,0.22561076041508948
2024-01-17 04:00:00,16222.381065379703,0.22561076041508948
2024-01-17 08:00:00,16222.381065379703,0.22561076041508948
2024-01-17 12:00:00,16222.381065379703,0.22561076041508948
2024-01-17 16:00:00,16222.381065379703,0.22561076041508948
2024-01-17 20:00:00,16222.381065379703,0.22561076041508948
2024-01-18 00:00:00,16222.381065379703,0.22561076041508948
2024-01-18 04:00:00,16222.381065379703,0.22561076041508948
2024-01-18 08:00:00,16222.381065379703,0.22561076041508948
2024-01-18 12:00:00,16222.381065379703,0.22561076041508948
2024-01-18 16:00:00,16222.381065379703,0.22561076041508948
2024-01-18 20:00:00,16222.381065379703,0.22561076041508948
2024-01-19 00:00:00,16222.381065379703,0.22561076041508948
2024-01-19 04:00:00,16222.381065379703,0.22561076041508948
2024-01-19 08:00:00,16222.381065379703,0.22561076041508948
2024-01-19 12:00:00,16222.381065379703,0.22561076041508948
2024-01-19 16:00:00,16222.381065379703,0.22561076041508948
2024-01-19 20:00:00,16222.381065379703,0.22561076041508948
2024-01-20 00:00:00,16222.381065379703,0.22561076041508948
2024-01-20 04:00:00,16222.381065379703,0.22561076041508948
2024-01-20 08:00:00,16222.381065379703,0.22561076041508948
2024-01-20 12:00:00,16222.381065379703,0.22561076041508948
2024-01-20 16:00:00,16222.381065379703,0.22561076041508948
2024-01-20 20:00:00,16222.381065379703,0.22561076041508948
2024-01-21 00:00:00,16222.381065379703,0.22561076041508948
2024-01-21 04:00:00,16222.381065379703,0.22561076041508948
2024-01-21 08:00:00,16222.381065379703,0.22561076041508948
2024-01-21 12:00:00,16222.381065379703,0.22561076041508948
2024-01-21 16:00:00,16222.381065379703,0.22561076041508948
2024-01-21 20:00:00,16222.381065379703,0.22561076041508948
2024-01-22 00:00:00,16222.381065379703,0.22561076041508948
2024-01-22 04:00:00,16222.381065379703,0.22561076041508948
2024-01-22 08:00:00,16222.381065379703,0.22561076041508948
2024-01-22 12:00:00,16222.381065379703,0.22561076041508948
2024-01-22 16:00:00,16222.381065379703,0.22561076041508948
2024-01-22 20:00:00,16222.381065379703,0.22561076041508948
2024-01-23 00:00:00,16222.381065379703,0.22561076041508948
2024-01-23 04:00:00,16222.381065379703,0.22561076041508948
2024-01-23 08:00:00,16222.381065379703,0.22561076041508948
2024-01-23 12:00:00,16222.381065379703,0.22561076041508948
2024-01-23 16:00:00,16222.381065379703,0.22561076041508948
2024-01-23 20:00:00,16222.381065379703,0.22561076041508948
2024-01-24 00:00:00,16222.381065379703,0.22561076041508948
2024-01-24 04:00:00,16222.381065379703,0.22561076041508948
2024-01-24 08:00:00,16222.381065379703,0.22561076041508948
2024-01-24 12:00:00,16222.381065379703,0.22561076041508948
2024-01-24 16:00:00,16222.381065379703,0.22561076041508948
2024-01-24 20:00:00,16222.381065379703,0.22561076041508948
2024-01-25 00:00:00,16222.381065379703,0.22561076041508948
2024-01-25 04:00:00,16222.381065379703,0.22561076041508948
2024-01-25 08:00:00,16222.381065379703,0.22561076041508948
2024-01-25 12:00:00,16222.381065379703,0.22561076041508948
2024-01-25 16:00:00,16222.381065379703,0.22561076041508948
2024-01-25 20:00:00,16222.381065379703,0.22561076041508948
2024-01-26 00:00:00,16222.381065379703,0.22561076041508948
2024-01-26 04:00:00,16156.16619569791,0.2287715838709955
2024-01-26 08:00:00,16788.04941113526,0.19860809795996195
2024-01-26 12:00:00,16788.04941113526,0.19860809795996195
2024-01-26 16:00:00,16788.04941113526,0.19860809795996195
2024-01-26 20:00:00,16788.04941113526,0.19860809795996195
2024-01-27 00:00:00,16788.04941113526,0.19860809795996195
2024-01-27 04:00:00,16741.85669165349,0.20081314694566144
2024-01-27 08:00:00,16767.393962085094,0.19959410349261328
2024-01-27 12:00:00,16793.771133247883,0.19833496665956574
2024-01-27 16:00:00,16841.998265644652,0.19603280323278024
2024-01-27 20:00:00,16947.07088107715,0.19101707203783153
2024-01-28 00:00:00,17002.663285088318,0.1883633210690062
2024-01-28 04:00:00,17174.286058504706,0.18017076114418734
2024-01-28 08:00:00,17257.43085992521,0.17620177291194375
2024-01-28 12:00:00,17043.441681086566,0.1864167294471408
2024-01-28 16:00:00,16571.334344718918,0.20895317707087582
2024-01-28 20:00:00,16816.456306575546,0.197252070501951
2024-01-29 00:00:00,17116.580389370847,0.1829253906316966
2024-01-29 04:00:00,16714.272747299892,0.20212989012945473
2024-01-29 08:00:00,17004.482052026513,0.18827650067312382
2024-01-29 12:00:00,17596.66190619159,0.16000828868154063
2024-01-29 16:00:00,18101.566973766334,0.13590621329778618
2024-01-29 20:00:00,18360.19163834136,0.12356054366205267
2024-01-30 00:00:00,18360.19163834136,0.12356054366205267
2024-01-30 04:00:00,18288.00252868954,0.12700655257432547
2024-01-30 08:00:00,18377.739394482127,0.12272288650928916
2024-01-30 12:00:00,18296.61136653753,0.1265956023341636
2024-01-30 16:00:00,18382.842975128187,0.12247926272066435
2024-01-30 20:00:00,18079.39693205837,0.13696451920680183
2024-01-31 00:00:00,18073.87342062249,0.13722818875096007
2024-01-31 04:00:00,18133.833697522943,0.13436593363273122
2024-01-31 08:00:00,17914.297136106965,0.14484569922144727
2024-01-31 12:00:00,17914.297136106965,0.14484569922144727
2024-01-31 16:00:00,17914.297136106965,0.14484569922144727
2024-01-31 20:00:00,17914.297136106965,0.14484569922144727
2024-02-01 00:00:00,17914.297136106965,0.14484569922144727
2024-02-01 04:00:00,17914.297136106965,0.14484569922144727
2024-02-01 08:00:00,17914.297136106965,0.14484569922144727
2024-02-01 12:00:00,17914.297136106965,0.14484569922144727
2024-02-01 16:00:00,17914.297136106965,0.14484569922144727
2024-02-01 20:00:00,17914.297136106965,0.14484569922144727
2024-02-02 00:00:00,17914.297136106965,0.14484569922144727
2024-02-02 04:00:00,17914.297136106965,0.14484569922144727
2024-02-02 08:00:00,17914.297136106965,0.14484569922144727
2024-02-02 12:00:00,17914.297136106965,0.14484569922144727
2024-02-02 16:00:00,17914.297136106965,0.14484569922144727
2024-02-02 20:00:00,17914.297136106965,0.14484569922144727
2024-02-03 00:00:00,17914.297136106965,0.14484569922144727
2024-02-03 04:00:00,17839.51848109031,0.14841532229725535
2024-02-03 08:00:00,17810.5057141762,0.1498002715484363
2024-02-03 12:00:00,17872.507365393583,0.14684056968064432
2024-02-03 16:00:00,17843.51424147485,0.148224581256635
2024-02-03 20:00:00,17818.505990332276,0.14941837152130688
2024-02-04 00:00:00,17826.532405478203,0.14903522372713307
2024-02-04 04:00:00,17735.45944948974,0.15338266920079208
2024-02-04 08:00:00,17842.984743204615,0.1482498573095891
2024-02-04 12:00:00,17784.53105111031,0.1510401943131035
2024-02-04 16:00:00,17631.138776418462,0.1583625057837864
2024-02-04 20:00:00,17586.144574508053,0.16051034250779794
2024-02-05 00:00:00,17586.144574508053,0.16051034250779794
2024-02-05 04:00:00,17586.144574508053,0.16051034250779794
2024-02-05 08:00:00,17586.144574508053,0.16051034250779794
2024-02-05 12:00:00,17586.144574508053,0.16051034250779794
2024-02-05 16:00:00,17586.144574508053,0.16051034250779794
2024-02-05 20:00:00,17586.144574508053,0.16051034250779794
2024-02-06 00:00:00,17586.144574508053,0.16051034250779794
2024-02-06 04:00:00,17586.144574508053,0.16051034250779794
2024-02-06 08:00:00,17586.144574508053,0.16051034250779794
2024-02-06 12:00:00,17586.144574508053,0.16051034250779794
2024-02-06 16:00:00,17586.144574508053,0.16051034250779794
2024-02-06 20:00:00,17586.144574508053,0.16051034250779794
2024-02-07 00:00:00,17586.144574508053,0.16051034250779794
2024-02-07 04:00:00,17586.144574508053,0.16051034250779794
2024-02-07 08:00:00,17586.144574508053,0.16051034250779794
2024-02-07 12:00:00,17586.144574508053,0.16051034250779794
2024-02-07 16:00:00,17586.144574508053,0.16051034250779794
2024-02-07 20:00:00,17586.144574508053,0.16051034250779794
2024-02-08 00:00:00,17586.144574508053,0.16051034250779794
2024-02-08 04:00:00,17591.419468513122,0.16025854092940978
2024-02-08 08:00:00,17684.276590217167,0.15582592677883375
2024-02-08 12:00:00,18050.939549869774,0.13832295669293845
2024-02-08 16:00:00,17976.849138780388,0.14185972585603543
2024-02-08 20:00:00,17979.095548317193,0.141752491574829
2024-02-09 00:00:00,18339.553890958858,0.12454570419045298
2024-02-09 04:00:00,18389.1629642106,0.12217757263460416
2024-02-09 08:00:00,18852.152108808288,0.10007638969628568
2024-02-09 12:00:00,18852.152108808288,0.10007638969628568
2024-02-09 16:00:00,18852.152108808288,0.10007638969628568
2024-02-09 20:00:00,18852.152108808288,0.10007638969628568
2024-02-10 00:00:00,18852.152108808288,0.10007638969628568
2024-02-10 04:00:00,18726.58180540371,0.10607059556384711
2024-02-10 08:00:00,18741.713007486484,0.10534829468658011
2024-02-10 12:00:00,18827.44382701612,0.10125586066737026
2024-02-10 16:00:00,18916.23990999709,0.09701710367475469
2024-02-10 20:00:00,19026.2314691912,0.09176656249083066
2024-02-11 00:00:00,19381.70347565427,0.07479780213011374
2024-02-11 04:00:00,19219.998930605005,0.082516906938061
2024-02-11 08:00:00,19336.08436348666,0.07697546947990896
2024-02-11 12:00:00,19205.436086772683,0.08321207674797088
2024-02-11 16:00:00,19272.211320261278,0.0800245038463151
2024-02-11 20:00:00,19280.196857657636,0.07964330738649084
2024-02-12 00:00:00,19202.692858668463,0.08334302708855736
2024-02-12 04:00:00,19282.708938422616,0.07952339106190638
2024-02-12 08:00:00,18981.742188221837,0.09389029638172469
2024-02-12 12:00:00,20931.937433928553,0.0007960577937850939
2024-02-12 16:00:00,20931.937433928553,0.0007960577937850939
2024-02-12 20:00:00,20931.937433928553,0.0007960577937850939
2024-02-13 00:00:00,20931.937433928553,0.0007960577937850939
2024-02-13 04:00:00,21021.979037182675,0.0
2024-02-13 08:00:00,21024.48490916141,0.0
2024-02-13 12:00:00,20369.80162737398,0.031139087811951554
2024-02-13 16:00:00,20369.80162737398,0.031139087811951554
2024-02-13 20:00:00,20369.80162737398,0.031139087811951554
2024-02-14 00:00:00,20369.80162737398,0.031139087811951554
2024-02-14 04:00:00,20369.80162737398,0.031139087811951554
2024-02-14 08:00:00,20369.80162737398,0.031139087811951554
2024-02-14 12:00:00,20369.80162737398,0.031139087811951554
2024-02-14 16:00:00,20369.80162737398,0.031139087811951554
2024-02-14 20:00:00,20369.80162737398,0.031139087811951554
2024-02-15 00:00:00,20369.80162737398,0.031139087811951554
2024-02-15 04:00:00,20106.527661446005,0.0436613430332081
2024-02-15 08:00:00,20383.211291440017,0.030501276035635825
2024-02-15 12:00:00,20192.317296741974,0.039580879912868544
2024-02-15 16:00:00,20219.197101670154,0.038302379866645454
2024-02-15 20:00:00,20158.182508096965,0.04120445303689477
2024-02-16 00:00:00,20358.29601996315,0.03168633581638751
2024-02-16 04:00:00,19798.575793903932,0.05830863969101508
2024-02-16 08:00:00,20280.42137152796,0.03539033373936429
2024-02-16 12:00:00,19954.552712168446,0.050889817354181174
2024-02-16 16:00:00,19822.813178801243,0.057155822630238974
2024-02-16 20:00:00,20190.608193738302,0.039662170989014096
2024-02-17 00:00:00,20035.227203825707,0.0470526488334862
2024-02-17 04:00:00,19977.785284842386,0.0497847927709717
2024-02-17 08:00:00,19756.915212684708,0.06029016653456078
2024-02-17 12:00:00,19002.731454513836,0.09616185430381671
2024-02-17 16:00:00,19002.731454513836,0.09616185430381671
2024-02-17 20:00:00,19002.731454513836,0.09616185430381671
2024-02-18 00:00:00,19002.731454513836,0.09616185430381671
2024-02-18 04:00:00,19002.731454513836,0.09616185430381671
2024-02-18 08:00:00,19002.731454513836,0.09616185430381671
2024-02-18 12:00:00,19002.731454513836,0.09616185430381671
2024-02-18 16:00:00,19002.731454513836,0.09616185430381671
2024-02-18 20:00:00,19002.731454513836,0.09616185430381671
2024-02-19 00:00:00,19002.731454513836,0.09616185430381671
2024-02-19 04:00:00,19002.731454513836,0.09616185430381671
2024-02-19 08:00:00,19002.731454513836,0.09616185430381671
2024-02-19 12:00:00,19002.731454513836,0.09616185430381671
2024-02-19 16:00:00,19002.731454513836,0.09616185430381671
2024-02-19 20:00:00,19002.731454513836,0.09616185430381671
2024-02-20 00:00:00,19002.731454513836,0.09616185430381671
2024-02-20 04:00:00,19002.731454513836,0.09616185430381671
2024-02-20 08:00:00,19002.731454513836,0.09616185430381671
2024-02-20 12:00:00,19002.731454513836,0.09616185430381671
2024-02-20 16:00:00,19002.731454513836,0.09616185430381671
2024-02-20 20:00:00,19002.731454513836,0.09616185430381671
2024-02-21 00:00:00,19002.731454513836,0.09616185430381671
2024-02-21 04:00:00,19002.731454513836,0.09616185430381671
2024-02-21 08:00:00,19002.731454513836,0.09616185430381671
2024-02-21 12:00:00,19002.731454513836,0.09616185430381671
2024-02-21 16:00:00,19002.731454513836,0.09616185430381671
2024-02-21 20:00:00,19002.731454513836,0.09616185430381671
2024-02-22 00:00:00,19002.731454513836,0.09616185430381671
2024-02-22 04:00:00,19002.731454513836,0.09616185430381671
2024-02-22 08:00:00,19002.731454513836,0.09616185430381671
2024-02-22 12:00:00,19002.731454513836,0.09616185430381671
2024-02-22 16:00:00,19002.731454513836,0.09616185430381671
2024-02-22 20:00:00,19002.731454513836,0.09616185430381671
2024-02-23 00:00:00,19002.731454513836,0.09616185430381671
2024-02-23 04:00:00,19002.731454513836,0.09616185430381671
2024-02-23 08:00:00,19002.731454513836,0.09616185430381671
2024-02-23 12:00:00,19002.731454513836,0.09616185430381671
2024-02-23 16:00:00,19002.731454513836,0.09616185430381671
2024-02-23 20:00:00,19002.731454513836,0.09616185430381671
2024-02-24 00:00:00,19002.731454513836,0.09616185430381671
2024-02-24 04:00:00,19002.731454513836,0.09616185430381671
2024-02-24 08:00:00,19002.731454513836,0.09616185430381671
2024-02-24 12:00:00,19002.731454513836,0.09616185430381671
2024-02-24 16:00:00,19002.731454513836,0.09616185430381671
2024-02-24 20:00:00,19002.731454513836,0.09616185430381671
2024-02-25 00:00:00,19002.731454513836,0.09616185430381671
2024-02-25 04:00:00,19002.731454513836,0.09616185430381671
2024-02-25 08:00:00,19002.731454513836,0.09616185430381671
2024-02-25 12:00:00,19002.731454513836,0.09616185430381671
2024-02-25 16:00:00,19002.731454513836,0.09616185430381671
2024-02-25 20:00:00,19002.731454513836,0.09616185430381671
2024-02-26 00:00:00,19002.731454513836,0.09616185430381671
2024-02-26 04:00:00,19002.731454513836,0.09616185430381671
2024-02-26 08:00:00,19002.731454513836,0.09616185430381671
2024-02-26 12:00:00,19002.731454513836,0.09616185430381671
2024-02-26 16:00:00,19002.731454513836,0.09616185430381671
2024-02-26 20:00:00,19002.731454513836,0.09616185430381671
2024-02-27 00:00:00,19002.731454513836,0.09616185430381671
2024-02-27 04:00:00,19180.591110778085,0.08770221036805749
2024-02-27 08:00:00,19414.93925451034,0.07655577112139902
2024-02-27 12:00:00,19523.866313967028,0.07137480902281164
2024-02-27 16:00:00,19782.065477281572,0.05909392963717521
2024-02-27 20:00:00,19782.065477281572,0.05909392963717521
2024-02-28 00:00:00,19782.065477281572,0.05909392963717521
2024-02-28 04:00:00,20412.520472579265,0.029107226133063595
2024-02-28 08:00:00,20412.520472579265,0.029107226133063595
2024-02-28 12:00:00,20412.520472579265,0.029107226133063595
2024-02-28 16:00:00,20412.520472579265,0.029107226133063595
2024-02-28 20:00:00,20412.520472579265,0.029107226133063595
2024-02-29 00:00:00,20412.520472579265,0.029107226133063595
2024-02-29 04:00:00,20964.253063938286,0.0028648428479157153
2024-02-29 08:00:00,21078.66981883919,0.0
2024-02-29 12:00:00,20994.65600876472,0.003985726366821399
2024-02-29 16:00:00,20410.626825169464,0.03169284397028972
2024-02-29 20:00:00,20176.106080320547,0.04281881856282838
2024-03-01 00:00:00,20163.55903586718,0.043414066961384994
2024-03-01 04:00:00,20492.745697799743,0.027797015944325546
2024-03-01 08:00:00,20922.44465391796,0.007411528633633377
2024-03-01 12:00:00,20322.687487684412,0.03586480255405459
2024-03-01 16:00:00,21274.180847363616,0.0
2024-03-01 20:00:00,21446.55915640951,0.0
2024-03-02 00:00:00,21366.08158622785,0.0037524700160401466
2024-03-02 04:00:00,20924.493800338063,0.024342616093520123
2024-03-02 08:00:00,20646.15893237561,0.03732068245524096
2024-03-02 12:00:00,20563.439606153646,0.04117768000989256
2024-03-02 16:00:00,21078.757883995964,0.01714966348360004
2024-03-02 20:00:00,20887.480557362425,0.026068452051899296
2024-03-03 00:00:00,20803.153452894483,0.03000041632891668
2024-03-03 04:00:00,20303.4748980317,0.0532991912614656
2024-03-03 08:00:00,20653.08193327643,0.036997880049021326
2024-03-03 12:00:00,21153.336286124017,0.013672257080822188
2024-03-03 16:00:00,21947.720344528072,0.0
2024-03-03 20:00:00,22280.575227540743,0.0
2024-03-04 00:00:00,22452.940021166985,0.0
2024-03-04 04:00:00,22986.05807695639,0.0
2024-03-04 08:00:00,23520.01571049918,0.0
2024-03-04 12:00:00,23520.01571049918,0.0
2024-03-04 16:00:00,23520.01571049918,0.0
2024-03-04 20:00:00,23520.01571049918,0.0
2024-03-05 00:00:00,23520.01571049918,0.0
2024-03-05 04:00:00,22494.916471459033,0.0435841222071357
2024-03-05 08:00:00,22494.916471459033,0.0435841222071357
2024-03-05 12:00:00,22494.916471459033,0.0435841222071357
2024-03-05 16:00:00,22494.916471459033,0.0435841222071357
2024-03-05 20:00:00,22494.916471459033,0.0435841222071357
2024-03-06 00:00:00,22494.916471459033,0.0435841222071357
2024-03-06 04:00:00,22494.916471459033,0.0435841222071357
2024-03-06 08:00:00,22494.916471459033,0.0435841222071357
2024-03-06 12:00:00,22494.916471459033,0.0435841222071357
2024-03-06 16:00:00,22494.916471459033,0.0435841222071357
2024-03-06 20:00:00,22494.916471459033,0.0435841222071357
2024-03-07 00:00:00,22494.916471459033,0.0435841222071357
2024-03-07 04:00:00,22494.916471459033,0.0435841222071357
2024-03-07 08:00:00,22494.916471459033,0.0435841222071357
2024-03-07 12:00:00,22494.916471459033,0.0435841222071357
2024-03-07 16:00:00,22494.916471459033,0.0435841222071357
2024-03-07 20:00:00,22494.916471459033,0.0435841222071357
2024-03-08 00:00:00,22494.916471459033,0.0435841222071357
2024-03-08 04:00:00,22504.39840629473,0.0431809789885083
2024-03-08 08:00:00,22763.482542623475,0.03216550435967588
2024-03-08 12:00:00,22701.66439231614,0.034793825321202294
2024-03-08 16:00:00,23254.284190307513,0.0112981013049684
2024-03-08 20:00:00,23254.284190307513,0.0112981013049684
2024-03-09 00:00:00,23254.284190307513,0.0112981013049684
2024-03-09 04:00:00,23296.543206333892,0.009501375633245537
2024-03-09 08:00:00,23302.205687789738,0.009260624031480334
2024-03-09 12:00:00,23296.29791637954,0.00951180462093723
2024-03-09 16:00:00,23248.939879168574,0.01152532526624123
2024-03-09 20:00:00,23308.806697397333,0.008979969048556639
2024-03-10 00:00:00,23720.557473998197,0.0
2024-03-10 04:00:00,23947.223294983996,0.0
2024-03-10 08:00:00,24168.50009599791,0.0
2024-03-10 12:00:00,23794.83746522442,0.01546072901873487
2024-03-10 16:00:00,24000.172320792288,0.006964758861204521
2024-03-10 20:00:00,23555.829368249037,0.025349968980918586
2024-03-11 00:00:00,23204.339565221457,0.039893271280666324
2024-03-11 04:00:00,25495.515394534134,0.0
2024-03-11 08:00:00,25495.515394534134,0.0
2024-03-11 12:00:00,25495.515394534134,0.0
2024-03-11 16:00:00,25495.515394534134,0.0
2024-03-11 20:00:00,25495.515394534134,0.0
2024-03-12 00:00:00,25495.515394534134,0.0
2024-03-12 04:00:00,25753.90382817619,0.0
2024-03-12 08:00:00,25705.250247347758,0.0018891730416109532
2024-03-12 12:00:00,25545.031061271548,0.008110334196251977
2024-03-12 16:00:00,25368.3076640187,0.014972338435760834
2024-03-12 20:00:00,25419.303573530673,0.012992214961968035
2024-03-13 00:00:00,25722.00028963292,0.0012387845647060592
2024-03-13 04:00:00,26496.263858659822,0.0
2024-03-13 08:00:00,26706.490287414486,0.0
2024-03-13 12:00:00,26275.993712878135,0.016119548840126865
2024-03-13 16:00:00,26933.1064262387,0.0
2024-03-13 20:00:00,26794.674569179417,0.005139839974954444
2024-03-14 00:00:00,26891.99726202418,0.0015263432135876002
2024-03-14 04:00:00,26830.229682771776,0.0038197132495158474
2024-03-14 08:00:00,26490.19915562043,0.016444715422309495
2024-03-14 12:00:00,24369.411681114216,0.09518748801389242
2024-03-14 16:00:00,24369.411681114216,0.09518748801389242
2024-03-14 20:00:00,24369.411681114216,0.09518748801389242
2024-03-15 00:00:00,24369.411681114216,0.09518748801389242
2024-03-15 04:00:00,24369.411681114216,0.09518748801389242
2024-03-15 08:00:00,24369.411681114216,0.09518748801389242
2024-03-15 12:00:00,24369.411681114216,0.09518748801389242
2024-03-15 16:00:00,24369.411681114216,0.09518748801389242
2024-03-15 20:00:00,24369.411681114216,0.09518748801389242
2024-03-16 00:00:00,24369.411681114216,0.09518748801389242
2024-03-16 04:00:00,24369.411681114216,0.09518748801389242
2024-03-16 08:00:00,24369.411681114216,0.09518748801389242
2024-03-16 12:00:00,24369.411681114216,0.09518748801389242
2024-03-16 16:00:00,24369.411681114216,0.09518748801389242
2024-03-16 20:00:00,24369.411681114216,0.09518748801389242
2024-03-17 00:00:00,24369.411681114216,0.09518748801389242
2024-03-17 04:00:00,24369.411681114216,0.09518748801389242
2024-03-17 08:00:00,24369.411681114216,0.09518748801389242
2024-03-17 12:00:00,24369.411681114216,0.09518748801389242
2024-03-17 16:00:00,24369.411681114216,0.09518748801389242
2024-03-17 20:00:00,24369.411681114216,0.09518748801389242
2024-03-18 00:00:00,24369.411681114216,0.09518748801389242
2024-03-18 04:00:00,24369.411681114216,0.09518748801389242
2024-03-18 08:00:00,24369.411681114216,0.09518748801389242
2024-03-18 12:00:00,24369.411681114216,0.09518748801389242
2024-03-18 16:00:00,24369.411681114216,0.09518748801389242
2024-03-18 20:00:00,24369.411681114216,0.09518748801389242
2024-03-19 00:00:00,24369.411681114216,0.09518748801389242
2024-03-19 04:00:00,24369.411681114216,0.09518748801389242
2024-03-19 08:00:00,24369.411681114216,0.09518748801389242
2024-03-19 12:00:00,24369.411681114216,0.09518748801389242
2024-03-19 16:00:00,24369.411681114216,0.09518748801389242
2024-03-19 20:00:00,24369.411681114216,0.09518748801389242
2024-03-20 00:00:00,24369.411681114216,0.09518748801389242
2024-03-20 04:00:00,24369.411681114216,0.09518748801389242
2024-03-20 08:00:00,24369.411681114216,0.09518748801389242
2024-03-20 12:00:00,24369.411681114216,0.09518748801389242
2024-03-20 16:00:00,24369.411681114216,0.09518748801389242
2024-03-20 20:00:00,24369.411681114216,0.09518748801389242
2024-03-21 00:00:00,24369.411681114216,0.09518748801389242
2024-03-21 04:00:00,24369.411681114216,0.09518748801389242
2024-03-21 08:00:00,24369.411681114216,0.09518748801389242
2024-03-21 12:00:00,24369.411681114216,0.09518748801389242
2024-03-21 16:00:00,24369.411681114216,0.09518748801389242
2024-03-21 20:00:00,24369.411681114216,0.09518748801389242
2024-03-22 00:00:00,24369.411681114216,0.09518748801389242
2024-03-22 04:00:00,24369.411681114216,0.09518748801389242
2024-03-22 08:00:00,24369.411681114216,0.09518748801389242
2024-03-22 12:00:00,24369.411681114216,0.09518748801389242
2024-03-22 16:00:00,24369.411681114216,0.09518748801389242
2024-03-22 20:00:00,24369.411681114216,0.09518748801389242
2024-03-23 00:00:00,24369.411681114216,0.09518748801389242
2024-03-23 04:00:00,24369.411681114216,0.09518748801389242
2024-03-23 08:00:00,24369.411681114216,0.09518748801389242
2024-03-23 12:00:00,24369.411681114216,0.09518748801389242
2024-03-23 16:00:00,24369.411681114216,0.09518748801389242
2024-03-23 20:00:00,24369.411681114216,0.09518748801389242
2024-03-24 00:00:00,24369.411681114216,0.09518748801389242
2024-03-24 04:00:00,24369.411681114216,0.09518748801389242
2024-03-24 08:00:00,24369.411681114216,0.09518748801389242
2024-03-24 12:00:00,24369.411681114216,0.09518748801389242
2024-03-24 16:00:00,24369.411681114216,0.09518748801389242
2024-03-24 20:00:00,24369.411681114216,0.09518748801389242
2024-03-25 00:00:00,24369.411681114216,0.09518748801389242
2024-03-25 04:00:00,24077.9744310224,0.10600826915512353
2024-03-25 08:00:00,24072.44213108531,0.10621367806152808
2024-03-25 12:00:00,25497.147210381965,0.05331576659340711
2024-03-25 16:00:00,25497.147210381965,0.05331576659340711
2024-03-25 20:00:00,25497.147210381965,0.05331576659340711
2024-03-26 00:00:00,25497.147210381965,0.05331576659340711
2024-03-26 04:00:00,25538.21051652628,0.05179112604528562
2024-03-26 08:00:00,25641.587963726095,0.04795282215401585
2024-03-26 12:00:00,25419.994492712452,0.05618037182863349
2024-03-26 16:00:00,25033.820044703687,0.07051865282367488
2024-03-26 20:00:00,25288.96811708335,0.061045253493433
2024-03-27 00:00:00,25488.948375790667,0.053620181333450256
2024-03-27 04:00:00,24818.807855555588,0.07850184591493414
2024-03-27 08:00:00,25313.516412869678,0.06013379918891161
2024-03-27 12:00:00,23877.483394173487,0.11345230600983973
2024-03-27 16:00:00,23877.483394173487,0.11345230600983973
2024-03-27 20:00:00,23877.483394173487,0.11345230600983973
2024-03-28 00:00:00,23877.483394173487,0.11345230600983973
2024-03-28 04:00:00,23877.483394173487,0.11345230600983973
2024-03-28 08:00:00,23877.483394173487,0.11345230600983973
2024-03-28 12:00:00,23877.483394173487,0.11345230600983973
2024-03-28 16:00:00,23877.483394173487,0.11345230600983973
2024-03-28 20:00:00,23877.483394173487,0.11345230600983973
2024-03-29 00:00:00,23877.483394173487,0.11345230600983973
2024-03-29 04:00:00,23877.483394173487,0.11345230600983973
2024-03-29 08:00:00,23877.483394173487,0.11345230600983973
2024-03-29 12:00:00,23877.483394173487,0.11345230600983973
2024-03-29 16:00:00,23877.483394173487,0.11345230600983973
2024-03-29 20:00:00,23877.483394173487,0.11345230600983973
2024-03-30 00:00:00,23877.483394173487,0.11345230600983973
2024-03-30 04:00:00,23877.483394173487,0.11345230600983973
2024-03-30 08:00:00,23877.483394173487,0.11345230600983973
2024-03-30 12:00:00,23877.483394173487,0.11345230600983973
2024-03-30 16:00:00,23877.483394173487,0.11345230600983973
2024-03-30 20:00:00,23877.483394173487,0.11345230600983973
2024-03-31 00:00:00,23877.483394173487,0.11345230600983973
2024-03-31 04:00:00,23877.483394173487,0.11345230600983973
2024-03-31 08:00:00,23877.483394173487,0.11345230600983973
2024-03-31 12:00:00,23877.483394173487,0.11345230600983973
2024-03-31 16:00:00,23877.483394173487,0.11345230600983973
2024-03-31 20:00:00,23877.483394173487,0.11345230600983973
2024-04-01 00:00:00,23877.483394173487,0.11345230600983973
2024-04-01 04:00:00,23877.483394173487,0.11345230600983973
2024-04-01 08:00:00,23877.483394173487,0.11345230600983973
2024-04-01 12:00:00,23877.483394173487,0.11345230600983973
2024-04-01 16:00:00,23877.483394173487,0.11345230600983973
2024-04-01 20:00:00,23877.483394173487,0.11345230600983973
2024-04-02 00:00:00,23877.483394173487,0.11345230600983973
2024-04-02 04:00:00,23877.483394173487,0.11345230600983973
2024-04-02 08:00:00,23877.483394173487,0.11345230600983973
2024-04-02 12:00:00,23877.483394173487,0.11345230600983973
2024-04-02 16:00:00,23877.483394173487,0.11345230600983973
2024-04-02 20:00:00,23877.483394173487,0.11345230600983973
2024-04-03 00:00:00,23877.483394173487,0.11345230600983973
2024-04-03 04:00:00,23877.483394173487,0.11345230600983973
2024-04-03 08:00:00,23877.483394173487,0.11345230600983973
2024-04-03 12:00:00,23877.483394173487,0.11345230600983973
2024-04-03 16:00:00,23877.483394173487,0.11345230600983973
2024-04-03 20:00:00,23877.483394173487,0.11345230600983973
2024-04-04 00:00:00,23877.483394173487,0.11345230600983973
2024-04-04 04:00:00,23877.483394173487,0.11345230600983973
2024-04-04 08:00:00,23877.483394173487,0.11345230600983973
2024-04-04 12:00:00,23877.483394173487,0.11345230600983973
2024-04-04 16:00:00,23877.483394173487,0.11345230600983973
2024-04-04 20:00:00,23877.483394173487,0.11345230600983973
2024-04-05 00:00:00,23877.483394173487,0.11345230600983973
2024-04-05 04:00:00,23348.881916670365,0.1330787638397523
2024-04-05 08:00:00,23348.881916670365,0.1330787638397523
2024-04-05 12:00:00,23348.881916670365,0.1330787638397523
2024-04-05 16:00:00,23348.881916670365,0.1330787638397523
2024-04-05 20:00:00,23348.881916670365,0.1330787638397523
2024-04-06 00:00:00,23348.881916670365,0.1330787638397523
2024-04-06 04:00:00,23442.844948518396,0.1295900080177915
2024-04-06 08:00:00,23280.90240686791,0.1356027768045631
2024-04-06 12:00:00,23498.81010516066,0.12751207627993066
2024-04-06 16:00:00,23576.787785834007,0.12461684097215424
2024-04-06 20:00:00,23894.789547543915,0.11280974539701834
2024-04-07 00:00:00,24099.240293239356,0.10521868841087499
2024-04-07 04:00:00,24079.14922406321,0.10596465023414883
2024-04-07 08:00:00,24075.631484534577,0.10609526047542447
2024-04-07 12:00:00,24168.988598423217,0.10262900179693465
2024-04-07 16:00:00,23931.110813266598,0.11146117218946222
2024-04-07 20:00:00,24077.286815416304,0.10603379965261665
2024-04-08 00:00:00,24126.553096191274,0.10420459064882445
2024-04-08 04:00:00,25343.61162251076,0.059016393377461486
2024-04-08 08:00:00,26941.93712382806,0.0
2024-04-08 12:00:00,26941.93712382806,0.0
2024-04-08 16:00:00,26941.93712382806,0.0
2024-04-08 20:00:00,26941.93712382806,0.0
2024-04-09 00:00:00,26941.93712382806,0.0
2024-04-09 04:00:00,26481.78333037782,0.017079462079334567
2024-04-09 08:00:00,26687.19748467118,0.009455134498535463
2024-04-09 12:00:00,25887.74272804092,0.0391283815615019
2024-04-09 16:00:00,25887.74272804092,0.0391283815615019
2024-04-09 20:00:00,25887.74272804092,0.0391283815615019
2024-04-10 00:00:00,25887.74272804092,0.0391283815615019
2024-04-10 04:00:00,25887.74272804092,0.0391283815615019
2024-04-10 08:00:00,25887.74272804092,0.0391283815615019
2024-04-10 12:00:00,25887.74272804092,0.0391283815615019
2024-04-10 16:00:00,25887.74272804092,0.0391283815615019
2024-04-10 20:00:00,25887.74272804092,0.0391283815615019
2024-04-11 00:00:00,25887.74272804092,0.0391283815615019
2024-04-11 04:00:00,25887.74272804092,0.0391283815615019
2024-04-11 08:00:00,25887.74272804092,0.0391283815615019
2024-04-11 12:00:00,25887.74272804092,0.0391283815615019
2024-04-11 16:00:00,25887.74272804092,0.0391283815615019
2024-04-11 20:00:00,25887.74272804092,0.0391283815615019
2024-04-12 00:00:00,25887.74272804092,0.0391283815615019
2024-04-12 04:00:00,25767.604527431708,0.04358753385099932
2024-04-12 08:00:00,25837.591276622363,0.040989845760904364
2024-04-12 12:00:00,25022.790680502014,0.07123268213808977
2024-04-12 16:00:00,25022.790680502014,0.07123268213808977
2024-04-12 20:00:00,25022.790680502014,0.07123268213808977
2024-04-13 00:00:00,25022.790680502014,0.07123268213808977
2024-04-13 04:00:00,25022.790680502014,0.07123268213808977
2024-04-13 08:00:00,25022.790680502014,0.07123268213808977
2024-04-13 12:00:00,25022.790680502014,0.07123268213808977
2024-04-13 16:00:00,25022.790680502014,0.07123268213808977
2024-04-13 20:00:00,25022.790680502014,0.07123268213808977
2024-04-14 00:00:00,25022.790680502014,0.07123268213808977
2024-04-14 04:00:00,25022.790680502014,0.07123268213808977
2024-04-14 08:00:00,25022.790680502014,0.07123268213808977
2024-04-14 12:00:00,25022.790680502014,0.07123268213808977
2024-04-14 16:00:00,25022.790680502014,0.07123268213808977
2024-04-14 20:00:00,25022.790680502014,0.07123268213808977
2024-04-15 00:00:00,25022.790680502014,0.07123268213808977
2024-04-15 04:00:00,25022.790680502014,0.07123268213808977
2024-04-15 08:00:00,25022.790680502014,0.07123268213808977
2024-04-15 12:00:00,25022.790680502014,0.07123268213808977
2024-04-15 16:00:00,25022.790680502014,0.07123268213808977
2024-04-15 20:00:00,25022.790680502014,0.07123268213808977
2024-04-16 00:00:00,25022.790680502014,0.07123268213808977
2024-04-16 04:00:00,25022.790680502014,0.07123268213808977
2024-04-16 08:00:00,25022.790680502014,0.07123268213808977
2024-04-16 12:00:00,25022.790680502014,0.07123268213808977
2024-04-16 16:00:00,25022.790680502014,0.07123268213808977
2024-04-16 20:00:00,25022.790680502014,0.07123268213808977
2024-04-17 00:00:00,25022.790680502014,0.07123268213808977
2024-04-17 04:00:00,25022.790680502014,0.07123268213808977
2024-04-17 08:00:00,25022.790680502014,0.07123268213808977
2024-04-17 12:00:00,25022.790680502014,0.07123268213808977
2024-04-17 16:00:00,25022.790680502014,0.07123268213808977
2024-04-17 20:00:00,25022.790680502014,0.07123268213808977
2024-04-18 00:00:00,25022.790680502014,0.07123268213808977
2024-04-18 04:00:00,25022.790680502014,0.07123268213808977
2024-04-18 08:00:00,25022.790680502014,0.07123268213808977
2024-04-18 12:00:00,25022.790680502014,0.07123268213808977
2024-04-18 16:00:00,25022.790680502014,0.07123268213808977
2024-04-18 20:00:00,25022.790680502014,0.07123268213808977
2024-04-19 00:00:00,25022.790680502014,0.07123268213808977
2024-04-19 04:00:00,25022.790680502014,0.07123268213808977
2024-04-19 08:00:00,25022.790680502014,0.07123268213808977
2024-04-19 12:00:00,25022.790680502014,0.07123268213808977
2024-04-19 16:00:00,25022.790680502014,0.07123268213808977
2024-04-19 20:00:00,25022.790680502014,0.07123268213808977
2024-04-20 00:00:00,25022.790680502014,0.07123268213808977
2024-04-20 04:00:00,25022.790680502014,0.07123268213808977
2024-04-20 08:00:00,25022.790680502014,0.07123268213808977
2024-04-20 12:00:00,25022.790680502014,0.07123268213808977
2024-04-20 16:00:00,25022.790680502014,0.07123268213808977
2024-04-20 20:00:00,25022.790680502014,0.07123268213808977
2024-04-21 00:00:00,25022.790680502014,0.07123268213808977
2024-04-21 04:00:00,24996.152603812647,0.0722214037941064
2024-04-21 08:00:00,25037.815633033388,0.07067500313890282
2024-04-21 12:00:00,24942.643568213058,0.074207490961991
2024-04-21 16:00:00,24689.788293041525,0.08359268379387173
2024-04-21 20:00:00,24891.348727533164,0.07611139417593352
2024-04-22 00:00:00,25272.511800772434,0.06196381928228712
2024-04-22 04:00:00,25548.766695037553,0.05171010615856399
2024-04-22 08:00:00,25446.210221370235,0.055516680021310306
2024-04-22 12:00:00,25563.0954422713,0.05117826811114035
2024-04-22 16:00:00,26093.46783636509,0.03149251234472534
2024-04-22 20:00:00,26332.3085790782,0.0226274948957063
2024-04-23 00:00:00,26140.1369281586,0.02976030238599016
2024-04-23 04:00:00,25820.400894832543,0.04162789868600813
2024-04-23 08:00:00,25764.575162750374,0.04369997434358194
2024-04-23 12:00:00,26140.120370332446,0.029760916960438862
2024-04-23 16:00:00,26204.964194885004,0.027354118063443136
2024-04-23 20:00:00,26134.50638092392,0.029969290596778584
2024-04-24 00:00:00,26328.620432718883,0.022764387292951722
2024-04-24 04:00:00,26364.790837012413,0.021421855606113926
2024-04-24 08:00:00,26275.679009197054,0.024729406485094578
2024-04-24 12:00:00,23232.882783300945,0.13766843577282128
2024-04-24 16:00:00,23232.882783300945,0.13766843577282128
2024-04-24 20:00:00,23232.882783300945,0.13766843577282128
2024-04-25 00:00:00,23232.882783300945,0.13766843577282128
2024-04-25 04:00:00,23232.882783300945,0.13766843577282128
2024-04-25 08:00:00,23232.882783300945,0.13766843577282128
2024-04-25 12:00:00,23232.882783300945,0.13766843577282128
2024-04-25 16:00:00,23232.882783300945,0.13766843577282128
2024-04-25 20:00:00,23232.882783300945,0.13766843577282128
2024-04-26 00:00:00,23232.882783300945,0.13766843577282128
2024-04-26 04:00:00,23232.882783300945,0.13766843577282128
2024-04-26 08:00:00,23232.882783300945,0.13766843577282128
2024-04-26 12:00:00,23232.882783300945,0.13766843577282128
2024-04-26 16:00:00,23232.882783300945,0.13766843577282128
2024-04-26 20:00:00,23232.882783300945,0.13766843577282128
2024-04-27 00:00:00,23232.882783300945,0.13766843577282128
2024-04-27 04:00:00,23232.882783300945,0.13766843577282128
2024-04-27 08:00:00,23232.882783300945,0.13766843577282128
2024-04-27 12:00:00,23232.882783300945,0.13766843577282128
2024-04-27 16:00:00,23232.882783300945,0.13766843577282128
2024-04-27 20:00:00,23232.882783300945,0.13766843577282128
2024-04-28 00:00:00,23232.882783300945,0.13766843577282128
2024-04-28 04:00:00,23232.882783300945,0.13766843577282128
2024-04-28 08:00:00,23232.882783300945,0.13766843577282128
2024-04-28 12:00:00,23232.882783300945,0.13766843577282128
2024-04-28 16:00:00,23232.882783300945,0.13766843577282128
2024-04-28 20:00:00,23232.882783300945,0.13766843577282128
2024-04-29 00:00:00,23232.882783300945,0.13766843577282128
2024-04-29 04:00:00,23232.882783300945,0.13766843577282128
2024-04-29 08:00:00,23232.882783300945,0.13766843577282128
2024-04-29 12:00:00,23232.882783300945,0.13766843577282128
2024-04-29 16:00:00,23232.882783300945,0.13766843577282128
2024-04-29 20:00:00,23232.882783300945,0.13766843577282128
2024-04-30 00:00:00,23232.882783300945,0.13766843577282128
2024-04-30 04:00:00,23232.882783300945,0.13766843577282128
2024-04-30 08:00:00,23232.882783300945,0.13766843577282128
2024-04-30 12:00:00,23232.882783300945,0.13766843577282128
2024-04-30 16:00:00,23232.882783300945,0.13766843577282128
2024-04-30 20:00:00,23232.882783300945,0.13766843577282128
2024-05-01 00:00:00,23232.882783300945,0.13766843577282128
2024-05-01 04:00:00,23232.882783300945,0.13766843577282128
2024-05-01 08:00:00,23232.882783300945,0.13766843577282128
2024-05-01 12:00:00,23232.882783300945,0.13766843577282128
2024-05-01 16:00:00,23232.882783300945,0.13766843577282128
2024-05-01 20:00:00,23232.882783300945,0.13766843577282128
2024-05-02 00:00:00,23232.882783300945,0.13766843577282128
2024-05-02 04:00:00,23232.882783300945,0.13766843577282128
2024-05-02 08:00:00,23232.882783300945,0.13766843577282128
2024-05-02 12:00:00,23232.882783300945,0.13766843577282128
2024-05-02 16:00:00,23232.882783300945,0.13766843577282128
2024-05-02 20:00:00,23232.882783300945,0.13766843577282128
2024-05-03 00:00:00,23232.882783300945,0.13766843577282128
2024-05-03 04:00:00,23232.882783300945,0.13766843577282128
2024-05-03 08:00:00,23232.882783300945,0.13766843577282128
2024-05-03 12:00:00,23232.882783300945,0.13766843577282128
2024-05-03 16:00:00,23232.882783300945,0.13766843577282128
2024-05-03 20:00:00,23232.882783300945,0.13766843577282128
2024-05-04 00:00:00,23232.882783300945,0.13766843577282128
2024-05-04 04:00:00,23360.503922285418,0.13293154033735533
2024-05-04 08:00:00,23817.639447690013,0.11596410687837459
2024-05-04 12:00:00,23685.554762667496,0.12086667510928692
2024-05-04 16:00:00,23841.551389282173,0.11507657078613825
2024-05-04 20:00:00,23826.968838152636,0.11561782923620864
2024-05-05 00:00:00,23498.895336460566,0.127794886148791
2024-05-05 04:00:00,24015.883780922224,0.10860590051329184
2024-05-05 08:00:00,24138.621508924585,0.10405026193993146
2024-05-05 12:00:00,24654.1501884252,0.08491545819025345
2024-05-05 16:00:00,24379.77755713313,0.09509930763029274
2024-05-05 20:00:00,24445.796335792984,0.09264889813091542
2024-05-06 00:00:00,24373.077681144903,0.09534798596241982
2024-05-06 04:00:00,25028.600586595916,0.07101703669035528
2024-05-06 08:00:00,24691.37996514764,0.08353360592954448
2024-05-06 12:00:00,24119.80027895572,0.10474884682201917
2024-05-06 16:00:00,23707.765651018533,0.12004227676521265
2024-05-06 20:00:00,23652.929863762613,0.12207760878324422
2024-05-07 00:00:00,23727.202594688628,0.11932083852635253
2024-05-07 04:00:00,24157.374476930225,0.10335421072730154
2024-05-07 08:00:00,23978.086527506617,0.11000881572469207
2024-05-07 12:00:00,24228.108478735438,0.10072878696953269
2024-05-07 16:00:00,23547.611601866247,0.12598669154193048
2024-05-07 20:00:00,22727.81054189096,0.15641512941584396
2024-05-08 00:00:00,22727.81054189096,0.15641512941584396
2024-05-08 04:00:00,22727.81054189096,0.15641512941584396
2024-05-08 08:00:00,22727.81054189096,0.15641512941584396
2024-05-08 12:00:00,22727.81054189096,0.15641512941584396
2024-05-08 16:00:00,22727.81054189096,0.15641512941584396
2024-05-08 20:00:00,22727.81054189096,0.15641512941584396
2024-05-09 00:00:00,22727.81054189096,0.15641512941584396
2024-05-09 04:00:00,22727.81054189096,0.15641512941584396
2024-05-09 08:00:00,22727.81054189096,0.15641512941584396
2024-05-09 12:00:00,22727.81054189096,0.15641512941584396
2024-05-09 16:00:00,22727.81054189096,0.15641512941584396
2024-05-09 20:00:00,22727.81054189096,0.15641512941584396
2024-05-10 00:00:00,22727.81054189096,0.15641512941584396
2024-05-10 04:00:00,22727.81054189096,0.15641512941584396
2024-05-10 08:00:00,22727.81054189096,0.15641512941584396
2024-05-10 12:00:00,22727.81054189096,0.15641512941584396
2024-05-10 16:00:00,22727.81054189096,0.15641512941584396
2024-05-10 20:00:00,22727.81054189096,0.15641512941584396
2024-05-11 00:00:00,22727.81054189096,0.15641512941584396
2024-05-11 04:00:00,22727.81054189096,0.15641512941584396
2024-05-11 08:00:00,22727.81054189096,0.15641512941584396
2024-05-11 12:00:00,22727.81054189096,0.15641512941584396
2024-05-11 16:00:00,22727.81054189096,0.15641512941584396
2024-05-11 20:00:00,22727.81054189096,0.15641512941584396
2024-05-12 00:00:00,22727.81054189096,0.15641512941584396
2024-05-12 04:00:00,22727.81054189096,0.15641512941584396
2024-05-12 08:00:00,22727.81054189096,0.15641512941584396
2024-05-12 12:00:00,22727.81054189096,0.15641512941584396
2024-05-12 16:00:00,22727.81054189096,0.15641512941584396
2024-05-12 20:00:00,22727.81054189096,0.15641512941584396
2024-05-13 00:00:00,22727.81054189096,0.15641512941584396
2024-05-13 04:00:00,22727.81054189096,0.15641512941584396
2024-05-13 08:00:00,22727.81054189096,0.15641512941584396
2024-05-13 12:00:00,22727.81054189096,0.15641512941584396
2024-05-13 16:00:00,22727.81054189096,0.15641512941584396
2024-05-13 20:00:00,22727.81054189096,0.15641512941584396
2024-05-14 00:00:00,22727.81054189096,0.15641512941584396
2024-05-14 04:00:00,22727.81054189096,0.15641512941584396
2024-05-14 08:00:00,22727.81054189096,0.15641512941584396
2024-05-14 12:00:00,22727.81054189096,0.15641512941584396
2024-05-14 16:00:00,22727.81054189096,0.15641512941584396
2024-05-14 20:00:00,22727.81054189096,0.15641512941584396
2024-05-15 00:00:00,22727.81054189096,0.15641512941584396
2024-05-15 04:00:00,22727.81054189096,0.15641512941584396
2024-05-15 08:00:00,22727.81054189096,0.15641512941584396
2024-05-15 12:00:00,22727.81054189096,0.15641512941584396
2024-05-15 16:00:00,22727.81054189096,0.15641512941584396
2024-05-15 20:00:00,22727.81054189096,0.15641512941584396
2024-05-16 00:00:00,22727.81054189096,0.15641512941584396
2024-05-16 04:00:00,22797.128234210133,0.15384227461328912
2024-05-16 08:00:00,22977.707313730247,0.1471397469260574
2024-05-16 12:00:00,22635.23385013991,0.15985128515050992
2024-05-16 16:00:00,22319.209491057223,0.1715811157721985
2024-05-16 20:00:00,22343.376297533683,0.1706841198967577
2024-05-17 00:00:00,22518.021143859958,0.16420185228832299
2024-05-17 04:00:00,23310.705296554057,0.13477990875654067
2024-05-17 08:00:00,23141.73795118429,0.1410514453796564
2024-05-17 12:00:00,24075.38145121126,0.10639753405413277
2024-05-17 16:00:00,24001.810652610187,0.10912825079001304
2024-05-17 20:00:00,23989.800995372596,0.10957401150804878
2024-05-18 00:00:00,23950.310499391446,0.1110397745598905
2024-05-18 04:00:00,23912.74825078776,0.11243396713153242
2024-05-18 08:00:00,24216.54427529948,0.10115801384296828
2024-05-18 12:00:00,23849.321921610976,0.11478815305681579
2024-05-18 16:00:00,23938.283921563878,0.11148616331702747
2024-05-18 20:00:00,23940.83458755505,0.1113914906147845
2024-05-19 00:00:00,24195.81769042598,0.10192731950863869
2024-05-19 04:00:00,24410.21115746008,0.09396970807005796
2024-05-19 08:00:00,24418.507647212184,0.0936617684548041
2024-05-19 12:00:00,23758.277592679617,0.11816743230139681
2024-05-19 16:00:00,22447.902782129968,0.16680442542208537
2024-05-19 20:00:00,22687.86792053192,0.15789767394022097
2024-05-20 00:00:00,23089.04393769872,0.14300728148911582
2024-05-20 04:00:00,23238.929850788987,0.13744398763977694
2024-05-20 08:00:00,23407.955594031813,0.1311702834712175
2024-05-20 12:00:00,23795.240725426458,0.11679547702672763
2024-05-20 16:00:00,25039.194977065075,0.07062380622513423
2024-05-20 20:00:00,25039.194977065075,0.07062380622513423
2024-05-21 00:00:00,25039.194977065075,0.07062380622513423
2024-05-21 04:00:00,24826.18808947399,0.07852995219422625
2024-05-21 08:00:00,24952.029299134996,0.07385912213911087
2024-05-21 12:00:00,24266.317547503884,0.09931058646699148
2024-05-21 16:00:00,24266.317547503884,0.09931058646699148
2024-05-21 20:00:00,24266.317547503884,0.09931058646699148
2024-05-22 00:00:00,24266.317547503884,0.09931058646699148
2024-05-22 04:00:00,24121.705323529553,0.10467813755694011
2024-05-22 08:00:00,24132.257424975804,0.10428647672729183
2024-05-22 12:00:00,24492.130010037534,0.09092913781703765
2024-05-22 16:00:00,24082.901318069526,0.10611842023897891
2024-05-22 20:00:00,23847.465450401625,0.114857059431321
2024-05-23 00:00:00,23987.209748188652,0.10967019045657925
2024-05-23 04:00:00,24131.144507248486,0.10432778473429233
2024-05-23 08:00:00,24255.469785423626,0.09971322128981068
2024-05-23 12:00:00,23270.093916070033,0.1362872755170438
2024-05-23 16:00:00,23270.093916070033,0.1362872755170438
2024-05-23 20:00:00,23270.093916070033,0.1362872755170438
2024-05-24 00:00:00,23270.093916070033,0.1362872755170438
2024-05-24 04:00:00,23270.093916070033,0.1362872755170438
2024-05-24 08:00:00,23270.093916070033,0.1362872755170438
2024-05-24 12:00:00,23270.093916070033,0.1362872755170438
2024-05-24 16:00:00,23270.093916070033,0.1362872755170438
2024-05-24 20:00:00,23270.093916070033,0.1362872755170438
2024-05-25 00:00:00,23270.093916070033,0.1362872755170438
2024-05-25 04:00:00,23270.093916070033,0.1362872755170438
2024-05-25 08:00:00,23270.093916070033,0.1362872755170438
2024-05-25 12:00:00,23270.093916070033,0.1362872755170438
2024-05-25 16:00:00,23270.093916070033,0.1362872755170438
2024-05-25 20:00:00,23270.093916070033,0.1362872755170438
2024-05-26 00:00:00,23270.093916070033,0.1362872755170438
2024-05-26 04:00:00,23388.08322128785,0.1319078834683012
2024-05-26 08:00:00,23285.450265279815,0.13571729611507274
2024-05-26 12:00:00,23141.97765398694,0.1410425483652527
2024-05-26 16:00:00,23169.739376211706,0.14001212051972814
2024-05-26 20:00:00,22971.792492985136,0.1473592864757908
2024-05-27 00:00:00,23154.657370611487,0.14057191714945455
2024-05-27 04:00:00,22909.209600885475,0.14968216666855583
2024-05-27 08:00:00,22700.08463765373,0.15744422781028383
2024-05-27 12:00:00,24601.733035716756,0.08686101809812231
2024-05-27 16:00:00,24044.790473222503,0.107532974978375
2024-05-27 20:00:00,24132.985820198694,0.10425944098670858
2024-05-28 00:00:00,23408.05752200623,0.1311665002252709
2024-05-28 04:00:00,23408.05752200623,0.1311665002252709
2024-05-28 08:00:00,23408.05752200623,0.1311665002252709
2024-05-28 12:00:00,23408.05752200623,0.1311665002252709
2024-05-28 16:00:00,23408.05752200623,0.1311665002252709
2024-05-28 20:00:00,23408.05752200623,0.1311665002252709
2024-05-29 00:00:00,23408.05752200623,0.1311665002252709
2024-05-29 04:00:00,23408.05752200623,0.1311665002252709
2024-05-29 08:00:00,23408.05752200623,0.1311665002252709
2024-05-29 12:00:00,23408.05752200623,0.1311665002252709
2024-05-29 16:00:00,23408.05752200623,0.1311665002252709
2024-05-29 20:00:00,23408.05752200623,0.1311665002252709
2024-05-30 00:00:00,23408.05752200623,0.1311665002252709
2024-05-30 04:00:00,23408.05752200623,0.1311665002252709
2024-05-30 08:00:00,23408.05752200623,0.1311665002252709
2024-05-30 12:00:00,23408.05752200623,0.1311665002252709
2024-05-30 16:00:00,23408.05752200623,0.1311665002252709
2024-05-30 20:00:00,23408.05752200623,0.1311665002252709
2024-05-31 00:00:00,23408.05752200623,0.1311665002252709
2024-05-31 04:00:00,23408.05752200623,0.1311665002252709
2024-05-31 08:00:00,23408.05752200623,0.1311665002252709
2024-05-31 12:00:00,23408.05752200623,0.1311665002252709
2024-05-31 16:00:00,23408.05752200623,0.1311665002252709
2024-05-31 20:00:00,23408.05752200623,0.1311665002252709
2024-06-01 00:00:00,23408.05752200623,0.1311665002252709
2024-06-01 04:00:00,23408.05752200623,0.1311665002252709
2024-06-01 08:00:00,23408.05752200623,0.1311665002252709
2024-06-01 12:00:00,23408.05752200623,0.1311665002252709
2024-06-01 16:00:00,23408.05752200623,0.1311665002252709
2024-06-01 20:00:00,23408.05752200623,0.1311665002252709
2024-06-02 00:00:00,23408.05752200623,0.1311665002252709
2024-06-02 04:00:00,23408.05752200623,0.1311665002252709
2024-06-02 08:00:00,23408.05752200623,0.1311665002252709
2024-06-02 12:00:00,23408.05752200623,0.1311665002252709
2024-06-02 16:00:00,23408.05752200623,0.1311665002252709
2024-06-02 20:00:00,23408.05752200623,0.1311665002252709
2024-06-03 00:00:00,23408.05752200623,0.1311665002252709
2024-06-03 04:00:00,23408.05752200623,0.1311665002252709
2024-06-03 08:00:00,23408.05752200623,0.1311665002252709
2024-06-03 12:00:00,23408.05752200623,0.1311665002252709
2024-06-03 16:00:00,23408.05752200623,0.1311665002252709
2024-06-03 20:00:00,23408.05752200623,0.1311665002252709
2024-06-04 00:00:00,23408.05752200623,0.1311665002252709
2024-06-04 04:00:00,23312.783797902986,0.13470276132132186
2024-06-04 08:00:00,23283.881220423766,0.13577553412701812
2024-06-04 12:00:00,24028.45054174032,0.10813946186189356
2024-06-04 16:00:00,24017.73710987378,0.10853711076951668
2024-06-04 20:00:00,24074.845110035283,0.10641744135231665
2024-06-05 00:00:00,24241.5172612642,0.10023109511956897
2024-06-05 04:00:00,24389.375121074285,0.0947430762317469
2024-06-05 08:00:00,24275.216692654343,0.09898027817811242
2024-06-05 12:00:00,24579.350601983522,0.0876917836674413
2024-06-05 16:00:00,24429.310576179927,0.09326079769616519
2024-06-05 20:00:00,24343.32132633154,0.09645244829846487
2024-06-06 00:00:00,24314.307194590725,0.0975293616476225
2024-06-06 04:00:00,24308.61719323638,0.09774055660840775
2024-06-06 08:00:00,24457.129974313513,0.09222822910223948
2024-06-06 12:00:00,24587.092516544737,0.08740442813967685
2024-06-06 16:00:00,23766.554744853467,0.11786021043625
2024-06-06 20:00:00,24086.09357938718,0.10599993353540664
2024-06-07 00:00:00,24276.683514028966,0.09892583438040474
2024-06-07 04:00:00,24449.829490644348,0.0924992001031594
2024-06-07 08:00:00,25334.777733128165,0.059652703638688444
2024-06-07 12:00:00,24452.050350500853,0.09241676876771765
2024-06-07 16:00:00,21584.352367349555,0.19885670179744183
2024-06-07 20:00:00,21584.352367349555,0.19885670179744183
2024-06-08 00:00:00,21584.352367349555,0.19885670179744183
2024-06-08 04:00:00,21584.352367349555,0.19885670179744183
2024-06-08 08:00:00,21584.352367349555,0.19885670179744183
2024-06-08 12:00:00,21584.352367349555,0.19885670179744183
2024-06-08 16:00:00,21584.352367349555,0.19885670179744183
2024-06-08 20:00:00,21584.352367349555,0.19885670179744183
2024-06-09 00:00:00,21584.352367349555,0.19885670179744183
2024-06-09 04:00:00,21584.352367349555,0.19885670179744183
2024-06-09 08:00:00,21584.352367349555,0.19885670179744183
2024-06-09 12:00:00,21584.352367349555,0.19885670179744183
2024-06-09 16:00:00,21584.352367349555,0.19885670179744183
2024-06-09 20:00:00,21584.352367349555,0.19885670179744183
2024-06-10 00:00:00,21584.352367349555,0.19885670179744183
2024-06-10 04:00:00,21584.352367349555,0.19885670179744183
2024-06-10 08:00:00,21584.352367349555,0.19885670179744183
2024-06-10 12:00:00,21584.352367349555,0.19885670179744183
2024-06-10 16:00:00,21584.352367349555,0.19885670179744183
2024-06-10 20:00:00,21584.352367349555,0.19885670179744183
2024-06-11 00:00:00,21584.352367349555,0.19885670179744183
2024-06-11 04:00:00,21584.352367349555,0.19885670179744183
2024-06-11 08:00:00,21584.352367349555,0.19885670179744183
2024-06-11 12:00:00,21584.352367349555,0.19885670179744183
2024-06-11 16:00:00,21584.352367349555,0.19885670179744183
2024-06-11 20:00:00,21584.352367349555,0.19885670179744183
2024-06-12 00:00:00,21584.352367349555,0.19885670179744183
2024-06-12 04:00:00,21584.352367349555,0.19885670179744183
2024-06-12 08:00:00,21584.352367349555,0.19885670179744183
2024-06-12 12:00:00,21584.352367349555,0.19885670179744183
2024-06-12 16:00:00,21584.352367349555,0.19885670179744183
2024-06-12 20:00:00,21584.352367349555,0.19885670179744183
2024-06-13 00:00:00,21584.352367349555,0.19885670179744183
2024-06-13 04:00:00,21584.352367349555,0.19885670179744183
2024-06-13 08:00:00,21584.352367349555,0.19885670179744183
2024-06-13 12:00:00,21584.352367349555,0.19885670179744183
2024-06-13 16:00:00,21584.352367349555,0.19885670179744183
2024-06-13 20:00:00,21584.352367349555,0.19885670179744183
2024-06-14 00:00:00,21584.352367349555,0.19885670179744183
2024-06-14 04:00:00,21584.352367349555,0.19885670179744183
2024-06-14 08:00:00,21584.352367349555,0.19885670179744183
2024-06-14 12:00:00,21584.352367349555,0.19885670179744183
2024-06-14 16:00:00,21584.352367349555,0.19885670179744183
2024-06-14 20:00:00,21584.352367349555,0.19885670179744183
2024-06-15 00:00:00,21584.352367349555,0.19885670179744183
2024-06-15 04:00:00,21584.352367349555,0.19885670179744183
2024-06-15 08:00:00,21584.352367349555,0.19885670179744183
2024-06-15 12:00:00,21584.352367349555,0.19885670179744183
2024-06-15 16:00:00,21584.352367349555,0.19885670179744183
2024-06-15 20:00:00,21584.352367349555,0.19885670179744183
2024-06-16 00:00:00,21584.352367349555,0.19885670179744183
2024-06-16 04:00:00,21584.352367349555,0.19885670179744183
2024-06-16 08:00:00,21584.352367349555,0.19885670179744183
2024-06-16 12:00:00,21584.352367349555,0.19885670179744183
2024-06-16 16:00:00,21584.352367349555,0.19885670179744183
2024-06-16 20:00:00,21584.352367349555,0.19885670179744183
2024-06-17 00:00:00,21584.352367349555,0.19885670179744183
2024-06-17 04:00:00,21584.352367349555,0.19885670179744183
2024-06-17 08:00:00,21584.352367349555,0.19885670179744183
2024-06-17 12:00:00,21584.352367349555,0.19885670179744183
2024-06-17 16:00:00,21584.352367349555,0.19885670179744183
2024-06-17 20:00:00,21584.352367349555,0.19885670179744183
2024-06-18 00:00:00,21584.352367349555,0.19885670179744183
2024-06-18 04:00:00,21584.352367349555,0.19885670179744183
2024-06-18 08:00:00,21584.352367349555,0.19885670179744183
2024-06-18 12:00:00,21584.352367349555,0.19885670179744183
2024-06-18 16:00:00,21584.352367349555,0.19885670179744183
2024-06-18 20:00:00,21584.352367349555,0.19885670179744183
2024-06-19 00:00:00,21584.352367349555,0.19885670179744183
2024-06-19 04:00:00,21584.352367349555,0.19885670179744183
2024-06-19 08:00:00,21584.352367349555,0.19885670179744183
2024-06-19 12:00:00,21584.352367349555,0.19885670179744183
2024-06-19 16:00:00,21584.352367349555,0.19885670179744183
2024-06-19 20:00:00,21584.352367349555,0.19885670179744183
2024-06-20 00:00:00,21584.352367349555,0.19885670179744183
2024-06-20 04:00:00,21584.352367349555,0.19885670179744183
2024-06-20 08:00:00,21584.352367349555,0.19885670179744183
2024-06-20 12:00:00,21584.352367349555,0.19885670179744183
2024-06-20 16:00:00,21584.352367349555,0.19885670179744183
2024-06-20 20:00:00,21584.352367349555,0.19885670179744183
2024-06-21 00:00:00,21584.352367349555,0.19885670179744183
2024-06-21 04:00:00,21584.352367349555,0.19885670179744183
2024-06-21 08:00:00,21584.352367349555,0.19885670179744183
2024-06-21 12:00:00,21584.352367349555,0.19885670179744183
2024-06-21 16:00:00,21584.352367349555,0.19885670179744183
2024-06-21 20:00:00,21584.352367349555,0.19885670179744183
2024-06-22 00:00:00,21584.352367349555,0.19885670179744183
2024-06-22 04:00:00,21584.352367349555,0.19885670179744183
2024-06-22 08:00:00,21584.352367349555,0.19885670179744183
2024-06-22 12:00:00,21584.352367349555,0.19885670179744183
2024-06-22 16:00:00,21584.352367349555,0.19885670179744183
2024-06-22 20:00:00,21584.352367349555,0.19885670179744183
2024-06-23 00:00:00,21584.352367349555,0.19885670179744183
2024-06-23 04:00:00,21584.352367349555,0.19885670179744183
2024-06-23 08:00:00,21584.352367349555,0.19885670179744183
2024-06-23 12:00:00,21584.352367349555,0.19885670179744183
2024-06-23 16:00:00,21584.352367349555,0.19885670179744183
2024-06-23 20:00:00,21584.352367349555,0.19885670179744183
2024-06-24 00:00:00,21584.352367349555,0.19885670179744183
2024-06-24 04:00:00,21584.352367349555,0.19885670179744183
2024-06-24 08:00:00,21584.352367349555,0.19885670179744183
2024-06-24 12:00:00,21584.352367349555,0.19885670179744183
2024-06-24 16:00:00,21584.352367349555,0.19885670179744183
2024-06-24 20:00:00,21584.352367349555,0.19885670179744183
2024-06-25 00:00:00,21584.352367349555,0.19885670179744183
2024-06-25 04:00:00,21584.352367349555,0.19885670179744183
2024-06-25 08:00:00,21584.352367349555,0.19885670179744183
2024-06-25 12:00:00,21584.352367349555,0.19885670179744183
2024-06-25 16:00:00,21584.352367349555,0.19885670179744183
2024-06-25 20:00:00,21584.352367349555,0.19885670179744183
2024-06-26 00:00:00,21584.352367349555,0.19885670179744183
2024-06-26 04:00:00,21584.352367349555,0.19885670179744183
2024-06-26 08:00:00,21584.352367349555,0.19885670179744183
2024-06-26 12:00:00,21584.352367349555,0.19885670179744183
2024-06-26 16:00:00,21584.352367349555,0.19885670179744183
2024-06-26 20:00:00,21584.352367349555,0.19885670179744183
2024-06-27 00:00:00,21584.352367349555,0.19885670179744183
2024-06-27 04:00:00,21584.352367349555,0.19885670179744183
2024-06-27 08:00:00,21584.352367349555,0.19885670179744183
2024-06-27 12:00:00,21584.352367349555,0.19885670179744183
2024-06-27 16:00:00,21584.352367349555,0.19885670179744183
2024-06-27 20:00:00,21584.352367349555,0.19885670179744183
2024-06-28 00:00:00,21584.352367349555,0.19885670179744183
2024-06-28 04:00:00,21584.352367349555,0.19885670179744183
2024-06-28 08:00:00,21584.352367349555,0.19885670179744183
2024-06-28 12:00:00,21584.352367349555,0.19885670179744183
2024-06-28 16:00:00,21584.352367349555,0.19885670179744183
2024-06-28 20:00:00,21584.352367349555,0.19885670179744183
2024-06-29 00:00:00,21584.352367349555,0.19885670179744183
2024-06-29 04:00:00,21584.352367349555,0.19885670179744183
2024-06-29 08:00:00,21584.352367349555,0.19885670179744183
2024-06-29 12:00:00,21584.352367349555,0.19885670179744183
2024-06-29 16:00:00,21584.352367349555,0.19885670179744183
2024-06-29 20:00:00,21584.352367349555,0.19885670179744183
2024-06-30 00:00:00,21584.352367349555,0.19885670179744183
2024-06-30 04:00:00,21584.352367349555,0.19885670179744183
2024-06-30 08:00:00,21584.352367349555,0.19885670179744183
2024-06-30 12:00:00,21584.352367349555,0.19885670179744183
2024-06-30 16:00:00,21584.352367349555,0.19885670179744183
2024-06-30 20:00:00,21584.352367349555,0.19885670179744183
2024-07-01 00:00:00,21584.352367349555,0.19885670179744183
2024-07-01 04:00:00,21521.35667201863,0.20119490394828896
2024-07-01 08:00:00,21213.472842228777,0.21262258371662882
2024-07-01 12:00:00,21448.863464740924,0.20388562388221657
2024-07-01 16:00:00,21495.791162037476,0.20214381530026984
2024-07-01 20:00:00,21332.385020456775,0.20820893752328107
2024-07-02 00:00:00,21451.71150650166,0.20377991352636332
2024-07-02 04:00:00,20960.450941144456,0.22201396117851677
2024-07-02 08:00:00,21162.444072892446,0.21451661119883242
2024-07-02 12:00:00,20230.142002775483,0.24912073286358136
2024-07-02 16:00:00,20230.142002775483,0.24912073286358136
2024-07-02 20:00:00,20230.142002775483,0.24912073286358136
2024-07-03 00:00:00,20230.142002775483,0.24912073286358136
2024-07-03 04:00:00,20230.142002775483,0.24912073286358136
2024-07-03 08:00:00,20230.142002775483,0.24912073286358136
2024-07-03 12:00:00,20230.142002775483,0.24912073286358136
2024-07-03 16:00:00,20230.142002775483,0.24912073286358136
2024-07-03 20:00:00,20230.142002775483,0.24912073286358136
2024-07-04 00:00:00,20230.142002775483,0.24912073286358136
2024-07-04 04:00:00,20230.142002775483,0.24912073286358136
2024-07-04 08:00:00,20230.142002775483,0.24912073286358136
2024-07-04 12:00:00,20230.142002775483,0.24912073286358136
2024-07-04 16:00:00,20230.142002775483,0.24912073286358136
2024-07-04 20:00:00,20230.142002775483,0.24912073286358136
2024-07-05 00:00:00,20230.142002775483,0.24912073286358136
2024-07-05 04:00:00,20230.142002775483,0.24912073286358136
2024-07-05 08:00:00,20230.142002775483,0.24912073286358136
2024-07-05 12:00:00,20230.142002775483,0.24912073286358136
2024-07-05 16:00:00,20230.142002775483,0.24912073286358136
2024-07-05 20:00:00,20230.142002775483,0.24912073286358136
2024-07-06 00:00:00,20230.142002775483,0.24912073286358136
2024-07-06 04:00:00,20230.142002775483,0.24912073286358136
2024-07-06 08:00:00,20230.142002775483,0.24912073286358136
2024-07-06 12:00:00,20230.142002775483,0.24912073286358136
2024-07-06 16:00:00,20230.142002775483,0.24912073286358136
2024-07-06 20:00:00,20230.142002775483,0.24912073286358136
2024-07-07 00:00:00,20230.142002775483,0.24912073286358136
2024-07-07 04:00:00,20230.142002775483,0.24912073286358136
2024-07-07 08:00:00,20230.142002775483,0.24912073286358136
2024-07-07 12:00:00,20230.142002775483,0.24912073286358136
2024-07-07 16:00:00,20230.142002775483,0.24912073286358136
2024-07-07 20:00:00,20230.142002775483,0.24912073286358136
2024-07-08 00:00:00,20230.142002775483,0.24912073286358136
2024-07-08 04:00:00,20230.142002775483,0.24912073286358136
2024-07-08 08:00:00,20230.142002775483,0.24912073286358136
2024-07-08 12:00:00,20230.142002775483,0.24912073286358136
2024-07-08 16:00:00,20230.142002775483,0.24912073286358136
2024-07-08 20:00:00,20230.142002775483,0.24912073286358136
2024-07-09 00:00:00,20230.142002775483,0.24912073286358136
2024-07-09 04:00:00,20230.142002775483,0.24912073286358136
2024-07-09 08:00:00,20230.142002775483,0.24912073286358136
2024-07-09 12:00:00,20230.142002775483,0.24912073286358136
2024-07-09 16:00:00,20230.142002775483,0.24912073286358136
2024-07-09 20:00:00,20230.142002775483,0.24912073286358136
2024-07-10 00:00:00,20230.142002775483,0.24912073286358136
2024-07-10 04:00:00,20617.38350955108,0.23474754562779376
2024-07-10 08:00:00,20374.374818969383,0.243767264197576
2024-07-10 12:00:00,19978.209896097716,0.25847166058343535
2024-07-10 16:00:00,19824.37114424812,0.2641816713797094
2024-07-10 20:00:00,19991.26737591157,0.25798700798574564
2024-07-11 00:00:00,19912.331878841112,0.2609168454620809
2024-07-11 04:00:00,20224.067836396185,0.24934618682226964
2024-07-11 08:00:00,20517.30280762726,0.23846222662730165
2024-07-11 12:00:00,19829.302359343947,0.2639986401791999
2024-07-11 16:00:00,19779.3737366023,0.2658518336786936
2024-07-11 20:00:00,19779.3737366023,0.2658518336786936
2024-07-12 00:00:00,19779.3737366023,0.2658518336786936
2024-07-12 04:00:00,19779.3737366023,0.2658518336786936
2024-07-12 08:00:00,19779.3737366023,0.2658518336786936
2024-07-12 12:00:00,19779.3737366023,0.2658518336786936
2024-07-12 16:00:00,19779.3737366023,0.2658518336786936
2024-07-12 20:00:00,19779.3737366023,0.2658518336786936
2024-07-13 00:00:00,19779.3737366023,0.2658518336786936
2024-07-13 04:00:00,19779.3737366023,0.2658518336786936
2024-07-13 08:00:00,19779.3737366023,0.2658518336786936
2024-07-13 12:00:00,19779.3737366023,0.2658518336786936
2024-07-13 16:00:00,19779.3737366023,0.2658518336786936
2024-07-13 20:00:00,19779.3737366023,0.2658518336786936
2024-07-14 00:00:00,19779.3737366023,0.2658518336786936
2024-07-14 04:00:00,20058.58468743753,0.2554884010289941
2024-07-14 08:00:00,20077.119014147072,0.2548004650938624
2024-07-14 12:00:00,20069.557794441163,0.25508111379670645
2024-07-14 16:00:00,19985.540517093166,0.25819957097971613
2024-07-14 20:00:00,20386.908866966536,0.2433020397432413
2024-07-15 00:00:00,20386.908866966536,0.2433020397432413
2024-07-15 04:00:00,20505.077254892327,0.23891600070741859
2024-07-15 08:00:00,20312.005557967866,0.24608221507563874
2024-07-15 12:00:00,20597.99470724677,0.2354671970105135
2024-07-15 16:00:00,20755.98476305394,0.2296031028631242
2024-07-15 20:00:00,21400.06690196116,0.20569679887514633
2024-07-16 00:00:00,21400.06690196116,0.20569679887514633
2024-07-16 04:00:00,20415.017202308423,0.2422587467085683
2024-07-16 08:00:00,20415.017202308423,0.2422587467085683
2024-07-16 12:00:00,20415.017202308423,0.2422587467085683
2024-07-16 16:00:00,20415.017202308423,0.2422587467085683
2024-07-16 20:00:00,20415.017202308423,0.2422587467085683
2024-07-17 00:00:00,20415.017202308423,0.2422587467085683
2024-07-17 04:00:00,20192.03405928591,0.2505351799137108
2024-07-17 08:00:00,19885.7234635241,0.2619044661812117
2024-07-17 12:00:00,19885.7234635241,0.2619044661812117
2024-07-17 16:00:00,19885.7234635241,0.2619044661812117
2024-07-17 20:00:00,19885.7234635241,0.2619044661812117
2024-07-18 00:00:00,19885.7234635241,0.2619044661812117
2024-07-18 04:00:00,19767.764861939082,0.26628271860763775
2024-07-18 08:00:00,19812.75277906924,0.26461290856675657
2024-07-18 12:00:00,19167.87766472556,0.28854864530980373
2024-07-18 16:00:00,19167.87766472556,0.28854864530980373
2024-07-18 20:00:00,19167.87766472556,0.28854864530980373
2024-07-19 00:00:00,19167.87766472556,0.28854864530980373
2024-07-19 04:00:00,19167.87766472556,0.28854864530980373
2024-07-19 08:00:00,19167.87766472556,0.28854864530980373
2024-07-19 12:00:00,19167.87766472556,0.28854864530980373
2024-07-19 16:00:00,19167.87766472556,0.28854864530980373
2024-07-19 20:00:00,19167.87766472556,0.28854864530980373
2024-07-20 00:00:00,19167.87766472556,0.28854864530980373
2024-07-20 04:00:00,19147.006336940325,0.28932332337728306
2024-07-20 08:00:00,19107.699171115506,0.2907822817901158
2024-07-20 12:00:00,19278.341906006204,0.28444855997544427
2024-07-20 16:00:00,19477.830934394693,0.27704415443950914
2024-07-20 20:00:00,19435.79751378058,0.27860430285871607
2024-07-21 00:00:00,19451.469516702058,0.27802260738338896
2024-07-21 04:00:00,18965.752203542106,0.29605090694208597
2024-07-21 08:00:00,19143.72579270627,0.2894450868651487
2024-07-21 12:00:00,19427.70997305918,0.27890448694289044
2024-07-21 16:00:00,19685.7049804847,0.2693285234091717
2024-07-21 20:00:00,20384.90988738403,0.2433762355805086
2024-07-22 00:00:00,20242.229248252843,0.24867209231402454
2024-07-22 04:00:00,19586.160650640653,0.27302329596344393
2024-07-22 08:00:00,19866.143416632513,0.262631215961734
2024-07-22 12:00:00,19413.978968330655,0.27941413866783565
2024-07-22 16:00:00,20582.153993560525,0.23605515449899842
2024-07-22 20:00:00,19882.06149363287,0.2620403869902611
2024-07-23 00:00:00,19824.0131506004,0.264194958978373
2024-07-23 04:00:00,18894.33400515951,0.29870172592567834
2024-07-23 08:00:00,18944.322819091838,0.29684629831842896
2024-07-23 12:00:00,18898.307396001055,0.2985542461500675
2024-07-23 16:00:00,18344.34858044702,0.31911545572486466
2024-07-23 20:00:00,18344.34858044702,0.31911545572486466
2024-07-24 00:00:00,18344.34858044702,0.31911545572486466
2024-07-24 04:00:00,18344.34858044702,0.31911545572486466
2024-07-24 08:00:00,18344.34858044702,0.31911545572486466
2024-07-24 12:00:00,18344.34858044702,0.31911545572486466
2024-07-24 16:00:00,18344.34858044702,0.31911545572486466
2024-07-24 20:00:00,18344.34858044702,0.31911545572486466
2024-07-25 00:00:00,18344.34858044702,0.31911545572486466
2024-07-25 04:00:00,18344.34858044702,0.31911545572486466
2024-07-25 08:00:00,18344.34858044702,0.31911545572486466
2024-07-25 12:00:00,18344.34858044702,0.31911545572486466
2024-07-25 16:00:00,18344.34858044702,0.31911545572486466
2024-07-25 20:00:00,18344.34858044702,0.31911545572486466
2024-07-26 00:00:00,18344.34858044702,0.31911545572486466
2024-07-26 04:00:00,18344.34858044702,0.31911545572486466
2024-07-26 08:00:00,18344.34858044702,0.31911545572486466
2024-07-26 12:00:00,18344.34858044702,0.31911545572486466
2024-07-26 16:00:00,18344.34858044702,0.31911545572486466
2024-07-26 20:00:00,18344.34858044702,0.31911545572486466
2024-07-27 00:00:00,18344.34858044702,0.31911545572486466
2024-07-27 04:00:00,18460.641405781484,0.31479903167562234
2024-07-27 08:00:00,18547.22951568314,0.31158515327097436
2024-07-27 12:00:00,18864.281421090644,0.2998171833603365
2024-07-27 16:00:00,18565.264079524262,0.3109157669622529
2024-07-27 20:00:00,18390.499979437867,0.31740246089532687
2024-07-28 00:00:00,18412.711621869137,0.3165780345621652
2024-07-28 04:00:00,18222.653136930792,0.3236324079750648
2024-07-28 08:00:00,18360.208919811237,0.3185267697929169
2024-07-28 12:00:00,18264.69481555652,0.32207195304443015
2024-07-28 16:00:00,18498.180675502364,0.313405692007864
2024-07-28 20:00:00,18567.106396110332,0.3108473859628615
2024-07-29 00:00:00,19071.919754846593,0.29211030123075465
2024-07-29 04:00:00,19183.830755777006,0.28795651672683953
2024-07-29 08:00:00,19209.818153182285,0.2869919462400984
2024-07-29 12:00:00,18437.09697468792,0.3156729269336118
2024-07-29 16:00:00,18437.09697468792,0.3156729269336118
2024-07-29 20:00:00,18437.09697468792,0.3156729269336118
2024-07-30 00:00:00,18437.09697468792,0.3156729269336118
2024-07-30 04:00:00,18437.09697468792,0.3156729269336118
2024-07-30 08:00:00,18437.09697468792,0.3156729269336118
2024-07-30 12:00:00,18437.09697468792,0.3156729269336118
2024-07-30 16:00:00,18437.09697468792,0.3156729269336118
2024-07-30 20:00:00,18437.09697468792,0.3156729269336118
2024-07-31 00:00:00,18437.09697468792,0.3156729269336118
2024-07-31 04:00:00,18437.09697468792,0.3156729269336118
2024-07-31 08:00:00,18437.09697468792,0.3156729269336118
2024-07-31 12:00:00,18437.09697468792,0.3156729269336118
2024-07-31 16:00:00,18437.09697468792,0.3156729269336118
2024-07-31 20:00:00,18437.09697468792,0.3156729269336118
2024-08-01 00:00:00,18437.09697468792,0.3156729269336118
2024-08-01 04:00:00,18437.09697468792,0.3156729269336118
2024-08-01 08:00:00,18437.09697468792,0.3156729269336118
2024-08-01 12:00:00,18437.09697468792,0.3156729269336118
2024-08-01 16:00:00,18437.09697468792,0.3156729269336118
2024-08-01 20:00:00,18437.09697468792,0.3156729269336118
2024-08-02 00:00:00,18437.09697468792,0.3156729269336118
2024-08-02 04:00:00,18437.09697468792,0.3156729269336118
2024-08-02 08:00:00,18437.09697468792,0.3156729269336118
2024-08-02 12:00:00,18437.09697468792,0.3156729269336118
2024-08-02 16:00:00,18437.09697468792,0.3156729269336118
2024-08-02 20:00:00,18437.09697468792,0.3156729269336118
2024-08-03 00:00:00,18437.09697468792,0.3156729269336118
2024-08-03 04:00:00,18437.09697468792,0.3156729269336118
2024-08-03 08:00:00,18437.09697468792,0.3156729269336118
2024-08-03 12:00:00,18437.09697468792,0.3156729269336118
2024-08-03 16:00:00,18437.09697468792,0.3156729269336118
2024-08-03 20:00:00,18437.09697468792,0.3156729269336118
2024-08-04 00:00:00,18437.09697468792,0.3156729269336118
2024-08-04 04:00:00,18437.09697468792,0.3156729269336118
2024-08-04 08:00:00,18437.09697468792,0.3156729269336118
2024-08-04 12:00:00,18437.09697468792,0.3156729269336118
2024-08-04 16:00:00,18437.09697468792,0.3156729269336118
2024-08-04 20:00:00,18437.09697468792,0.3156729269336118
2024-08-05 00:00:00,18437.09697468792,0.3156729269336118
2024-08-05 04:00:00,18437.09697468792,0.3156729269336118
2024-08-05 08:00:00,18437.09697468792,0.3156729269336118
2024-08-05 12:00:00,18437.09697468792,0.3156729269336118
2024-08-05 16:00:00,18437.09697468792,0.3156729269336118
2024-08-05 20:00:00,18437.09697468792,0.3156729269336118
2024-08-06 00:00:00,18437.09697468792,0.3156729269336118
2024-08-06 04:00:00,18437.09697468792,0.3156729269336118
2024-08-06 08:00:00,18437.09697468792,0.3156729269336118
2024-08-06 12:00:00,18437.09697468792,0.3156729269336118
2024-08-06 16:00:00,18437.09697468792,0.3156729269336118
2024-08-06 20:00:00,18437.09697468792,0.3156729269336118
2024-08-07 00:00:00,18437.09697468792,0.3156729269336118
2024-08-07 04:00:00,18437.09697468792,0.3156729269336118
2024-08-07 08:00:00,18437.09697468792,0.3156729269336118
2024-08-07 12:00:00,18437.09697468792,0.3156729269336118
2024-08-07 16:00:00,18437.09697468792,0.3156729269336118
2024-08-07 20:00:00,18437.09697468792,0.3156729269336118
2024-08-08 00:00:00,18437.09697468792,0.3156729269336118
2024-08-08 04:00:00,18532.119333215618,0.3121459957374263
2024-08-08 08:00:00,18595.619246084567,0.3097890786168386
2024-08-08 12:00:00,19566.465876038794,0.2737543040758651
2024-08-08 16:00:00,19566.465876038794,0.2737543040758651
2024-08-08 20:00:00,19566.465876038794,0.2737543040758651
2024-08-09 00:00:00,19566.465876038794,0.2737543040758651
2024-08-09 04:00:00,19296.399472917656,0.28377831986507446
2024-08-09 08:00:00,19192.224672298802,0.2876449609362066
2024-08-09 12:00:00,18718.976282835687,0.3052104532498444
2024-08-09 16:00:00,18718.976282835687,0.3052104532498444
2024-08-09 20:00:00,18718.976282835687,0.3052104532498444
2024-08-10 00:00:00,18718.976282835687,0.3052104532498444
2024-08-10 04:00:00,18718.976282835687,0.3052104532498444
2024-08-10 08:00:00,18718.976282835687,0.3052104532498444
2024-08-10 12:00:00,18718.976282835687,0.3052104532498444
2024-08-10 16:00:00,18718.976282835687,0.3052104532498444
2024-08-10 20:00:00,18718.976282835687,0.3052104532498444
2024-08-11 00:00:00,18718.976282835687,0.3052104532498444
2024-08-11 04:00:00,18795.631693368858,0.30236524541713167
2024-08-11 08:00:00,18501.696366721295,0.313275200603227
2024-08-11 12:00:00,18191.703970574214,0.3247811437253686
2024-08-11 16:00:00,18191.703970574214,0.3247811437253686
2024-08-11 20:00:00,18191.703970574214,0.3247811437253686
2024-08-12 00:00:00,18191.703970574214,0.3247811437253686
2024-08-12 04:00:00,18191.703970574214,0.3247811437253686
2024-08-12 08:00:00,18191.703970574214,0.3247811437253686
2024-08-12 12:00:00,18191.703970574214,0.3247811437253686
2024-08-12 16:00:00,18191.703970574214,0.3247811437253686
2024-08-12 20:00:00,18191.703970574214,0.3247811437253686
2024-08-13 00:00:00,18191.703970574214,0.3247811437253686
2024-08-13 04:00:00,18191.703970574214,0.3247811437253686
2024-08-13 08:00:00,18191.703970574214,0.3247811437253686
2024-08-13 12:00:00,18191.703970574214,0.3247811437253686
2024-08-13 16:00:00,18191.703970574214,0.3247811437253686
2024-08-13 20:00:00,18191.703970574214,0.3247811437253686
2024-08-14 00:00:00,18191.703970574214,0.3247811437253686
2024-08-14 04:00:00,18191.703970574214,0.3247811437253686
2024-08-14 08:00:00,18191.703970574214,0.3247811437253686
2024-08-14 12:00:00,18191.703970574214,0.3247811437253686
2024-08-14 16:00:00,18191.703970574214,0.3247811437253686
2024-08-14 20:00:00,18191.703970574214,0.3247811437253686
2024-08-15 00:00:00,18191.703970574214,0.3247811437253686
2024-08-15 04:00:00,18191.703970574214,0.3247811437253686
2024-08-15 08:00:00,18191.703970574214,0.3247811437253686
2024-08-15 12:00:00,18191.703970574214,0.3247811437253686
2024-08-15 16:00:00,18191.703970574214,0.3247811437253686
2024-08-15 20:00:00,18191.703970574214,0.3247811437253686
2024-08-16 00:00:00,18191.703970574214,0.3247811437253686
2024-08-16 04:00:00,18191.703970574214,0.3247811437253686
2024-08-16 08:00:00,18191.703970574214,0.3247811437253686
2024-08-16 12:00:00,18191.703970574214,0.3247811437253686
2024-08-16 16:00:00,18191.703970574214,0.3247811437253686
2024-08-16 20:00:00,18191.703970574214,0.3247811437253686
2024-08-17 00:00:00,18191.703970574214,0.3247811437253686
2024-08-17 04:00:00,18191.703970574214,0.3247811437253686
2024-08-17 08:00:00,18191.703970574214,0.3247811437253686
2024-08-17 12:00:00,18191.703970574214,0.3247811437253686
2024-08-17 16:00:00,18191.703970574214,0.3247811437253686
2024-08-17 20:00:00,18191.703970574214,0.3247811437253686
2024-08-18 00:00:00,18191.703970574214,0.3247811437253686
2024-08-18 04:00:00,18326.607446199276,0.3197739508496288
2024-08-18 08:00:00,18551.909108319,0.31141146150507226
2024-08-18 12:00:00,18471.88684189568,0.31438163644295913
2024-08-18 16:00:00,18394.069679656488,0.31726996484642683
2024-08-18 20:00:00,17720.17428460228,0.342282843169055
2024-08-19 00:00:00,17720.17428460228,0.342282843169055
2024-08-19 04:00:00,17720.17428460228,0.342282843169055
2024-08-19 08:00:00,17720.17428460228,0.342282843169055
2024-08-19 12:00:00,17720.17428460228,0.342282843169055
2024-08-19 16:00:00,17720.17428460228,0.342282843169055
2024-08-19 20:00:00,17720.17428460228,0.342282843169055
2024-08-20 00:00:00,17720.17428460228,0.342282843169055
2024-08-20 04:00:00,17720.17428460228,0.342282843169055
2024-08-20 08:00:00,17720.17428460228,0.342282843169055
2024-08-20 12:00:00,17720.17428460228,0.342282843169055
2024-08-20 16:00:00,17720.17428460228,0.342282843169055
2024-08-20 20:00:00,17720.17428460228,0.342282843169055
2024-08-21 00:00:00,17720.17428460228,0.342282843169055
2024-08-21 04:00:00,17720.17428460228,0.342282843169055
2024-08-21 08:00:00,17720.17428460228,0.342282843169055
2024-08-21 12:00:00,17720.17428460228,0.342282843169055
2024-08-21 16:00:00,17720.17428460228,0.342282843169055
2024-08-21 20:00:00,17720.17428460228,0.342282843169055
2024-08-22 00:00:00,17720.17428460228,0.342282843169055
2024-08-22 04:00:00,17960.502056832225,0.3333626318596241
2024-08-22 08:00:00,18136.383530144583,0.3268344645454482
2024-08-22 12:00:00,17672.023360327672,0.34407005409057484
2024-08-22 16:00:00,17622.311985367785,0.34591518403544136
2024-08-22 20:00:00,17656.220114877167,0.34465662087595006
2024-08-23 00:00:00,17764.943101284272,0.34062116544795307
2024-08-23 04:00:00,18002.91265040351,0.331788483966087
2024-08-23 08:00:00,17839.103720660343,0.3378685564193142
2024-08-23 12:00:00,18234.781646670446,0.32318223582582734
2024-08-23 16:00:00,19227.465590474927,0.28633692885172235
2024-08-23 20:00:00,19227.465590474927,0.28633692885172235
2024-08-24 00:00:00,19227.465590474927,0.28633692885172235
2024-08-24 04:00:00,19483.03930909026,0.276850835946053
2024-08-24 08:00:00,19278.031247313833,0.28446009064938743
2024-08-24 12:00:00,19313.514417837046,0.28314306691942587
2024-08-24 16:00:00,19430.802987052524,0.2787896839879608
2024-08-24 20:00:00,19403.99538158115,0.2797846980193634
2024-08-25 00:00:00,19375.982561288092,0.2808244458357252
2024-08-25 04:00:00,19141.788712201276,0.28951698520327085
2024-08-25 08:00:00,19147.413810983115,0.28930819922192197
2024-08-25 12:00:00,19405.63873111172,0.2797237020515152
2024-08-25 16:00:00,19460.863110740585,0.2776739467063429
2024-08-25 20:00:00,19493.4269093982,0.27646528088146366
2024-08-26 00:00:00,19388.389523313934,0.2803639384130845
2024-08-26 04:00:00,18900.38288264998,0.29847721061103455
2024-08-26 08:00:00,19132.343858364467,0.2898675484828673
2024-08-26 12:00:00,18805.847007670356,0.30198608506743047
2024-08-26 16:00:00,18616.2798504791,0.3090222219391032
2024-08-26 20:00:00,18045.93906901093,0.3301914785833758
2024-08-27 00:00:00,18045.93906901093,0.3301914785833758
2024-08-27 04:00:00,18045.93906901093,0.3301914785833758
2024-08-27 08:00:00,18045.93906901093,0.3301914785833758
2024-08-27 12:00:00,18045.93906901093,0.3301914785833758
2024-08-27 16:00:00,18045.93906901093,0.3301914785833758
2024-08-27 20:00:00,18045.93906901093,0.3301914785833758
2024-08-28 00:00:00,18045.93906901093,0.3301914785833758
2024-08-28 04:00:00,18045.93906901093,0.3301914785833758
2024-08-28 08:00:00,18045.93906901093,0.3301914785833758
2024-08-28 12:00:00,18045.93906901093,0.3301914785833758
2024-08-28 16:00:00,18045.93906901093,0.3301914785833758
2024-08-28 20:00:00,18045.93906901093,0.3301914785833758
2024-08-29 00:00:00,18045.93906901093,0.3301914785833758
2024-08-29 04:00:00,18045.93906901093,0.3301914785833758
2024-08-29 08:00:00,18045.93906901093,0.3301914785833758
2024-08-29 12:00:00,18045.93906901093,0.3301914785833758
2024-08-29 16:00:00,18045.93906901093,0.3301914785833758
2024-08-29 20:00:00,18045.93906901093,0.3301914785833758
2024-08-30 00:00:00,18045.93906901093,0.3301914785833758
2024-08-30 04:00:00,18045.93906901093,0.3301914785833758
2024-08-30 08:00:00,18045.93906901093,0.3301914785833758
2024-08-30 12:00:00,18045.93906901093,0.3301914785833758
2024-08-30 16:00:00,18045.93906901093,0.3301914785833758
2024-08-30 20:00:00,18045.93906901093,0.3301914785833758
2024-08-31 00:00:00,18045.93906901093,0.3301914785833758
2024-08-31 04:00:00,18045.93906901093,0.3301914785833758
2024-08-31 08:00:00,18045.93906901093,0.3301914785833758
2024-08-31 12:00:00,18045.93906901093,0.3301914785833758
2024-08-31 16:00:00,18045.93906901093,0.3301914785833758
2024-08-31 20:00:00,18045.93906901093,0.3301914785833758
2024-09-01 00:00:00,18045.93906901093,0.3301914785833758
2024-09-01 04:00:00,18045.93906901093,0.3301914785833758
2024-09-01 08:00:00,18045.93906901093,0.3301914785833758
2024-09-01 12:00:00,18045.93906901093,0.3301914785833758
2024-09-01 16:00:00,18045.93906901093,0.3301914785833758
2024-09-01 20:00:00,18045.93906901093,0.3301914785833758
2024-09-02 00:00:00,18045.93906901093,0.3301914785833758
2024-09-02 04:00:00,18045.93906901093,0.3301914785833758
2024-09-02 08:00:00,18045.93906901093,0.3301914785833758
2024-09-02 12:00:00,18045.93906901093,0.3301914785833758
2024-09-02 16:00:00,18045.93906901093,0.3301914785833758
2024-09-02 20:00:00,18045.93906901093,0.3301914785833758
2024-09-03 00:00:00,18045.93906901093,0.3301914785833758
2024-09-03 04:00:00,18045.93906901093,0.3301914785833758
2024-09-03 08:00:00,18045.93906901093,0.3301914785833758
2024-09-03 12:00:00,18045.93906901093,0.3301914785833758
2024-09-03 16:00:00,18045.93906901093,0.3301914785833758
2024-09-03 20:00:00,18045.93906901093,0.3301914785833758
2024-09-04 00:00:00,18045.93906901093,0.3301914785833758
2024-09-04 04:00:00,18045.93906901093,0.3301914785833758
2024-09-04 08:00:00,18045.93906901093,0.3301914785833758
2024-09-04 12:00:00,18045.93906901093,0.3301914785833758
2024-09-04 16:00:00,18045.93906901093,0.3301914785833758
2024-09-04 20:00:00,18045.93906901093,0.3301914785833758
2024-09-05 00:00:00,18045.93906901093,0.3301914785833758
2024-09-05 04:00:00,18045.93906901093,0.3301914785833758
2024-09-05 08:00:00,18045.93906901093,0.3301914785833758
2024-09-05 12:00:00,18045.93906901093,0.3301914785833758
2024-09-05 16:00:00,18045.93906901093,0.3301914785833758
2024-09-05 20:00:00,18045.93906901093,0.3301914785833758
2024-09-06 00:00:00,18045.93906901093,0.3301914785833758
2024-09-06 04:00:00,18045.93906901093,0.3301914785833758
2024-09-06 08:00:00,18045.93906901093,0.3301914785833758
2024-09-06 12:00:00,18045.93906901093,0.3301914785833758
2024-09-06 16:00:00,18045.93906901093,0.3301914785833758
2024-09-06 20:00:00,18045.93906901093,0.3301914785833758
2024-09-07 00:00:00,18045.93906901093,0.3301914785833758
2024-09-07 04:00:00,18045.93906901093,0.3301914785833758
2024-09-07 08:00:00,18045.93906901093,0.3301914785833758
2024-09-07 12:00:00,18045.93906901093,0.3301914785833758
2024-09-07 16:00:00,18045.93906901093,0.3301914785833758
2024-09-07 20:00:00,18045.93906901093,0.3301914785833758
2024-09-08 00:00:00,18045.93906901093,0.3301914785833758
2024-09-08 04:00:00,18045.93906901093,0.3301914785833758
2024-09-08 08:00:00,18045.93906901093,0.3301914785833758
2024-09-08 12:00:00,18045.93906901093,0.3301914785833758
2024-09-08 16:00:00,18045.93906901093,0.3301914785833758
2024-09-08 20:00:00,18045.93906901093,0.3301914785833758
2024-09-09 00:00:00,18045.93906901093,0.3301914785833758
2024-09-09 04:00:00,18045.93906901093,0.3301914785833758
2024-09-09 08:00:00,18045.93906901093,0.3301914785833758
2024-09-09 12:00:00,18045.93906901093,0.3301914785833758
2024-09-09 16:00:00,18045.93906901093,0.3301914785833758
2024-09-09 20:00:00,18045.93906901093,0.3301914785833758
2024-09-10 00:00:00,18045.93906901093,0.3301914785833758
2024-09-10 04:00:00,18403.520141449844,0.31691919341711494
2024-09-10 08:00:00,18408.224845794484,0.31674456958353475
2024-09-10 12:00:00,18092.211169979917,0.32847400367589913
2024-09-10 16:00:00,18728.47285797658,0.30485797023805333
2024-09-10 20:00:00,18728.47285797658,0.30485797023805333
2024-09-11 00:00:00,18728.47285797658,0.30485797023805333
2024-09-11 04:00:00,18728.47285797658,0.30485797023805333
2024-09-11 08:00:00,18728.47285797658,0.30485797023805333
2024-09-11 12:00:00,18728.47285797658,0.30485797023805333
2024-09-11 16:00:00,18728.47285797658,0.30485797023805333
2024-09-11 20:00:00,18728.47285797658,0.30485797023805333
2024-09-12 00:00:00,18728.47285797658,0.30485797023805333
2024-09-12 04:00:00,18695.794291958988,0.3060708958665038
2024-09-12 08:00:00,18655.698696027768,0.3075591183260447
2024-09-12 12:00:00,18382.7104330677,0.31769158436608425
2024-09-12 16:00:00,18820.681804487856,0.30143546405048877
2024-09-12 20:00:00,18692.83032484975,0.3061809090068216
2024-09-13 00:00:00,18549.64450632168,0.3114955164112548
2024-09-13 04:00:00,18681.302086163618,0.3066088009818176
2024-09-13 08:00:00,18562.185692461266,0.3110300270115155
2024-09-13 12:00:00,19418.396931037052,0.2792501577823451
2024-09-13 16:00:00,19418.396931037052,0.2792501577823451
2024-09-13 20:00:00,19418.396931037052,0.2792501577823451
2024-09-14 00:00:00,19418.396931037052,0.2792501577823451
2024-09-14 04:00:00,19335.645171947323,0.28232164290642486
2024-09-14 08:00:00,19119.760920014338,0.29033458759339215
2024-09-14 12:00:00,19204.553675065603,0.2871873471161559
2024-09-14 16:00:00,19171.542521492207,0.2884126173490153
2024-09-14 20:00:00,19263.044997631743,0.2850163331204915
2024-09-15 00:00:00,19344.482654074473,0.28199362335510114
2024-09-15 04:00:00,19360.68876631431,0.28139210342112786
2024-09-15 08:00:00,19165.17598234784,0.28864892326551667
2024-09-15 12:00:00,19500.05146925288,0.27621939804741824
2024-09-15 16:00:00,19042.8385690003,0.29318970341748796
2024-09-15 20:00:00,18244.762654112947,0.3228117722100663
2024-09-16 00:00:00,18244.762654112947,0.3228117722100663
2024-09-16 04:00:00,18244.762654112947,0.3228117722100663
2024-09-16 08:00:00,18244.762654112947,0.3228117722100663
2024-09-16 12:00:00,18244.762654112947,0.3228117722100663
2024-09-16 16:00:00,18244.762654112947,0.3228117722100663
2024-09-16 20:00:00,18244.762654112947,0.3228117722100663
2024-09-17 00:00:00,18244.762654112947,0.3228117722100663
2024-09-17 04:00:00,18244.762654112947,0.3228117722100663
2024-09-17 08:00:00,18244.762654112947,0.3228117722100663
2024-09-17 12:00:00,18244.762654112947,0.3228117722100663
2024-09-17 16:00:00,18244.762654112947,0.3228117722100663
2024-09-17 20:00:00,18244.762654112947,0.3228117722100663
2024-09-18 00:00:00,18244.762654112947,0.3228117722100663
2024-09-18 04:00:00,18244.762654112947,0.3228117722100663
2024-09-18 08:00:00,18244.762654112947,0.3228117722100663
2024-09-18 12:00:00,18244.762654112947,0.3228117722100663
2024-09-18 16:00:00,18244.762654112947,0.3228117722100663
2024-09-18 20:00:00,18244.762654112947,0.3228117722100663
2024-09-19 00:00:00,18244.762654112947,0.3228117722100663
2024-09-19 04:00:00,18239.88173365091,0.322992936631897
2024-09-19 08:00:00,18515.59694434399,0.31275925486559103
2024-09-19 12:00:00,18769.889745340286,0.30332070559470753
2024-09-19 16:00:00,18818.854086651652,0.30150330319018404
2024-09-19 20:00:00,18666.83873118852,0.3071456352453905
2024-09-20 00:00:00,19017.10980450288,0.29414467426383684
2024-09-20 04:00:00,18927.58499750492,0.2974675536316601
2024-09-20 08:00:00,18885.173490805464,0.2990417354176441
2024-09-20 12:00:00,18742.157792971342,0.3043500284767811
2024-09-20 16:00:00,18535.551058135632,0.3120186208978132
2024-09-20 20:00:00,18535.551058135632,0.3120186208978132
2024-09-21 00:00:00,18535.551058135632,0.3120186208978132
2024-09-21 04:00:00,18535.551058135632,0.3120186208978132
2024-09-21 08:00:00,18535.551058135632,0.3120186208978132
2024-09-21 12:00:00,18535.551058135632,0.3120186208978132
2024-09-21 16:00:00,18535.551058135632,0.3120186208978132
2024-09-21 20:00:00,18535.551058135632,0.3120186208978132
2024-09-22 00:00:00,18535.551058135632,0.3120186208978132
2024-09-22 04:00:00,18535.551058135632,0.3120186208978132
2024-09-22 08:00:00,18535.551058135632,0.3120186208978132
2024-09-22 12:00:00,18535.551058135632,0.3120186208978132
2024-09-22 16:00:00,18535.551058135632,0.3120186208978132
2024-09-22 20:00:00,18535.551058135632,0.3120186208978132
2024-09-23 00:00:00,18535.551058135632,0.3120186208978132
2024-09-23 04:00:00,18108.021399670997,0.3278871776574724
2024-09-23 08:00:00,18021.07319785329,0.33111442154190746
2024-09-23 12:00:00,18021.07319785329,0.33111442154190746
2024-09-23 16:00:00,18021.07319785329,0.33111442154190746
2024-09-23 20:00:00,18021.07319785329,0.33111442154190746
2024-09-24 00:00:00,18021.07319785329,0.33111442154190746
2024-09-24 04:00:00,18021.07319785329,0.33111442154190746
2024-09-24 08:00:00,18021.07319785329,0.33111442154190746
2024-09-24 12:00:00,18021.07319785329,0.33111442154190746
2024-09-24 16:00:00,18021.07319785329,0.33111442154190746
2024-09-24 20:00:00,18021.07319785329,0.33111442154190746
2024-09-25 00:00:00,18021.07319785329,0.33111442154190746
2024-09-25 04:00:00,17690.793801471344,0.3433733543299971
2024-09-25 08:00:00,17688.122004264045,0.3434725230421435
2024-09-25 12:00:00,17488.134386073703,0.3508954346639462
2024-09-25 16:00:00,17488.134386073703,0.3508954346639462
2024-09-25 20:00:00,17488.134386073703,0.3508954346639462
2024-09-26 00:00:00,17488.134386073703,0.3508954346639462
2024-09-26 04:00:00,17488.134386073703,0.3508954346639462
2024-09-26 08:00:00,17488.134386073703,0.3508954346639462
2024-09-26 12:00:00,17488.134386073703,0.3508954346639462
2024-09-26 16:00:00,17488.134386073703,0.3508954346639462
2024-09-26 20:00:00,17488.134386073703,0.3508954346639462
2024-09-27 00:00:00,17488.134386073703,0.3508954346639462
2024-09-27 04:00:00,17516.170395992292,0.34985482612159335
2024-09-27 08:00:00,17504.823384462048,0.35027599151434485
2024-09-27 12:00:00,17789.143046771736,0.33972293955661353
2024-09-27 16:00:00,17615.119048170618,0.34618216324944917
2024-09-27 20:00:00,17671.08672440464,0.34410481907123414
2024-09-28 00:00:00,17817.980359438254,0.33865258917557084
2024-09-28 04:00:00,17558.10114428443,0.3482984885761742
2024-09-28 08:00:00,17532.075543201492,0.3492644770633167
2024-09-28 12:00:00,17353.169628805812,0.35590490212159703
2024-09-28 16:00:00,17458.012897086926,0.3520134496325186
2024-09-28 20:00:00,17591.98592304582,0.34704079212303296
2024-09-29 00:00:00,17549.878212663218,0.3486036979448776
2024-09-29 04:00:00,17047.458663196143,0.36725193200310063
2024-09-29 08:00:00,17369.78161137706,0.3552883175569869
2024-09-29 12:00:00,17458.8698519174,0.3519816421634961
2024-09-29 16:00:00,17770.047893148756,0.3404316916235201
2024-09-29 20:00:00,17234.78931774016,0.36029880707808043
2024-09-30 00:00:00,15615.174989126666,0.4204137988535259
2024-09-30 04:00:00,15619.322953512054,0.4202598394568306
2024-09-30 08:00:00,15222.705523363618,0.43498103149011086
2024-09-30 12:00:00,15222.705523363618,0.43498103149011086
2024-09-30 16:00:00,15222.705523363618,0.43498103149011086
2024-09-30 20:00:00,15222.705523363618,0.43498103149011086
2024-10-01 00:00:00,15222.705523363618,0.43498103149011086
2024-10-01 04:00:00,15222.705523363618,0.43498103149011086
2024-10-01 08:00:00,15222.705523363618,0.43498103149011086
2024-10-01 12:00:00,15222.705523363618,0.43498103149011086
2024-10-01 16:00:00,15222.705523363618,0.43498103149011086
2024-10-01 20:00:00,15222.705523363618,0.43498103149011086
2024-10-02 00:00:00,15222.705523363618,0.43498103149011086
2024-10-02 04:00:00,15222.705523363618,0.43498103149011086
2024-10-02 08:00:00,15222.705523363618,0.43498103149011086
2024-10-02 12:00:00,15222.705523363618,0.43498103149011086
2024-10-02 16:00:00,15222.705523363618,0.43498103149011086
2024-10-02 20:00:00,15222.705523363618,0.43498103149011086
2024-10-03 00:00:00,15222.705523363618,0.43498103149011086
2024-10-03 04:00:00,15222.705523363618,0.43498103149011086
2024-10-03 08:00:00,15222.705523363618,0.43498103149011086
2024-10-03 12:00:00,15222.705523363618,0.43498103149011086
2024-10-03 16:00:00,15222.705523363618,0.43498103149011086
2024-10-03 20:00:00,15222.705523363618,0.43498103149011086
2024-10-04 00:00:00,15222.705523363618,0.43498103149011086
2024-10-04 04:00:00,15222.705523363618,0.43498103149011086
2024-10-04 08:00:00,15222.705523363618,0.43498103149011086
2024-10-04 12:00:00,15222.705523363618,0.43498103149011086
2024-10-04 16:00:00,15222.705523363618,0.43498103149011086
2024-10-04 20:00:00,15222.705523363618,0.43498103149011086
2024-10-05 00:00:00,15222.705523363618,0.43498103149011086
2024-10-05 04:00:00,15222.705523363618,0.43498103149011086
2024-10-05 08:00:00,15222.705523363618,0.43498103149011086
2024-10-05 12:00:00,15222.705523363618,0.43498103149011086
2024-10-05 16:00:00,15222.705523363618,0.43498103149011086
2024-10-05 20:00:00,15222.705523363618,0.43498103149011086
2024-10-06 00:00:00,15222.705523363618,0.43498103149011086
2024-10-06 04:00:00,15222.705523363618,0.43498103149011086
2024-10-06 08:00:00,15222.705523363618,0.43498103149011086
2024-10-06 12:00:00,15222.705523363618,0.43498103149011086
2024-10-06 16:00:00,15222.705523363618,0.43498103149011086
2024-10-06 20:00:00,15222.705523363618,0.43498103149011086
2024-10-07 00:00:00,15222.705523363618,0.43498103149011086
2024-10-07 04:00:00,15236.781951004203,0.43445855875268713
2024-10-07 08:00:00,15038.495987970486,0.4418183102851168
2024-10-07 12:00:00,15296.563525874148,0.4322396546480869
2024-10-07 16:00:00,15161.751377231696,0.4372434577533662
2024-10-07 20:00:00,14557.302635313508,0.45967869465337363
2024-10-08 00:00:00,14557.302635313508,0.45967869465337363
2024-10-08 04:00:00,14557.302635313508,0.45967869465337363
2024-10-08 08:00:00,14557.302635313508,0.45967869465337363
2024-10-08 12:00:00,14557.302635313508,0.45967869465337363
2024-10-08 16:00:00,14557.302635313508,0.45967869465337363
2024-10-08 20:00:00,14557.302635313508,0.45967869465337363
2024-10-09 00:00:00,14557.302635313508,0.45967869465337363
2024-10-09 04:00:00,14557.302635313508,0.45967869465337363
2024-10-09 08:00:00,14557.302635313508,0.45967869465337363
2024-10-09 12:00:00,14557.302635313508,0.45967869465337363
2024-10-09 16:00:00,14557.302635313508,0.45967869465337363
2024-10-09 20:00:00,14557.302635313508,0.45967869465337363
2024-10-10 00:00:00,14557.302635313508,0.45967869465337363
2024-10-10 04:00:00,14557.302635313508,0.45967869465337363
2024-10-10 08:00:00,14557.302635313508,0.45967869465337363
2024-10-10 12:00:00,14557.302635313508,0.45967869465337363
2024-10-10 16:00:00,14557.302635313508,0.45967869465337363
2024-10-10 20:00:00,14557.302635313508,0.45967869465337363
2024-10-11 00:00:00,14557.302635313508,0.45967869465337363
2024-10-11 04:00:00,14557.302635313508,0.45967869465337363
2024-10-11 08:00:00,14557.302635313508,0.45967869465337363
2024-10-11 12:00:00,14557.302635313508,0.45967869465337363
2024-10-11 16:00:00,14557.302635313508,0.45967869465337363
2024-10-11 20:00:00,14557.302635313508,0.45967869465337363
2024-10-12 00:00:00,14557.302635313508,0.45967869465337363
2024-10-12 04:00:00,14557.302635313508,0.45967869465337363
2024-10-12 08:00:00,14557.302635313508,0.45967869465337363
2024-10-12 12:00:00,14557.302635313508,0.45967869465337363
2024-10-12 16:00:00,14557.302635313508,0.45967869465337363
2024-10-12 20:00:00,14557.302635313508,0.45967869465337363
2024-10-13 00:00:00,14557.302635313508,0.45967869465337363
2024-10-13 04:00:00,14627.14887725723,0.45708622175052704
2024-10-13 08:00:00,14486.062356976478,0.46232290980425916
2024-10-13 12:00:00,14320.041718960958,0.4684850739148972
2024-10-13 16:00:00,14572.533589699484,0.45911336951301823
2024-10-13 20:00:00,14640.37156795426,0.4565954370442805
2024-10-14 00:00:00,15319.899901993247,0.43137348173662016
2024-10-14 04:00:00,15478.393625979534,0.4254906930099658
2024-10-14 08:00:00,15627.97829680307,0.4199385803264557
2024-10-14 12:00:00,16065.050893563957,0.40371581970044523
2024-10-14 16:00:00,16065.050893563957,0.40371581970044523
2024-10-14 20:00:00,16065.050893563957,0.40371581970044523
2024-10-15 00:00:00,16065.050893563957,0.40371581970044523
2024-10-15 04:00:00,16182.44615212324,0.39935847679597175
2024-10-15 08:00:00,16062.908852054221,0.40379532554666153
2024-10-15 12:00:00,16374.053617346099,0.3922466101049388
2024-10-15 16:00:00,16805.297694621924,0.37624018579722174
2024-10-15 20:00:00,16805.297694621924,0.37624018579722174
2024-10-16 00:00:00,16805.297694621924,0.37624018579722174
2024-10-16 04:00:00,16739.536523675204,0.37868103370821177
2024-10-16 08:00:00,17200.6222958013,0.3615669795105906
2024-10-16 12:00:00,17128.243700675648,0.3642534454017769
2024-10-16 16:00:00,17117.235779897277,0.3646620248119276
2024-10-16 20:00:00,17063.227135814705,0.3666666558759206
2024-10-17 00:00:00,17053.908769195798,0.36701252434766707
2024-10-17 04:00:00,16754.33310850608,0.3781318310000742
2024-10-17 08:00:00,16323.55915525944,0.3941208057819081
2024-10-17 12:00:00,17041.760756163574,0.36746342039780594
2024-10-17 16:00:00,16291.075535292834,0.39532649562586064
2024-10-17 20:00:00,16872.825227073805,0.3737337761006391
2024-10-18 00:00:00,17006.417276672968,0.3687752592358287
2024-10-18 04:00:00,17603.502361061583,0.34661333815181955
2024-10-18 08:00:00,17201.907230127144,0.36151928678827666
2024-10-18 12:00:00,18708.892918474274,0.30558471603262316
2024-10-18 16:00:00,18581.522868826218,0.31031229182135167
2024-10-18 20:00:00,18401.481705771213,0.3169948537406196
2024-10-19 00:00:00,18423.46364686091,0.31617895319907113
2024-10-19 04:00:00,18241.16596933894,0.32294526984082217
2024-10-19 08:00:00,17856.761353764246,0.3372131605944799
2024-10-19 12:00:00,18061.66440095888,0.32960780370225357
2024-10-19 16:00:00,17994.195096258536,0.33211205216776846
2024-10-19 20:00:00,18288.182526715696,0.3212001630520764
2024-10-20 00:00:00,18003.134602527287,0.3317802458010746
2024-10-20 04:00:00,18288.09006678818,0.3212035948738898
2024-10-20 08:00:00,18351.057967787805,0.3188664243612344
2024-10-20 12:00:00,18659.98303114415,0.30740009727656736
2024-10-20 16:00:00,18483.380826397475,0.3139550158755899
2024-10-20 20:00:00,19200.463720817126,0.2873391533589542
2024-10-21 00:00:00,19154.448027192906,0.2890471112319433
2024-10-21 04:00:00,18746.355290065134,0.30419423058168177
2024-10-21 08:00:00,18470.338477783742,0.31443910685070386
2024-10-21 12:00:00,17523.741665480466,0.34957380440242836
2024-10-21 16:00:00,17523.741665480466,0.34957380440242836
2024-10-21 20:00:00,17523.741665480466,0.34957380440242836
2024-10-22 00:00:00,17523.741665480466,0.34957380440242836
2024-10-22 04:00:00,17523.741665480466,0.34957380440242836
2024-10-22 08:00:00,17523.741665480466,0.34957380440242836
2024-10-22 12:00:00,17523.741665480466,0.34957380440242836
2024-10-22 16:00:00,17523.741665480466,0.34957380440242836
2024-10-22 20:00:00,17523.741665480466,0.34957380440242836
2024-10-23 00:00:00,17523.741665480466,0.34957380440242836
2024-10-23 04:00:00,17523.741665480466,0.34957380440242836
2024-10-23 08:00:00,17523.741665480466,0.34957380440242836
2024-10-23 12:00:00,17523.741665480466,0.34957380440242836
2024-10-23 16:00:00,17523.741665480466,0.34957380440242836
2024-10-23 20:00:00,17523.741665480466,0.34957380440242836
2024-10-24 00:00:00,17523.741665480466,0.34957380440242836
2024-10-24 04:00:00,17523.741665480466,0.34957380440242836
2024-10-24 08:00:00,17523.741665480466,0.34957380440242836
2024-10-24 12:00:00,17523.741665480466,0.34957380440242836
2024-10-24 16:00:00,17523.741665480466,0.34957380440242836
2024-10-24 20:00:00,17523.741665480466,0.34957380440242836
2024-10-25 00:00:00,17523.741665480466,0.34957380440242836
2024-10-25 04:00:00,17287.67395616717,0.3583358955701236
2024-10-25 08:00:00,17574.570440837255,0.34768720006795995
2024-10-25 12:00:00,17366.668145915883,0.3554038796061027
2024-10-25 16:00:00,16917.83864430771,0.37206301957607973
2024-10-25 20:00:00,16917.83864430771,0.37206301957607973
2024-10-26 00:00:00,16917.83864430771,0.37206301957607973
2024-10-26 04:00:00,16917.83864430771,0.37206301957607973
2024-10-26 08:00:00,16917.83864430771,0.37206301957607973
2024-10-26 12:00:00,16917.83864430771,0.37206301957607973
2024-10-26 16:00:00,16917.83864430771,0.37206301957607973
2024-10-26 20:00:00,16917.83864430771,0.37206301957607973
2024-10-27 00:00:00,16917.83864430771,0.37206301957607973
2024-10-27 04:00:00,16917.83864430771,0.37206301957607973
2024-10-27 08:00:00,16917.83864430771,0.37206301957607973
2024-10-27 12:00:00,16917.83864430771,0.37206301957607973
2024-10-27 16:00:00,16917.83864430771,0.37206301957607973
2024-10-27 20:00:00,16917.83864430771,0.37206301957607973
2024-10-28 00:00:00,16917.83864430771,0.37206301957607973
2024-10-28 04:00:00,16917.83864430771,0.37206301957607973
2024-10-28 08:00:00,16917.83864430771,0.37206301957607973
2024-10-28 12:00:00,16917.83864430771,0.37206301957607973
2024-10-28 16:00:00,16917.83864430771,0.37206301957607973
2024-10-28 20:00:00,16917.83864430771,0.37206301957607973
2024-10-29 00:00:00,16917.83864430771,0.37206301957607973
2024-10-29 04:00:00,16974.681427351865,0.36995319418442735
2024-10-29 08:00:00,17191.689787038267,0.3618985261518724
2024-10-29 12:00:00,17627.746455608547,0.345713473586197
2024-10-29 16:00:00,17627.746455608547,0.345713473586197
2024-10-29 20:00:00,17627.746455608547,0.345713473586197
2024-10-30 00:00:00,17627.746455608547,0.345713473586197
2024-10-30 04:00:00,17639.560042050536,0.34527499039964316
2024-10-30 08:00:00,17517.546995245015,0.34980373108539026
2024-10-30 12:00:00,17556.208361309855,0.3483687427292395
2024-10-30 16:00:00,17436.530180375077,0.3528108205347337
2024-10-30 20:00:00,17697.880592363155,0.3431103149331178
2024-10-31 00:00:00,17702.366317469787,0.34294381892037695
2024-10-31 04:00:00,17740.486830588663,0.3415289053251269
2024-10-31 08:00:00,17549.268618540355,0.34862632416214107
2024-10-31 12:00:00,15884.392056111215,0.4104213077513755
2024-10-31 16:00:00,15884.392056111215,0.4104213077513755
2024-10-31 20:00:00,15884.392056111215,0.4104213077513755
2024-11-01 00:00:00,15884.392056111215,0.4104213077513755
2024-11-01 04:00:00,15884.392056111215,0.4104213077513755
2024-11-01 08:00:00,15884.392056111215,0.4104213077513755
2024-11-01 12:00:00,15884.392056111215,0.4104213077513755
2024-11-01 16:00:00,15884.392056111215,0.4104213077513755
2024-11-01 20:00:00,15884.392056111215,0.4104213077513755
2024-11-02 00:00:00,15884.392056111215,0.4104213077513755
2024-11-02 04:00:00,15884.392056111215,0.4104213077513755
2024-11-02 08:00:00,15884.392056111215,0.4104213077513755
2024-11-02 12:00:00,15884.392056111215,0.4104213077513755
2024-11-02 16:00:00,15884.392056111215,0.4104213077513755
2024-11-02 20:00:00,15884.392056111215,0.4104213077513755
2024-11-03 00:00:00,15884.392056111215,0.4104213077513755
2024-11-03 04:00:00,15884.392056111215,0.4104213077513755
2024-11-03 08:00:00,15884.392056111215,0.4104213077513755
2024-11-03 12:00:00,15884.392056111215,0.4104213077513755
2024-11-03 16:00:00,15884.392056111215,0.4104213077513755
2024-11-03 20:00:00,15884.392056111215,0.4104213077513755
2024-11-04 00:00:00,15884.392056111215,0.4104213077513755
2024-11-04 04:00:00,15884.392056111215,0.4104213077513755
2024-11-04 08:00:00,15884.392056111215,0.4104213077513755
2024-11-04 12:00:00,15884.392056111215,0.4104213077513755
2024-11-04 16:00:00,15884.392056111215,0.4104213077513755
2024-11-04 20:00:00,15884.392056111215,0.4104213077513755
2024-11-05 00:00:00,15884.392056111215,0.4104213077513755
2024-11-05 04:00:00,15884.392056111215,0.4104213077513755
2024-11-05 08:00:00,15884.392056111215,0.4104213077513755
2024-11-05 12:00:00,15884.392056111215,0.4104213077513755
2024-11-05 16:00:00,15884.392056111215,0.4104213077513755
2024-11-05 20:00:00,15884.392056111215,0.4104213077513755
2024-11-06 00:00:00,15884.392056111215,0.4104213077513755
2024-11-06 04:00:00,15417.595699056556,0.4277473209073417
2024-11-06 08:00:00,15868.138135884685,0.41102460216750547
2024-11-06 12:00:00,15881.119231146859,0.4105427847242195
2024-11-06 16:00:00,16643.890604006276,0.38223110953346995
2024-11-06 20:00:00,16518.092983510414,0.38690032169582045
2024-11-07 00:00:00,16256.083474501202,0.39662529090664556
2024-11-07 04:00:00,15987.37576010972,0.40659887644195697
2024-11-07 08:00:00,15975.76667470018,0.407029769193142
2024-11-07 12:00:00,17229.95115127939,0.36047838460580356
2024-11-07 16:00:00,17465.292337959494,0.3517432596740494
2024-11-07 20:00:00,17129.020552487975,0.36422461110494236
2024-11-08 00:00:00,17145.45596710308,0.3636145801877308
2024-11-08 04:00:00,17396.246621765014,0.35430601957795455
2024-11-08 08:00:00,17182.184986384975,0.3622513144688226
2024-11-08 12:00:00,17675.4215284927,0.3439439247722036
2024-11-08 16:00:00,18102.358069229813,0.328097382677815
2024-11-08 20:00:00,17900.940439999787,0.335573371813425
2024-11-09 00:00:00,17816.769643850672,0.33869752713166573
2024-11-09 04:00:00,18022.79500509925,0.33105051347033676
2024-11-09 08:00:00,17980.795083014644,0.3326094185294486
2024-11-09 12:00:00,17813.553994517915,0.33881688192482623
2024-11-09 16:00:00,17698.542886359854,0.3430857326622271
2024-11-09 20:00:00,18171.054362279905,0.32554759226243557
2024-11-10 00:00:00,18699.53023506363,0.3059322294043459
2024-11-10 04:00:00,21030.126221967366,0.2194278338149692
2024-11-10 08:00:00,21485.201658666203,0.2025368643717825
2024-11-10 12:00:00,21485.201658666203,0.2025368643717825
2024-11-10 16:00:00,21485.201658666203,0.2025368643717825
2024-11-10 20:00:00,21485.201658666203,0.2025368643717825
2024-11-11 00:00:00,21485.201658666203,0.2025368643717825
2024-11-11 04:00:00,21237.28802061582,0.21173863917034083
2024-11-11 08:00:00,21749.72322034247,0.19271865566390467
2024-11-11 12:00:00,22649.414935249915,0.15932492785686667
2024-11-11 16:00:00,22649.414935249915,0.15932492785686667
2024-11-11 20:00:00,22649.414935249915,0.15932492785686667
2024-11-12 00:00:00,22649.414935249915,0.15932492785686667
2024-11-12 04:00:00,23138.43466706629,0.14117405290051938
2024-11-12 08:00:00,22224.517530281755,0.17509578364259898
2024-11-12 12:00:00,21900.64207883268,0.1871170221289227
2024-11-12 16:00:00,21900.64207883268,0.1871170221289227
2024-11-12 20:00:00,21900.64207883268,0.1871170221289227
2024-11-13 00:00:00,21900.64207883268,0.1871170221289227
2024-11-13 04:00:00,22026.010885088876,0.18246372620294724
2024-11-13 08:00:00,22182.690889423782,0.17664825704737805
2024-11-13 12:00:00,24503.056314159843,0.09052358776055541
2024-11-13 16:00:00,24503.056314159843,0.09052358776055541
2024-11-13 20:00:00,24503.056314159843,0.09052358776055541
2024-11-14 00:00:00,24503.056314159843,0.09052358776055541
2024-11-14 04:00:00,24935.053112284975,0.07448922482148285
2024-11-14 08:00:00,25296.263268783943,0.06108223946483209
2024-11-14 12:00:00,23452.407462221177,0.12952036988166904
2024-11-14 16:00:00,23452.407462221177,0.12952036988166904
2024-11-14 20:00:00,23452.407462221177,0.12952036988166904
2024-11-15 00:00:00,23452.407462221177,0.12952036988166904
2024-11-15 04:00:00,23452.407462221177,0.12952036988166904
2024-11-15 08:00:00,23452.407462221177,0.12952036988166904
2024-11-15 12:00:00,23452.407462221177,0.12952036988166904
2024-11-15 16:00:00,23452.407462221177,0.12952036988166904
2024-11-15 20:00:00,23452.407462221177,0.12952036988166904
2024-11-16 00:00:00,23452.407462221177,0.12952036988166904
2024-11-16 04:00:00,23452.407462221177,0.12952036988166904
2024-11-16 08:00:00,23452.407462221177,0.12952036988166904
2024-11-16 12:00:00,23452.407462221177,0.12952036988166904
2024-11-16 16:00:00,23452.407462221177,0.12952036988166904
2024-11-16 20:00:00,23452.407462221177,0.12952036988166904
2024-11-17 00:00:00,23452.407462221177,0.12952036988166904
2024-11-17 04:00:00,23452.407462221177,0.12952036988166904
2024-11-17 08:00:00,23452.407462221177,0.12952036988166904
2024-11-17 12:00:00,23452.407462221177,0.12952036988166904
2024-11-17 16:00:00,23452.407462221177,0.12952036988166904
2024-11-17 20:00:00,23452.407462221177,0.12952036988166904
2024-11-18 00:00:00,23452.407462221177,0.12952036988166904
2024-11-18 04:00:00,23959.62319647184,0.11069411652358854
2024-11-18 08:00:00,23237.218358432794,0.13750751285506962
2024-11-18 12:00:00,24254.400356216487,0.09975291513967097
2024-11-18 16:00:00,23403.748497176548,0.1313264376792809
2024-11-18 20:00:00,23331.64107626044,0.13400283843638666
2024-11-19 00:00:00,23813.58490415169,0.1161145987869441
2024-11-19 04:00:00,23909.57279742578,0.11255182997663475
2024-11-19 08:00:00,23925.55937840775,0.1119584583527424
2024-11-19 12:00:00,24295.53263133995,0.09822621440785596
2024-11-19 16:00:00,24640.237577163512,0.08543185057873477
2024-11-19 20:00:00,24640.237577163512,0.08543185057873477
2024-11-20 00:00:00,24640.237577163512,0.08543185057873477
2024-11-20 04:00:00,24640.237577163512,0.08543185057873477
2024-11-20 08:00:00,24640.237577163512,0.08543185057873477
2024-11-20 12:00:00,24640.237577163512,0.08543185057873477
2024-11-20 16:00:00,24640.237577163512,0.08543185057873477
2024-11-20 20:00:00,24640.237577163512,0.08543185057873477
2024-11-21 00:00:00,24640.237577163512,0.08543185057873477
2024-11-21 04:00:00,25193.353889056067,0.06490191209100199
2024-11-21 08:00:00,25654.982707374806,0.047767701726058924
2024-11-21 12:00:00,25654.982707374806,0.047767701726058924
2024-11-21 16:00:00,25654.982707374806,0.047767701726058924
2024-11-21 20:00:00,25654.982707374806,0.047767701726058924
2024-11-22 00:00:00,25654.982707374806,0.047767701726058924
2024-11-22 04:00:00,25838.84838938501,0.040943185687544785
2024-11-22 08:00:00,25687.16978500518,0.04657301860129185
2024-11-22 12:00:00,25583.96135140949,0.0504037911668031
2024-11-22 16:00:00,25791.812730071142,0.04268900148013931
2024-11-22 20:00:00,25697.923310416823,0.04617388154732946
2024-11-23 00:00:00,25585.238792944874,0.050356376553313584
2024-11-23 04:00:00,25459.75439895134,0.05501396273268869
2024-11-23 08:00:00,25328.856419120915,0.05987248419789749
2024-11-23 12:00:00,25298.82738222856,0.06098706763539641
2024-11-23 16:00:00,24402.797203955783,0.0942448907145063
2024-11-23 20:00:00,24571.15380724291,0.08799602291731182
2024-11-24 00:00:00,25098.806404718638,0.06841121745025949
2024-11-24 04:00:00,25329.712651301976,0.05984070355134913
2024-11-24 08:00:00,24079.79006732493,0.10623390008477822
2024-11-24 12:00:00,24079.79006732493,0.10623390008477822
2024-11-24 16:00:00,24079.79006732493,0.10623390008477822
2024-11-24 20:00:00,24079.79006732493,0.10623390008477822
2024-11-25 00:00:00,24079.79006732493,0.10623390008477822
2024-11-25 04:00:00,24079.79006732493,0.10623390008477822
2024-11-25 08:00:00,24079.79006732493,0.10623390008477822
2024-11-25 12:00:00,24079.79006732493,0.10623390008477822
2024-11-25 16:00:00,24079.79006732493,0.10623390008477822
2024-11-25 20:00:00,24079.79006732493,0.10623390008477822
2024-11-26 00:00:00,24079.79006732493,0.10623390008477822
2024-11-26 04:00:00,24079.79006732493,0.10623390008477822
2024-11-26 08:00:00,24079.79006732493,0.10623390008477822
2024-11-26 12:00:00,24079.79006732493,0.10623390008477822
2024-11-26 16:00:00,24079.79006732493,0.10623390008477822
2024-11-26 20:00:00,24079.79006732493,0.10623390008477822
2024-11-27 00:00:00,24079.79006732493,0.10623390008477822
2024-11-27 04:00:00,24079.79006732493,0.10623390008477822
2024-11-27 08:00:00,24079.79006732493,0.10623390008477822
2024-11-27 12:00:00,24079.79006732493,0.10623390008477822
2024-11-27 16:00:00,24079.79006732493,0.10623390008477822
2024-11-27 20:00:00,24079.79006732493,0.10623390008477822
2024-11-28 00:00:00,24079.79006732493,0.10623390008477822
2024-11-28 04:00:00,24079.79006732493,0.10623390008477822
2024-11-28 08:00:00,24079.79006732493,0.10623390008477822
2024-11-28 12:00:00,24079.79006732493,0.10623390008477822
2024-11-28 16:00:00,24079.79006732493,0.10623390008477822
2024-11-28 20:00:00,24079.79006732493,0.10623390008477822
2024-11-29 00:00:00,24079.79006732493,0.10623390008477822
2024-11-29 04:00:00,23589.40142007978,0.12443558487794186
2024-11-29 08:00:00,24395.811791616554,0.0945041672582501
2024-11-29 12:00:00,24786.579340173234,0.0800001044375008
2024-11-29 16:00:00,24441.685772376073,0.09280146932125034
2024-11-29 20:00:00,24506.802749069,0.09038453187560037
2024-11-30 00:00:00,24096.791070047413,0.10560287631524215
2024-11-30 04:00:00,24168.45170580236,0.10294305881861648
2024-11-30 08:00:00,23910.73711389198,0.11250861421004564
2024-11-30 12:00:00,24099.426481653478,0.10550505812221646
2024-11-30 16:00:00,24286.541424627227,0.0985599397324827
2024-11-30 20:00:00,23980.674851569824,0.10991274527321301
2024-12-01 00:00:00,23945.03343956,0.11123564242964284
